a87748e6d3c92f48baa051e95b6cab0a5b277053d65df5f7fd7d5842c36fef9b	6148	F	0644	.DS_Store
ca76bf15d60b41f0d410da2f534f5dd623d3b45e8eac12683460ffb8a8db3d67	143	F	0644	.playwright-mcp/console-2026-07-22T07-53-21-525Z.log
675c34ae7c9e5a5212935b543915c01537008333dd30d2fb0d5c0f5a4935cbaa	143	F	0644	.playwright-mcp/console-2026-07-23T08-07-57-259Z.log
894e9dfc0429c316cb4421a2b832f1684ef3529b125c3860d4d52161502c924a	143	F	0644	.playwright-mcp/console-2026-07-23T16-30-07-536Z.log
79e15acd5acaa8aa914834a3bb87079fa51bafd9c7bc114d9385e0750c779b57	143	F	0644	.playwright-mcp/console-2026-07-23T17-01-11-729Z.log
4e1e1a2003222bd7c879c3cb0b8a6da5ce13bb0604d2f153af37c1bf9623edbc	143	F	0644	.playwright-mcp/console-2026-07-24T03-03-20-615Z.log
0a5df66f7c08da70f38f6fedb23962e0ffd9b027bd5d108a2907d6e5c09ea912	6622	F	0644	.playwright-mcp/page-2026-07-23T08-07-57-396Z.yml
5cc70acfb3df470e4e7c568cb558765fab13b537bf4b8d02a5d23917bd0cba58	6610	F	0644	.playwright-mcp/page-2026-07-23T08-08-12-500Z.yml
96749c7420dcceb291291ad49672c6d054355b8bb7e329fdedbcf45ae24c9b9a	4235	F	0644	.playwright-mcp/page-2026-07-23T08-09-06-119Z.yml
08ac66db80fc9822c137da6ada964cfe1f93df426274fa65948bf64d5b0d2ec0	7088	F	0644	.playwright-mcp/page-2026-07-23T16-30-09-685Z.yml
927efb44c764fc7184f93f64e2ff0461323eead55b8f7ceec7d094b2c8dd8862	7140	F	0644	.playwright-mcp/page-2026-07-23T17-01-11-958Z.yml
4f7f174e41eb2f9b3e2081460437c9b58e802d86c349dd9ce4ee88becd3df912	7680	F	0644	.playwright-mcp/page-2026-07-24T03-03-20-752Z.yml
e76f41d54084c80d7dcc39d09d44bcd764ae9358c6384a2be393b158301e8aa2	6408	F	0644	.playwright-mcp/page-2026-07-24T03-04-40-230Z.yml
cca295e403a4c28d24ebc90ee02ebd2247d78b055720980772b0aa61062c491f	1952	F	0644	.playwright-mcp/page-2026-07-26T05-44-55-870Z.yml
d615aefea8842c7771b5711b254494762ffe8a82a02ba28690d77851e7709139	2348	F	0644	AGENTS.md
f316d64262c089f0e42ccd5503436d40feb560b3ab58932f322a910720eda514	679	F	0644	archive/2026-07-22-pre-rewrite/archive/README.md
54d9075d0d021497cf468173f1f4fd92cd43aa86b5d8bd9547040acb92eb64a2	36144	F	0644	archive/2026-07-22-pre-rewrite/archive/voice-agent-orchestrator.cursor.md
ddebee37eed68ab3a3c48450cf601bdd06618aaa231d5b25f1b1e8b17bdfcac0	942314	F	0644	archive/2026-07-22-pre-rewrite/assets/brand/monogram-exploration/saydo-sd-direction-01-figure-ground.png
8f2b8d447a8ec49fe4ea6500c79ec2450e81608e967df586e81ceae7ac9345cd	892652	F	0644	archive/2026-07-22-pre-rewrite/assets/brand/monogram-exploration/saydo-sd-direction-02-interlock.png
6d78b1de029bd5d130cde34a5a598b0cf5cab60b9fd9966c410e07951fa0e928	966396	F	0644	archive/2026-07-22-pre-rewrite/assets/brand/monogram-exploration/saydo-sd-direction-03-optical.png
24de1eafe7296c56fe5d334ef170b8ff0fe13afa5217c7b0e471b4b26c1d98ac	925781	F	0644	archive/2026-07-22-pre-rewrite/assets/brand/monogram-exploration/saydo-sd-direction-04-modular.png
c8064696c1be340c99f48439cf05f5741f8a1f7ce7332011b595a5202d71f2a6	867532	F	0644	archive/2026-07-22-pre-rewrite/assets/brand/monogram-exploration/saydo-sd-direction-05-organic.png
3ffc1e47c25c4c30575ff4cef02ecefd8f252eb99660a103c4233715a55b62f0	1984	F	0644	archive/2026-07-22-pre-rewrite/assets/brand/README.md
2cee20ca7a5d7ce3da79005160a049049cd81cb748a8fa11e63342b7e20d8aa9	920562	F	0644	archive/2026-07-22-pre-rewrite/assets/brand/saydo-app-icon-v1.png
b0d214c6200a115bbad4a7147e327ee9406399f7d1142edce3dcced4702f699c	1146124	F	0644	archive/2026-07-22-pre-rewrite/assets/brand/saydo-hero-v1.png
f76fad214e80c04a91d784c76f39258b705c502eba1cedfb7ca68936c520dad0	825035	F	0644	archive/2026-07-22-pre-rewrite/assets/brand/saydo-lockup-v1.png
5d6c5f3cf28f01f8a11a58e232b41986400873cb47ec7164fb99fca2a04402f3	265285	F	0644	archive/2026-07-22-pre-rewrite/assets/brand/saydo-mark-v1-transparent.png
1a12565afad27c1513e11ff8bbe8d31d52e8333e182ffde6381b883d43eeeeb9	859847	F	0644	archive/2026-07-22-pre-rewrite/assets/brand/saydo-mark-v1.png
33b0be3f7c24c901e68cba3c3c452c6b7db4458a71901d6813f89be51e5226a0	1423670	F	0644	archive/2026-07-22-pre-rewrite/assets/brand/saydo-social-cover-v1.png
a38604f6a43d2bc3e7ce201c244da48e59d58309557e43bb27ebf2b9cfacdeb3	1585642	F	0644	archive/2026-07-22-pre-rewrite/assets/brand/saydo-vertical-poster-v1.png
6c2c1f4883f971839c25cb8536d71a9f1c221e216fb3b90ff708f2416620d5e7	44946	F	0644	archive/2026-07-22-pre-rewrite/business-flows.html
a2f264117522afc318b5d2118a6e408fbfb2359e27bd9dfba31f1359083ae115	15717	F	0644	archive/2026-07-22-pre-rewrite/business-flows.md
c5ebeec4501bb3051e6c40e142ee6a2ca7e5272b31ac4e62eb8e6fd5d33de08e	86090	F	0644	archive/2026-07-22-pre-rewrite/codex-findings/01-architecture-redteam.md
9f3bba63c5316c85ec00cd55d8bff1d6456d5447bb209b3ee77619a3a08dfad5	68098	F	0644	archive/2026-07-22-pre-rewrite/codex-findings/02-hopper-integration.md
9adbee74bec7fb88ae15bc8a9527bb2e7b414c8858e1964eb05867cfe737959d	98050	F	0644	archive/2026-07-22-pre-rewrite/codex-findings/03-voice-memory-tech.md
fefca1b32e4077293780a4e7a992f8c9f5a6b8b2fff5dda05c8f8334a8ae5ab1	57167	F	0644	archive/2026-07-22-pre-rewrite/codex-findings/04-interaction-product.md
b3db64eaf4d449e3cadacb3c2a0709ca38f21dd0a4c4655bd5e1c9e9b4008611	1623529	F	0644	archive/2026-07-22-pre-rewrite/codex-findings/logs/01.log
9e3243f4a6fc86990ae8b7e65b7bd9d9f9d40bcd2327b45ae4e8795eedecf648	4858761	F	0644	archive/2026-07-22-pre-rewrite/codex-findings/logs/02.log
830f64b96bc3ce4af2b97b8c91114af2eaf1f2750c5235b4d165863c2bebc058	3551266	F	0644	archive/2026-07-22-pre-rewrite/codex-findings/logs/03.log
90b85e9b4ba92dee62a6f0329eb762b472e772b9a6c8b94b29050582c1ff5a75	876140	F	0644	archive/2026-07-22-pre-rewrite/codex-findings/logs/04.log
810cfa059bb3c958f13fcdc79288baf7e903ea4435ea3f7e45e6fa8e82e434e6	15774	F	0644	archive/2026-07-22-pre-rewrite/codex-findings/octodesk-mobile.md
d65ce1bc7f90af620f5453943f9f1e35ff93dfe58b30671a0077758949c2eaf4	2914	F	0644	archive/2026-07-22-pre-rewrite/codex-findings/prompts/01-architecture-redteam.md
a0698e09dff46ebda47d6fff6f7c7d4b600b1d773c0030538df50cc5829d29f2	3011	F	0644	archive/2026-07-22-pre-rewrite/codex-findings/prompts/02-hopper-integration.md
5001578cf300463d4b82dfc9e7d70af01c4baee3e1f18c330ca7698226bfaccc	2741	F	0644	archive/2026-07-22-pre-rewrite/codex-findings/prompts/03-voice-memory-tech.md
687469a7aa528a0303b2044a1a3f19fc5068046701009a537b1ce005c772c126	2724	F	0644	archive/2026-07-22-pre-rewrite/codex-findings/prompts/04-interaction-product.md
5d1340ae826336fd212ce4223faf7b192586afbfe15faa5dea98c5cf030f8af9	13098	F	0644	archive/2026-07-22-pre-rewrite/competitive-scan-2026-07.md
fcb9eb88e5864129c6baa7bca926e36eb49ebf50e381e6c1cb8f416af39d28d4	12259	F	0644	archive/2026-07-22-pre-rewrite/ecosystem-analysis-and-fusion.md
260f16e6a83c784c03d01788637d8e54d5d1dd2299f86f4403c5e381d3c65072	9781	F	0644	archive/2026-07-22-pre-rewrite/local-projects-borrowing-assessment.md
de1b25754280292b9bc9f29bfa8906f0ab6c1463ae35606b9b722ecabfeebadd	11720	F	0644	archive/2026-07-22-pre-rewrite/mobile-desktop-connectivity.md
e69206462cba27aad783da10a3a4a34e84cadb2b3b593626df16c4e698da67a4	13715	F	0644	archive/2026-07-22-pre-rewrite/open-source-stack.md
5a2008e1085be21f27e913f07af50d540f4ae1e10f1eaee34b6854775745c6d3	27612	F	0644	archive/2026-07-22-pre-rewrite/PROCESS-JOURNAL.md
652a507ce32c867de621087d0fd613a370c7cd228f41cf8b2d066b948bdeb8ea	5163	F	0644	archive/2026-07-22-pre-rewrite/README.md
659711ed11302f60f5913ea97b475c08d8b68f1444b89f681e2afdc495082106	3611	F	0644	archive/2026-07-22-pre-rewrite/scenarios/cross-cutting-artifact-persistence.md
0ff2c52cf89734592a9f670f07be837b7484af0f24eef431c36d1d08638ddb1c	8316	F	0644	archive/2026-07-22-pre-rewrite/scenarios/cross-cutting-context-memory.md
c423e0cb977a24e3bdd2f2b8ac53bfe5d07309358c549828bc254f31b249e57a	5458	F	0644	archive/2026-07-22-pre-rewrite/scenarios/cross-cutting-convergence-and-templates.md
4d0607216ff344ed38b8c4b9aaafc9f71c0503e304ca42cd2039ef7821df8f15	6416	F	0644	archive/2026-07-22-pre-rewrite/scenarios/design-philosophy-conversation-over-instruction.md
4f31f7fc305158cd710e3eab475453ee4949d507ac4bdfe80ccdddbd3232ccb8	2449	F	0644	archive/2026-07-22-pre-rewrite/scenarios/README.md
2628b4f723444b685e9ca88a2b5ea1f01bd6a1b5710cbc4cc8037005596ee100	2526	F	0644	archive/2026-07-22-pre-rewrite/scenarios/scenario-1-engineer-direct.md
dc80c91203d2b473d46735e7cc6ec9ea6fec48c4a9af237130c8e57afe9dda1f	3788	F	0644	archive/2026-07-22-pre-rewrite/scenarios/scenario-2-ceo-to-docs-to-impl.md
b114a2285631e6623f097965fe34ca16754e68f2e403c035106d6c46858df4e1	3675	F	0644	archive/2026-07-22-pre-rewrite/scenarios/scenario-3-non-dev-projects.md
69397fa2f82f27c148a863e58bb6253acc4362761a303b15988fb5a32077bf18	124986	F	0644	archive/2026-07-22-pre-rewrite/voice-coding-framework.Cursor2.md
df39e87ca9f0bb3f79225eb4ef273b380f1f2cac996befce9218bb15324b58a3	1190	F	0644	archive/README.md
54d9075d0d021497cf468173f1f4fd92cd43aa86b5d8bd9547040acb92eb64a2	36144	F	0644	archive/voice-agent-orchestrator.cursor.md
ddebee37eed68ab3a3c48450cf601bdd06618aaa231d5b25f1b1e8b17bdfcac0	942314	F	0644	assets/brand/monogram-exploration/saydo-sd-direction-01-figure-ground.png
8f2b8d447a8ec49fe4ea6500c79ec2450e81608e967df586e81ceae7ac9345cd	892652	F	0644	assets/brand/monogram-exploration/saydo-sd-direction-02-interlock.png
6d78b1de029bd5d130cde34a5a598b0cf5cab60b9fd9966c410e07951fa0e928	966396	F	0644	assets/brand/monogram-exploration/saydo-sd-direction-03-optical.png
24de1eafe7296c56fe5d334ef170b8ff0fe13afa5217c7b0e471b4b26c1d98ac	925781	F	0644	assets/brand/monogram-exploration/saydo-sd-direction-04-modular.png
c8064696c1be340c99f48439cf05f5741f8a1f7ce7332011b595a5202d71f2a6	867532	F	0644	assets/brand/monogram-exploration/saydo-sd-direction-05-organic.png
3ffc1e47c25c4c30575ff4cef02ecefd8f252eb99660a103c4233715a55b62f0	1984	F	0644	assets/brand/README.md
2cee20ca7a5d7ce3da79005160a049049cd81cb748a8fa11e63342b7e20d8aa9	920562	F	0644	assets/brand/saydo-app-icon-v1.png
b0d214c6200a115bbad4a7147e327ee9406399f7d1142edce3dcced4702f699c	1146124	F	0644	assets/brand/saydo-hero-v1.png
f76fad214e80c04a91d784c76f39258b705c502eba1cedfb7ca68936c520dad0	825035	F	0644	assets/brand/saydo-lockup-v1.png
5d6c5f3cf28f01f8a11a58e232b41986400873cb47ec7164fb99fca2a04402f3	265285	F	0644	assets/brand/saydo-mark-v1-transparent.png
1a12565afad27c1513e11ff8bbe8d31d52e8333e182ffde6381b883d43eeeeb9	859847	F	0644	assets/brand/saydo-mark-v1.png
33b0be3f7c24c901e68cba3c3c452c6b7db4458a71901d6813f89be51e5226a0	1423670	F	0644	assets/brand/saydo-social-cover-v1.png
a38604f6a43d2bc3e7ce201c244da48e59d58309557e43bb27ebf2b9cfacdeb3	1585642	F	0644	assets/brand/saydo-vertical-poster-v1.png
472678c0a5be6b5dc0c09d78eef7285584cf544d42c4d2efaab3b9a617193a64	65614	F	0644	demo/saydo-console-demo-atelier.html
31c8166025c38f690730dfac6024ca812cda5cbb1b539aa5e40a178cfef75969	76828	F	0644	demo/saydo-console-demo.html
3c40ac075138199ccba17cf4de636387fd9dc100db660c04943fd234d0c43bbe	8708	F	0644	docs/01-vision-and-problem.md
dc566f7d30e115569501aeea6460c50f08cf59d8f0734311ad91549a4305fdb5	18400	F	0644	docs/02-product-definition.md
9a52c34de07988de0f18c1bc7910bdbcb001332a2b5b3a5b2696ae6a8cf5ca3c	19250	F	0644	docs/03-architecture.md
36b625246c4959bbe61382e210f2ffd3b76c1e940f260ce5729cf4c2f1054dc5	35407	F	0644	docs/04-key-mechanisms.md
b0fa6de7f649598762c972e260de0e8599815414fe5b3007e6ad8df740dff0fe	21731	F	0644	docs/05-roadmap.md
d1df78390ab1ee808ec588d27308d85a793a7b7e1a24d24f78bb37dc601d44a0	17463	F	0644	docs/06-references.md
78f782f9fbb9f90c38c6576f619f8c5861d4951e19fc8aabf0455da385798162	35340	F	0644	docs/07-tech-stack-decisions.md
e5284699504b39145d50864585dff73ed6aaf30fde57115070a9ae24b4907044	21293	F	0644	docs/08-module-design.md
4c4a6fdcc54a1e4fe21f966a93e66a7b7797d41843d4d291c042b3938ad79591	171892	F	0644	docs/09-data-contracts.md
7ac4c502c1245c7a192dce5ade099f4a3272ab6d33aa948561058550c582e3f8	26238	F	0644	docs/10-voice-ux-spec.md
df73cf8d16d0bcd06f893779bdfa309cd8af64bbed86c3b5c3dd9463bdfc3a60	26126	F	0644	docs/11-ui-spec.md
b610260f5ce475a66118bf0f2571b769863f9d7cacb9edd6845c64ef5bb3e0e1	14652	F	0644	docs/adr/ADR-001-execution-layer.md
ca2cbb788f28e8428d82f719a839aadec98e0e35d55aa77114749db0c05cc7f1	15005	F	0644	docs/hopper-side-feedback-for-saydo.cursor.md
a9dcf47b6136cffabe8cbdb0f344c59e80e6afaf56f785b3a0f56902a074faee	11246	F	0644	docs/modules/a-dialogue.md
2f1ebd0057cb32b53625820e0acbeee225712feaf491fdf2225d6c32eb77e10a	7415	F	0644	docs/modules/b-memory.md
903988f51bfc3f20b1a36a0d6d997fbf7902a3b8f0243f269affd06d6a2f8fcf	11942	F	0644	docs/modules/c-control-bridge.md
06c83124d6622133ea61bcd29c1817b3db811914c580c2f7a1a4b5b9f44ff7de	3434	F	0644	docs/modules/d-presentation.md
1c7d1e768ed8cf379edd7316567b026c53c93f31757008391fca24058b90b28c	4650	F	0644	docs/modules/e-crosscutting.md
3c40ac075138199ccba17cf4de636387fd9dc100db660c04943fd234d0c43bbe	8708	F	0644	docs.bak-r-a-20260727/01-vision-and-problem.md
2ba2f87749ef6cace3d7234125280814548c2e8e6f3c4aa0be1e32b8947e7c24	17674	F	0644	docs.bak-r-a-20260727/02-product-definition.md
6ca11da29fce98e2e3d335a105b30768bc07f24d17a898438dac9360ca6b04a2	18955	F	0644	docs.bak-r-a-20260727/03-architecture.md
cfeb4e5dcf4b5c9fc91feb0e6205dc510b4317700bfde99794c4e2ef63582474	34473	F	0644	docs.bak-r-a-20260727/04-key-mechanisms.md
9d4772a9312cc8234c33136fb5d678f5a3566d84b04ac9770855a77ab608d733	21326	F	0644	docs.bak-r-a-20260727/05-roadmap.md
cfdc50a558d64d1bc85b7b73d2f7859c22834ef664ffe94a38fa4bb086fc55a2	14551	F	0644	docs.bak-r-a-20260727/06-references.md
e44a9ed934da43d653c78c572d107a2fd19883481a8b3f507a462024ab83c77f	35194	F	0644	docs.bak-r-a-20260727/07-tech-stack-decisions.md
e5284699504b39145d50864585dff73ed6aaf30fde57115070a9ae24b4907044	21293	F	0644	docs.bak-r-a-20260727/08-module-design.md
5a7b6106f769c9fff2730f521db85e4e496e5e4736755b6eb5142e3189524e7e	127583	F	0644	docs.bak-r-a-20260727/09-data-contracts.md
1477ef84f32b11e198395c993fadc8c1cda2525672675e5602aedad311f097c4	23372	F	0644	docs.bak-r-a-20260727/10-voice-ux-spec.md
ffd5fcaf3f8cdb6c72accf3cbb1e7f720ce1021ea8d31c0e2e5dc44f3cc56d8e	22799	F	0644	docs.bak-r-a-20260727/11-ui-spec.md
34a4ad0b71a31693305f80cba058a30feefc5899574933a4fb532f86c453777c	14364	F	0644	docs.bak-r-a-20260727/adr/ADR-001-execution-layer.md
ca2cbb788f28e8428d82f719a839aadec98e0e35d55aa77114749db0c05cc7f1	15005	F	0644	docs.bak-r-a-20260727/hopper-side-feedback-for-saydo.cursor.md
11c7ab64521e38977940bdd1449d9a2b4c7a62eac3e643aa2bcd760055c8dc9d	10112	F	0644	docs.bak-r-a-20260727/modules/a-dialogue.md
998b17d9fef8e6ca8bc2d27739f2957701548f6f84a61848925fb63220c4f059	6912	F	0644	docs.bak-r-a-20260727/modules/b-memory.md
4f83b15f8325369e1b8a8fae68a12a717c7bd14fd391946045e54767281f4c8b	11564	F	0644	docs.bak-r-a-20260727/modules/c-control-bridge.md
375f89f6c1cc9756e94e12ef7508896bc2c6b15faf6cff3e5fcc61f6a3e5c125	3315	F	0644	docs.bak-r-a-20260727/modules/d-presentation.md
1c7d1e768ed8cf379edd7316567b026c53c93f31757008391fca24058b90b28c	4650	F	0644	docs.bak-r-a-20260727/modules/e-crosscutting.md
6f3ea0d408e0fd29c8cf443738288657cca46d4ef8f31708be15f46bad106e3c	174497	F	0644	history/PROCESS-JOURNAL.md
60bfa94610d0195485e01b54775c476600e83235a81f85e7f3825ddff66d7261	801	F	0644	history/README.md
659711ed11302f60f5913ea97b475c08d8b68f1444b89f681e2afdc495082106	3611	F	0644	history/scenarios/cross-cutting-artifact-persistence.md
0ff2c52cf89734592a9f670f07be837b7484af0f24eef431c36d1d08638ddb1c	8316	F	0644	history/scenarios/cross-cutting-context-memory.md
c423e0cb977a24e3bdd2f2b8ac53bfe5d07309358c549828bc254f31b249e57a	5458	F	0644	history/scenarios/cross-cutting-convergence-and-templates.md
4d0607216ff344ed38b8c4b9aaafc9f71c0503e304ca42cd2039ef7821df8f15	6416	F	0644	history/scenarios/design-philosophy-conversation-over-instruction.md
4f31f7fc305158cd710e3eab475453ee4949d507ac4bdfe80ccdddbd3232ccb8	2449	F	0644	history/scenarios/README.md
2628b4f723444b685e9ca88a2b5ea1f01bd6a1b5710cbc4cc8037005596ee100	2526	F	0644	history/scenarios/scenario-1-engineer-direct.md
dc80c91203d2b473d46735e7cc6ec9ea6fec48c4a9af237130c8e57afe9dda1f	3788	F	0644	history/scenarios/scenario-2-ceo-to-docs-to-impl.md
b114a2285631e6623f097965fe34ca16754e68f2e403c035106d6c46858df4e1	3675	F	0644	history/scenarios/scenario-3-non-dev-projects.md
69397fa2f82f27c148a863e58bb6253acc4362761a303b15988fb5a32077bf18	124986	F	0644	history/voice-coding-framework.Cursor2.md
b7d058564c8b76d5e92c17dfdbf3e65dc67021c9eddd31ec9712b0aa80178f0b	12171	F	0644	IMPL-PROMPT-2-CLOSEOUT.md
922dfe606ca568498d1faf7e15058f9cec81e50fd7f545c4070054980879a065	5675	F	0644	IMPL-PROMPT-3-WIRING.md
84c600d0418f3f0374b6f688593bc94fb5bc3c3c09daa2a89ba4fdc4ac06e42b	6087	F	0644	IMPL-PROMPT-4-EXECUTOR.md
245f88aa5f46b84300eaf1c2949599963ce5e676f70cf8a22c1417749fac00fd	10687	F	0644	IMPL-PROMPT-5-PULLFORWARD.md
9cf40db20833f9bc136ad9e361df3b8ef9c02c065b4d3257913fc7b2856308ac	5750	F	0644	IMPL-PROMPT-6-W1.md
4f161afd03140f0d7d9ef8c99af869facd6f080ebfba23efd82ecda9ff6398ed	8590	F	0644	IMPL-PROMPT-7-W5A.md
8660737c33be30ba2a5f7335a7cda91e6b57ca5a0f5d865a922eab9c0af665af	12307	F	0644	IMPL-PROMPT-8-W4.md
6add0b3a62240ad229ebb7cf5a706dfe34c479b3ea0ed92812db2c7720222cc6	11268	F	0644	IMPL-PROMPT.md
387abdd358d461144ef705104885636cf8982dadca61d036d8a30d5d341b2f73	32662	F	0644	IMPLEMENTATION-PLAN-2.md
02130026a60cfc5cf1afb3bca32dd7e8ee62aa148564f3b75601ff5285a4a883	47144	F	0644	IMPLEMENTATION-PLAN.md
2446ed8eae2abbb375682403e79a2b37bb6afd3a02438877b5099d295361ab16	8068976	F	0644	logs/16-wiring-batch-writeback.log
461ede806c28878ddb72cf3c8d8d0ed40774ff73239bbdd123d4a16a72ba3c8e	3947511	F	0644	logs/17-repo-merge-proposal.log
f5a63f510a9e2cd248439b3b93a5adc295d89e2d0368e4741b44870f828da4db	228	F	0644	logs/18-writing-flow-codex-review-bypass.log
f5a63f510a9e2cd248439b3b93a5adc295d89e2d0368e4741b44870f828da4db	228	F	0644	logs/18-writing-flow-codex-review-ephemeral.log
757beade98082e4cc92054f1bdb97ce08ba79d4bca9a45b65d33885b5db61024	3878	F	0644	logs/18-writing-flow-codex-review-temp-home.log
f5a63f510a9e2cd248439b3b93a5adc295d89e2d0368e4741b44870f828da4db	228	F	0644	logs/18-writing-flow-codex-review.log
a78c9386fe3a6f93aa74b47bb3e9ef2cbe0fc4f318df6d4abddad71ce9918725	2074901	F	0644	logs/18-writing-flow-review.log
50bb018d09c044cfefdbacbdaaed1e767c65460eb8438ec96cc8e87024101c12	3359772	F	0644	logs/19-plan2-review.log
bbc134eeae74a5a46fb3d64f91c955b1f8c66cda80c3086bd11fe4f3ff2bfcbb	13655687	F	0644	logs/19-tier1-executor-batch.log
ff2b3e37be5e6111c497a4f0e25615521cf1f7d1820d0f1533bedaa8d92b3a60	2045213	F	0644	logs/21-ra-contract-review.log
ceced91f046135ed40a88e7128b822580324d262469bb9a624979bff74bd63c0	2845	F	0644	logs/22-ra-verification-completion.attempt1.log
d1bfdb6b5d883fa0016c270875fc8a2ba76bce1cc167aae8e7a6f37a9eba33a4	226265	F	0644	logs/22-ra-verification-completion.attempt2.log
5eddfa7c3c89cce1a239075503105339c854115d50b5f3b407c244537a8ed010	18985715	F	0644	logs/22-ra-verification-completion.log
b113596d91be8c35f10474d59c3846ac0dabdb7b78eb5111bd6b0737b46636c8	642	F	0644	logs/22-retry.log
b6d8f06ac2b3ace079fc5b5c985ad14e9d3c8921ec8a3a83d847cc6034523fbe	1445472	F	0644	logs/codex-23-a3-review.log
dff5d0f87cd9583277194f024c61a627e8148da2055a51a4b02dd6c46644f657	2094	F	0644	prompts/12-canonical-writeback-batch1.md
912ad3fc29ca25e564737c06d9f70efa9a1824f1a5da552c02cbc48fa90775c1	2728	F	0644	prompts/16-wiring-batch-writeback.md
e494e770e0c7b3f9d9595725ba47adef442dbf41044b6cd36564ccd6e0a81b57	2662	F	0644	prompts/17-repo-merge-proposal.md
dd018d9b84af338722053ef3ec92dce9b1264f8496b51df8e5e7b02ccf6b1d69	1615	F	0644	prompts/18-writing-flow-codex-review.md
e4ca6bca4d259398238f22ab65d139e304fb95182d9d39f082865db1e59a2b8c	3246	F	0644	prompts/18-writing-flow-review.md
43f4984394194ef160fb4abfeedf30a55c22ce25fbf962d330282e2595436fe8	2380	F	0644	prompts/19-plan2-review.md
2b52b4fd7bf11e1e89ce46bd594dc0a749fef3c32c9632c879c1447b51d2feec	5776	F	0644	prompts/19-tier1-executor-batch.md
96b6ee22459fdd4be43fa27b62e9120ea21adb63292b611ec9b41389a6da1164	4452	F	0644	prompts/21-ra-contract-review.md
8e084fd6d3d9b8ae6c045764e7623275f72db73f70df107da05261d52dc53ead	3815	F	0644	prompts/22-ra-verification-completion.md
4e8861a95b0e157d3a3fde64108b3dcee456b42026d1c2e7a91af556b5adb947	2314	F	0644	prompts/23-a3-armed-design-review.md
d43b1b171adbf4a1de3f04e5107b59612935c42fd74ee94cecd7a1a65d09e738	7297	F	0644	README.md
2421e13b9224bce7406d0d96054ab616bebd74a8df32c7177f74e70ea20607ea	21052	F	0644	REPO-MERGE-PROPOSAL.md
6c7fa25269878cfcc878ef039f57c5a1a91e3f0f6b301c2dae152a69966cbe89	13174	F	0644	research/2026-07-25-saydo-closeout-impl-readback.fable.md
0bfd3a43a1f3517719664f073fd0ac31af1cbc5161a099f4f0ac1c83fba055c9	10679	F	0644	research/2026-07-25-saydo-wiring-impl-readback.fable.md
5fd26fbe97c6d70680eb30079b89fb65151cb40064aedac026cb70f11b08bdb8	10257	F	0644	research/2026-07-26-saydo-executor-impl-readback.fable.md
16b076d2df25cc6c8d387cd76eaf178bb3bf53bcce8c73f19ef6d1126cc1f5b8	5499	F	0644	research/2026-07-26-saydo-w1-impl-readback.fable.md
4be2f335d7c53fc81e3876c73c1949af26effe7bbb585f77635aaad81a336f9d	3911	F	0644	research/2026-07-26-saydo-w2-impl-readback.fable.md
99394e0f2d8dab54e643988d03465a33bdee40f69662857a4fdb75ddea842b5b	8906	F	0644	research/2026-07-27-saydo-w4-impl-readback.fable.md
5db30ba1ea8d7dc9e6ad5d8e1250bf8d11fed8ac45185b4b4907ed19df718738	6595	F	0644	research/2026-07-27-saydo-w5a-impl-readback.fable.md
1ec33991b355e8eb130dfb5ed6cf70b070b5a7526a089575eaa2bbe8487533dd	16477	F	0644	research/2026-07-28-a3-armed-design.md
bf6986f47133a1a09e0d038d41c26bae169d1361e5447ebdfa0b137d514849a6	6876	F	0644	research/2026-07-28-voice-input-dual-action.md
6c2c1f4883f971839c25cb8536d71a9f1c221e216fb3b90ff708f2416620d5e7	44946	F	0644	research/business-flows.html
a2f264117522afc318b5d2118a6e408fbfb2359e27bd9dfba31f1359083ae115	15717	F	0644	research/business-flows.md
c5ebeec4501bb3051e6c40e142ee6a2ca7e5272b31ac4e62eb8e6fd5d33de08e	86090	F	0644	research/codex-findings/01-architecture-redteam.md
9f3bba63c5316c85ec00cd55d8bff1d6456d5447bb209b3ee77619a3a08dfad5	68098	F	0644	research/codex-findings/02-hopper-integration.md
9adbee74bec7fb88ae15bc8a9527bb2e7b414c8858e1964eb05867cfe737959d	98050	F	0644	research/codex-findings/03-voice-memory-tech.md
fefca1b32e4077293780a4e7a992f8c9f5a6b8b2fff5dda05c8f8334a8ae5ab1	57167	F	0644	research/codex-findings/04-interaction-product.md
510c289d58172a5cd0131901d667d1012cf4b18cee8bbf08dc41ece1ba6c033c	48074	F	0644	research/codex-findings/05-docs-review.md
5d53b2e137e85459e26c52a1a18c7d14dcee1649e93dc7ea62b8fcb6e82e7dd7	48354	F	0644	research/codex-findings/06-recent-rounds-review.md
e60aa6714fa49a919bd04b6a3a4e021d5a1c6e19a7a2a2c04c045fa27e0aae6d	34407	F	0644	research/codex-findings/07-contracts-review.md
d835615854b29d6c138819afe61713b4f1db3d23b502fe8c088556cb39c9a1e1	36392	F	0644	research/codex-findings/08-plan-review.md
54f65e18e62366b76d230bf4b9a917187449d6c9b55f0735c8f08ae2791399c8	7050	F	0644	research/codex-findings/09-byoa-v2.md
f12cd5dc8c38154bd4f0ccef5a355e0e996e44871654e465d1b486a54f96650a	15882	F	0644	research/codex-findings/10-product-value-gap-sol-review.md
9eff61d3c2ed7b69fdbfc9497bf0bfffd37177896266a6156dffe44be47427ed	14138	F	0644	research/codex-findings/11-implementation-plan-v25.md
104271c0f61ee884a14db7acad7b471bd79eeb51fb32593c4c450e858f77d8c3	15152	F	0644	research/codex-findings/11-post-review-reassessment-sol-review.md
ec339521e8acf4de8e0f9ba66be217e8b72afd7924d8b28ef879c934fb8148af	12960	F	0644	research/codex-findings/12-canonical-writeback-batch1.md
7a6d161fcbc5bb7e8becd4364e939e7036b800b248832ec8dd2169cc90f25a21	2615	F	0644	research/codex-findings/13-canonical-writeback-m-batch.md
95c8d7cc8e6e22aab2d5da3caeec064734baeae2fd287b6a4c45cb468f2e88b0	13118	F	0644	research/codex-findings/14-canonical-writeback-closeout.md
d8de22aa1ae5c92e7a2043abfdbd5388aefe06c8674808e5636e7e094113dc8f	9720	F	0644	research/codex-findings/15-owner-decisions-panel.md
c1bf9e8fa3f714d7855c277305ec388d915d3e5f6db8bca9ad719822e6fc5efc	37192	F	0644	research/codex-findings/16-wiring-batch-writeback.md
98960711f63219036a6c7896d0aeff5eacc817bfe6366c4a4a54aed7cddb50f1	34254	F	0644	research/codex-findings/17-repo-merge-proposal.md
df57493089d2013b75a31c98c134a962162e472bbe697f9b57ba612a465a2f3f	17433	F	0644	research/codex-findings/18-writing-flow-review.md
d023e341a299cf9880bbed97c08563e64fc048ad7936fc3b99dce003e5b1e0b5	22588	F	0644	research/codex-findings/19-plan2-review.md
5fa64c847f0f8f5b3e11246ca721be5933e9ef5ce0569490f9e3012c7167428c	55516	F	0644	research/codex-findings/19-tier1-executor-batch.md
30b135674c0ca4a669e9689c8ea7f45a31f201b529a44b8ff27bfb9337e371f3	5460	F	0644	research/codex-findings/20-executor-writeback.md
e61400c649038bc5b875c626ca4a5c3b9a71352d77cdff859934d37155e2d531	20824	F	0644	research/codex-findings/21-ra-contract-review.md
b29193b6e9d8978e10fd987ba5acae2dca6bf7a7e34e1035adb240752ec054db	57461	F	0644	research/codex-findings/22-ra-verification-completion.md
64742115c5681644c167effcd7fa2145502f06214ee622a79ab5d6ca8eda83c8	30502	F	0644	research/codex-findings/23-a3-armed-design-review.md
b3db64eaf4d449e3cadacb3c2a0709ca38f21dd0a4c4655bd5e1c9e9b4008611	1623529	F	0644	research/codex-findings/logs/01.log
9e3243f4a6fc86990ae8b7e65b7bd9d9f9d40bcd2327b45ae4e8795eedecf648	4858761	F	0644	research/codex-findings/logs/02.log
830f64b96bc3ce4af2b97b8c91114af2eaf1f2750c5235b4d165863c2bebc058	3551266	F	0644	research/codex-findings/logs/03.log
90b85e9b4ba92dee62a6f0329eb762b472e772b9a6c8b94b29050582c1ff5a75	876140	F	0644	research/codex-findings/logs/04.log
579b5aad5d33ea7b198325d4893d143a70779ba9703c205b46fd063f1116c7b9	2301395	F	0644	research/codex-findings/logs/05.log
74951e1d5ce560927a21609c82c0eae9b0ffa8b38243b54534c958fa1669839b	2153553	F	0644	research/codex-findings/logs/06.log
1ca9e26e825439f1953a6f92391e7a05f533e62384b7372776543373c6427055	2714132	F	0644	research/codex-findings/logs/07.log
bdafb19bfe2090af88f29e63b555e631dced17d7e00da99db3a0d61c009b8b81	3466937	F	0644	research/codex-findings/logs/08.log
b84d958342dc43d4189c3b4700ade73a222e6db02a436bc22d5f8ece6b902fb1	1170872	F	0644	research/codex-findings/logs/08b.log
b2e404a75480aa503b5c0d97d4bcbba4b78fd6842bce254b31e8691487c6569e	2270046	F	0644	research/codex-findings/logs/09-byoa.log
8268d4d1c5f9f3aa53ff16366d8aebcc9d4de21846a43b91a673babd4c600444	1242683	F	0644	research/codex-findings/logs/10-product-value-gap-sol-review.log
84b92eda3c49259d65d762199baa621f2e5b48cfe2c2ea6c03b360c6ee9a00f7	1009956	F	0644	research/codex-findings/logs/11-implementation-plan-v25.log
13265b0f6a8af1c4f062d339ddeb594e1b1b191d7ab1cc1f746cd8b6c8207d28	1146487	F	0644	research/codex-findings/logs/11-post-review-reassessment-sol-review-attempt1.log
2abb5ecc8c68d0c4cae0f3f156678d07ffaf3e1c01496c6dda2cb4c9d3e5d814	1006792	F	0644	research/codex-findings/logs/11-post-review-reassessment-sol-review-attempt2.log
0301283554774301402f005de6ed626a1f7600ac10b00c63a90d2eff3e54665f	935349	F	0644	research/codex-findings/logs/11-post-review-reassessment-sol-review.log
121db64788d9c8d29af50964b03ed3db1be4105f3d8ad29a6c5f343c59368f64	115	F	0644	research/codex-findings/logs/12-atelier-demo-review.log
504f0ff2eb33a877101992daf8be0cf1b886c4cc75afaa6ece64b33378d99ddf	642934	F	0644	research/codex-findings/logs/12-canonical-writeback-batch1.log
b99802199afcf179653ba465ddd633f4a975f0cec6610ca8d9c8f20cab490d41	3624772	F	0644	research/codex-findings/logs/13-canonical-writeback-m-batch.log
263d87edd26c3776342ed2aa220079c1e07e7d67381b80ea0ec179efa33f1563	3141640	F	0644	research/codex-findings/logs/13b-m-batch-focused.log
cd752eea7ca1e345cc706196910cbb8f0f0289b651fae224b054d45dffc60c70	3443477	F	0644	research/codex-findings/logs/14-canonical-writeback-closeout.log
20b827daa7d31de23a3fddb4067f7bda572921d06836121813610fa310da0b8f	1499375	F	0644	research/codex-findings/logs/15-owner-decisions-panel.log
8dbe8ecedc43951052238327da8c2508a941d444e8d7aa8d749f809fa1505658	1914733	F	0644	research/codex-findings/logs/15-phone-call-design.log
bb917c2a3725b4e0df0549e0491084b5c25459799cc255dd6f5799420c5dc5de	2196605	F	0644	research/codex-findings/logs/16-phone-call-plan.log
93ea4df23b4c364701a766578bc075bc68c5c4b25c1e76715ad7085b65078345	5192951	F	0644	research/codex-findings/logs/20-executor-writeback.log
e3b0c44298fc1c149afbf4c8996fb92427ae41e4649b934ca495991b7852b855	0	F	0644	research/codex-findings/logs/21-ra-codex-review.log
0b49c80f02513ffa57cf736c40a432346d64d3a3f7fe48571b7fb867bafe8e21	1519	F	0644	research/codex-findings/logs/22-ra-verification-completion.log
810cfa059bb3c958f13fcdc79288baf7e903ea4435ea3f7e45e6fa8e82e434e6	15774	F	0644	research/codex-findings/octodesk-mobile.md
d65ce1bc7f90af620f5453943f9f1e35ff93dfe58b30671a0077758949c2eaf4	2914	F	0644	research/codex-findings/prompts/01-architecture-redteam.md
a0698e09dff46ebda47d6fff6f7c7d4b600b1d773c0030538df50cc5829d29f2	3011	F	0644	research/codex-findings/prompts/02-hopper-integration.md
5001578cf300463d4b82dfc9e7d70af01c4baee3e1f18c330ca7698226bfaccc	2741	F	0644	research/codex-findings/prompts/03-voice-memory-tech.md
687469a7aa528a0303b2044a1a3f19fc5068046701009a537b1ce005c772c126	2724	F	0644	research/codex-findings/prompts/04-interaction-product.md
b9ecef7bf22c3dee70269b0dd6c9b67613b6aaad88f1cdfbe6dc05f7817fd9ec	3059	F	0644	research/codex-findings/prompts/05-full-docs-review.md
38b74d2fcfafb86f08d6ac4c8e5831889af17bbf48a83714826ba3b9a3f74c0f	3913	F	0644	research/codex-findings/prompts/06-recent-rounds-review.md
bb74e7f35fe0a36a83a79ec9d58c3e0071f5a529538e2faf9a943cd19edde7b2	2845	F	0644	research/codex-findings/prompts/07-contracts-uxspec-review.md
c54554f0245cbb553268d12188df3f6f08edacc3babf3763a1987027cf89682b	3362	F	0644	research/codex-findings/prompts/08-plan-review.md
f1206dea464fc8d82f9a60f5bb504768670befc997bb56fa40f290c512e17924	3832	F	0644	research/codex-findings/prompts/09-byoa-v2.md
4401c33718e04adae2d7654c91b7441388cb79a76c7960489f7bb66569e59fd5	2668	F	0644	research/codex-findings/prompts/10-product-value-gap-sol-review.md
b2fe821717f268c869dbea7129e543814dbba44970aa34b8652e6e2bee1ef1cd	2595	F	0644	research/codex-findings/prompts/11-implementation-plan-v25.md
348df41fe43ab09c1b08965ce2d26cbb4b5afa78f8014fd40933cf87a6f29c85	3290	F	0644	research/codex-findings/prompts/11-post-review-reassessment-sol-review.md
07650f3b302ae61d522db14c3d0d600e418c20fd64d6e59a54238fb2e3d8efcf	3081	F	0644	research/codex-findings/prompts/12-atelier-demo-review.md
1c59d85ba309ba3d5d76f8c798f54b3c8b3a321d51f6510b18e6e7db792d5982	2832	F	0644	research/codex-findings/prompts/13-canonical-writeback-m-batch.md
9289e410def3835d71a2d7caa3f274c539ab19181c73981b6bb7f376d1abc86a	2163	F	0644	research/codex-findings/prompts/13b-m-batch-focused.md
771d81d71fe3a6b7b880ceedc90ee28212dbe1174c90cd549854991beb4786ed	4223	F	0644	research/codex-findings/prompts/14-canonical-writeback-closeout.md
f67a02e3f9014bd16cdc37da21fa157fd4efdc5049fb0c3460641f45c12f1f7f	3951	F	0644	research/codex-findings/prompts/15-owner-decisions-panel.md
2d07d38d6dc9f0a5a8345ba00cfd23d73687b459d67583afaedd344faaf4694f	2559	F	0644	research/codex-findings/prompts/15-phone-call-design.md
3198bd5d2992201f38d66c5309e95d6d2abf9660cb0e5fac15d757a2a70e4bd1	2420	F	0644	research/codex-findings/prompts/16-phone-call-plan.md
c103d213477bb2b84282f8c9566069e35915373656fe3412b14bb6ab256c7fcd	2488	F	0644	research/codex-findings/prompts/20-executor-writeback.md
f491b90a01f76d22b08cf9099fbcfb52425d85c1ef009135765d89e3670c4c4a	1894	F	0644	research/codex-findings/prompts/21-ra-contract-review.md
ab42c578ce2c4a8d4d0b23b0a55ff980f1b5cb652623080d2cfa7fc567283428	2528	F	0644	research/codex-findings/prompts/22-ra-verification-completion.md
4e8861a95b0e157d3a3fde64108b3dcee456b42026d1c2e7a91af556b5adb947	2314	F	0644	research/codex-findings/prompts/23-a3-armed-design-review.md
5d1340ae826336fd212ce4223faf7b192586afbfe15faa5dea98c5cf030f8af9	13098	F	0644	research/competitive-scan-2026-07.md
fcb9eb88e5864129c6baa7bca926e36eb49ebf50e381e6c1cb8f416af39d28d4	12259	F	0644	research/ecosystem-analysis-and-fusion.md
cc8cbc1b2e7d85ad14283f3985c4bb5b09a680d746816c40941562b30fa726f2	53308	F	0644	research/highlight-features-brainstorm.md
c088d639497460c5fa7b2006f39b0d04bc132df43cff4a5f18126f263555337b	6699	F	0644	research/hopper-baseline2-diff-manifest.md
0fd6fbb648a58d4f4f9bf38a63a6047a5fa2601f18e75568b810bcf4d46981cd	15424	F	0644	research/hopper-integration-appendix.md
99e733d642890ec9495136f4f1d25debd0840ec0223a1b5f6ac44d41b0e27870	17721	F	0644	research/hopper-integration-request.md
260f16e6a83c784c03d01788637d8e54d5d1dd2299f86f4403c5e381d3c65072	9781	F	0644	research/local-projects-borrowing-assessment.md
de1b25754280292b9bc9f29bfa8906f0ab6c1463ae35606b9b722ecabfeebadd	11720	F	0644	research/mobile-desktop-connectivity.md
e69206462cba27aad783da10a3a4a34e84cadb2b3b593626df16c4e698da67a4	13715	F	0644	research/open-source-stack.md
2616d70ac34c586d68848fec9eee4dd3bf1d938b6feae8db37ee9471bdb44802	26996	F	0644	research/phone-call-design-2026-07.md
d2217b4765fc049ef6229de5363caa1df8b5ccf943b4d744df04fb247fb23cc8	7813	F	0644	research/phone-call-impl-plan-2026-07-IMPL-PROMPT.md
358536336ec4a7d57816adc82f3dbe15f590bc2815c41c1ecd5e88168514a0b7	18467	F	0644	research/phone-call-impl-plan-2026-07.md
862b0d73bcb0e6eb1b2dd09e681f16d758d5ff95577d807cb75d178ebd0a28f4	4590	F	0644	research/phone-call-owner-decisions-2026-07.md
4b9171a4e435c4a8892bbd1e277329ecfaeb19e38ea44727c3eee74615f8d721	1491	F	0644	research/README.md
0ecfc6268468ea850e1c8608c1d44e8022681c55662fd785e5b15bbf574c6582	8824	F	0644	research/saydo-improvement-scan-2026-07-IMPL-PROMPT.md
a543747a7619fdd4699aa10bde95b81fbd582c2e14843b21c25ec375521115de	24646	F	0644	research/saydo-improvement-scan-2026-07.md
f3330bcb423631a553880af16482fc40affcc61f8b0ba0311428605c57cc1b2a	73484	F	0644	research/saydo-post-review-reassessment-sol.md
3fde2a5b2f148072a106bb65a19bec6aaaa769256af396af54edf5c78569e963	71426	F	0644	research/saydo-product-value-and-gap-analysis-sol.md
e04d8d864fc0af96f75197e1a21650e7ec3263582397bd841e1056deadfa8d55	995	F	0755	research/spikes/cursor-cli-tier1/hooks/gate.sh
90737c963425cd19eb107f3fe1e84e07e4f0aa26dd3c5304ee585c894438a01c	174	F	0644	research/spikes/cursor-cli-tier1/hooks.json
0c919fb0e2892c0918b330c8e469c56ef2daf514eb02d99b28e6794111657f6d	4293	F	0644	research/spikes/cursor-cli-tier1/RESULT.md
69ab86e7abd12b112dd3f1002ee48b4cee531596475a56fabe4811d0b175646f	2295	F	0755	research/spikes/cursor-cli-tier1/run.sh
0b720923e3788f5c3b120826f697cc58f8de828860062e82b5832d6352a6856d	5007	F	0644	research/spikes/cursor-sdk-tier1/node_modules/.package-lock.json
d35d462c95a35e34cc56d4d1dbf6f41999283dc642013a6eba9c293da48922fc	12008	F	0644	research/spikes/cursor-sdk-tier1/node_modules/@bufbuild/protobuf/dist/cjs/binary-encoding.d.ts
9d642c26c55660bf15b8663e943f5cda4653b394784ba20a56495b7d311cfab4	14286	F	0644	research/spikes/cursor-sdk-tier1/node_modules/@bufbuild/protobuf/dist/cjs/binary-encoding.js
58070c94ea0e5108c0539458badde653762717cfeecdf5d25512e2f8171416fb	4754	F	0644	research/spikes/cursor-sdk-tier1/node_modules/@bufbuild/protobuf/dist/cjs/binary-format.d.ts
af0511b8f0ae0499c44018c9d1e640744c118d955c865266b459984b8381b9e7	682	F	0644	research/spikes/cursor-sdk-tier1/node_modules/@bufbuild/protobuf/dist/cjs/binary-format.js
8c4a8552716e1e0fdc136f0854f3f06f5fb8782b70adeb1a90aff8fe215629b8	1849	F	0644	research/spikes/cursor-sdk-tier1/node_modules/@bufbuild/protobuf/dist/cjs/codegen-info.d.ts
b59e5634460a52bf43b9c5bf19313e4880f928f780a32b882ed2002d7ea3a4d4	4306	F	0644	research/spikes/cursor-sdk-tier1/node_modules/@bufbuild/protobuf/dist/cjs/codegen-info.js
db9086eccd3256f810ac13f48e370f8b5137a63208f8040422a94744f781e73c	1676	F	0644	research/spikes/cursor-sdk-tier1/node_modules/@bufbuild/protobuf/dist/cjs/create-descriptor-set.d.ts
0d98b8ee6201862394d43163274237b9aee24212a64c89edc8fa545cb7e85ad7	39628	F	0644	research/spikes/cursor-sdk-tier1/node_modules/@bufbuild/protobuf/dist/cjs/create-descriptor-set.js
e712cad833246cdf450f5554ee1510f584a95a5e281efd52e29bed2deb1cc4c9	939	F	0644	research/spikes/cursor-sdk-tier1/node_modules/@bufbuild/protobuf/dist/cjs/create-registry-from-desc.d.ts
fcd188f648a081c5d4ef256e897bb1bf151b20599d9b9bfe918cc83db3906198	10028	F	0644	research/spikes/cursor-sdk-tier1/node_modules/@bufbuild/protobuf/dist/cjs/create-registry-from-desc.js
cebd0ffc617a714a5b393684d3d67486c23113268ff72169dbd67a1ade72cef8	573	F	0644	research/spikes/cursor-sdk-tier1/node_modules/@bufbuild/protobuf/dist/cjs/create-registry.d.ts
45ce8cb0224f759d56fb20424592fffe8474c142e8e5018efb29ae73b1d9c744	3325	F	0644	research/spikes/cursor-sdk-tier1/node_modules/@bufbuild/protobuf/dist/cjs/create-registry.js
eb257064d5dacdcfe73a4cef3325562fd3a7927fcaadcede2b5dddb5b92da417	19367	F	0644	research/spikes/cursor-sdk-tier1/node_modules/@bufbuild/protobuf/dist/cjs/descriptor-set.d.ts
af0511b8f0ae0499c44018c9d1e640744c118d955c865266b459984b8381b9e7	682	F	0644	research/spikes/cursor-sdk-tier1/node_modules/@bufbuild/protobuf/dist/cjs/descriptor-set.js
961ae7c3710ad5925a8041716e5816ac1e301088c3815b710f20d3ae09695430	920	F	0644	research/spikes/cursor-sdk-tier1/node_modules/@bufbuild/protobuf/dist/cjs/enum.d.ts
af0511b8f0ae0499c44018c9d1e640744c118d955c865266b459984b8381b9e7	682	F	0644	research/spikes/cursor-sdk-tier1/node_modules/@bufbuild/protobuf/dist/cjs/enum.js
64531510183ce687dc1484b1872abce3b9c6e01eceb2b6470e0a9c57fd2712d0	1782	F	0644	research/spikes/cursor-sdk-tier1/node_modules/@bufbuild/protobuf/dist/cjs/extension-accessor.d.ts
9d5f387ea27410b7825a547a6f04dfa69fb3324d80221be44d4ab151307a9529	5087	F	0644	research/spikes/cursor-sdk-tier1/node_modules/@bufbuild/protobuf/dist/cjs/extension-accessor.js
70fe05199ca2af2c83c0a914ec18e92ffb271c2e4a2f8ee3c04f6e031b14acbc	856	F	0644	research/spikes/cursor-sdk-tier1/node_modules/@bufbuild/protobuf/dist/cjs/extension.d.ts
af0511b8f0ae0499c44018c9d1e640744c118d955c865266b459984b8381b9e7	682	F	0644	research/spikes/cursor-sdk-tier1/node_modules/@bufbuild/protobuf/dist/cjs/extension.js
90d6939e56a48b142c601779694d77983fd71520694844f6928781c4718886fb	810	F	0644	research/spikes/cursor-sdk-tier1/node_modules/@bufbuild/protobuf/dist/cjs/field-list.d.ts
af0511b8f0ae0499c44018c9d1e640744c118d955c865266b459984b8381b9e7	682	F	0644	research/spikes/cursor-sdk-tier1/node_modules/@bufbuild/protobuf/dist/cjs/field-list.js
5af50732b404045bcc0bcb63cb7883ece1b4e6852b64517945e914432363bc2c	9601	F	0644	research/spikes/cursor-sdk-tier1/node_modules/@bufbuild/protobuf/dist/cjs/field.d.ts
af0511b8f0ae0499c44018c9d1e640744c118d955c865266b459984b8381b9e7	682	F	0644	research/spikes/cursor-sdk-tier1/node_modules/@bufbuild/protobuf/dist/cjs/field.js
5174f5ef2b78013a23512cbc7836bf85781a5cad54c927f1ddbac41f28855b39	5913	F	0644	research/spikes/cursor-sdk-tier1/node_modules/@bufbuild/protobuf/dist/cjs/google/protobuf/any_pb.d.ts
c206d4c407ae03758f28f9ed51f2f9bc430b5beecdb0a83731ea0d6c285dba59	10015	F	0644	research/spikes/cursor-sdk-tier1/node_modules/@bufbuild/protobuf/dist/cjs/google/protobuf/any_pb.js
9d5758e932374ed7965ac329d30700098a4c752efdb1ce8170d74b3354475a7c	9441	F	0644	research/spikes/cursor-sdk-tier1/node_modules/@bufbuild/protobuf/dist/cjs/google/protobuf/api_pb.d.ts
08230c9cb7019bbaae00dac0ec3044f2c5eed25d7f01a97e2f553cb6cb81182b	11918	F	0644	research/spikes/cursor-sdk-tier1/node_modules/@bufbuild/protobuf/dist/cjs/google/protobuf/api_pb.js
33f99657300799c354171117d7f70da1f325f2083371074d92c6e07903110f87	13082	F	0644	research/spikes/cursor-sdk-tier1/node_modules/@bufbuild/protobuf/dist/cjs/google/protobuf/compiler/plugin_pb.d.ts
a98573a4ebbe386343c37e1c7d8861f3a4f44741cd7c0af6063d7ce194266ff2	10303	F	0644	research/spikes/cursor-sdk-tier1/node_modules/@bufbuild/protobuf/dist/cjs/google/protobuf/compiler/plugin_pb.js
465dfadcd4b4362963bc40a8f94ace0d1ecda68e869eeddc20be6bf57e0110fb	94540	F	0644	research/spikes/cursor-sdk-tier1/node_modules/@bufbuild/protobuf/dist/cjs/google/protobuf/descriptor_pb.d.ts
a4e77af4fc17f7565aea208b76bf2e67c33a83057ce1015a974d40cef6f85db4	95694	F	0644	research/spikes/cursor-sdk-tier1/node_modules/@bufbuild/protobuf/dist/cjs/google/protobuf/descriptor_pb.js
9a2205771a9ac694ee379c7da11c2ecbf92df025bf3ca0a7c67d5a466169da3b	4210	F	0644	research/spikes/cursor-sdk-tier1/node_modules/@bufbuild/protobuf/dist/cjs/google/protobuf/duration_pb.d.ts
ecc8abe67a3dd5edf93cd7ac52687843e20d175f3691041b8abe7070bddc6be4	6877	F	0644	research/spikes/cursor-sdk-tier1/node_modules/@bufbuild/protobuf/dist/cjs/google/protobuf/duration_pb.js
ee7cf7d3f43ab03590c2af84c8c0f6685a950d28a1ba86a5ec594fc21fd892d1	1345	F	0644	research/spikes/cursor-sdk-tier1/node_modules/@bufbuild/protobuf/dist/cjs/google/protobuf/empty_pb.d.ts
67024a23186351ab820b13522432a2b92156b2fe89dfb6a54a05d5674d0068c0	1913	F	0644	research/spikes/cursor-sdk-tier1/node_modules/@bufbuild/protobuf/dist/cjs/google/protobuf/empty_pb.js
eb9b4a340fdfa222f0bb5ca5cc57cfbdd2a8aece5b4c25543309a90906a7493a	7427	F	0644	research/spikes/cursor-sdk-tier1/node_modules/@bufbuild/protobuf/dist/cjs/google/protobuf/field_mask_pb.d.ts
8591299b52200c888f828ad8d516a9861687f6f4e404241e5135214ae611f0ad	10230	F	0644	research/spikes/cursor-sdk-tier1/node_modules/@bufbuild/protobuf/dist/cjs/google/protobuf/field_mask_pb.js
fa6b27a596fa69645ea962f3d865eedb7a6e431fb1abe7648722fb33d30307e3	1503	F	0644	research/spikes/cursor-sdk-tier1/node_modules/@bufbuild/protobuf/dist/cjs/google/protobuf/source_context_pb.d.ts
9c0cf7ea74fb3c3ddf913017c4b1544439b881e4a43a87fb353ad60aeb04eb10	2190	F	0644	research/spikes/cursor-sdk-tier1/node_modules/@bufbuild/protobuf/dist/cjs/google/protobuf/source_context_pb.js
2ef5231141ed12543768d0c0c5765ffd12d1a28fc231ec4c40caf11aa19908df	5879	F	0644	research/spikes/cursor-sdk-tier1/node_modules/@bufbuild/protobuf/dist/cjs/google/protobuf/struct_pb.d.ts
e81c08f39dfeafb356b47279e2cd957d16a11cb17ad33c77b9c07f0589604e8b	9107	F	0644	research/spikes/cursor-sdk-tier1/node_modules/@bufbuild/protobuf/dist/cjs/google/protobuf/struct_pb.js
921572e442e836b604dfb2042ae0b4a268c9713c694a1807b3ad2f6acdf93737	5865	F	0644	research/spikes/cursor-sdk-tier1/node_modules/@bufbuild/protobuf/dist/cjs/google/protobuf/timestamp_pb.d.ts
6674023382ecc19afae7d68031844a70e339a96353e87d337a0302ff8e796757	9280	F	0644	research/spikes/cursor-sdk-tier1/node_modules/@bufbuild/protobuf/dist/cjs/google/protobuf/timestamp_pb.js
60da60a86767337d4f2184af60c1d8a5a3d78d2468323ae688478a4aac33d6e8	12556	F	0644	research/spikes/cursor-sdk-tier1/node_modules/@bufbuild/protobuf/dist/cjs/google/protobuf/type_pb.d.ts
7b40b811631de93a2649aefaf2ee36a922b4d1aac1d2b407f8acaa839df6c796	18924	F	0644	research/spikes/cursor-sdk-tier1/node_modules/@bufbuild/protobuf/dist/cjs/google/protobuf/type_pb.js
b45c6a853aa17d19445f501aef85f135d7287b6e349a2297f1554e95d079d9d0	11399	F	0644	research/spikes/cursor-sdk-tier1/node_modules/@bufbuild/protobuf/dist/cjs/google/protobuf/wrappers_pb.d.ts
ab401519fe10c8e8c88d11cdd216fabf1138bf7bc3808bcae94633143b27f520	18232	F	0644	research/spikes/cursor-sdk-tier1/node_modules/@bufbuild/protobuf/dist/cjs/google/protobuf/wrappers_pb.js
cac0c028ce7ec6ff602ae0feacff0830cc86a8bb04dc19d7c2c83ce352c81706	2624	F	0644	research/spikes/cursor-sdk-tier1/node_modules/@bufbuild/protobuf/dist/cjs/google/varint.d.ts
3bd4c21dc6d9ed3647e666076dcea343f95bc3b09824452fde4d59f35e143db8	12142	F	0644	research/spikes/cursor-sdk-tier1/node_modules/@bufbuild/protobuf/dist/cjs/google/varint.js
629b8d970c312fe6a7c8ea39455e881ae08339e6648afa7e13e3ddf7c32710e3	2701	F	0644	research/spikes/cursor-sdk-tier1/node_modules/@bufbuild/protobuf/dist/cjs/index.d.ts
43a1a46c5dc5abccffe59b9c98ad688774262ad5f09a54ae41b0a526a2037096	6925	F	0644	research/spikes/cursor-sdk-tier1/node_modules/@bufbuild/protobuf/dist/cjs/index.js
899200619538b0f98db2b5bc852350aad059f2070aa814deedead6c02c9d8d46	1192	F	0644	research/spikes/cursor-sdk-tier1/node_modules/@bufbuild/protobuf/dist/cjs/is-message.d.ts
2547acaaaf53bef3ea82882d9ea72beadd0d9d6ee68cb9f7ff0cbba1672730cb	2291	F	0644	research/spikes/cursor-sdk-tier1/node_modules/@bufbuild/protobuf/dist/cjs/is-message.js
92a33be4e45b94a0f4572071c4768189817546e2880ab38befcb844cdf102534	3927	F	0644	research/spikes/cursor-sdk-tier1/node_modules/@bufbuild/protobuf/dist/cjs/json-format.d.ts
af0511b8f0ae0499c44018c9d1e640744c118d955c865266b459984b8381b9e7	682	F	0644	research/spikes/cursor-sdk-tier1/node_modules/@bufbuild/protobuf/dist/cjs/json-format.js
d67615efb0127284da59f73194545cf9410d2b48da3129a3b326abdead17c6f6	1827	F	0644	research/spikes/cursor-sdk-tier1/node_modules/@bufbuild/protobuf/dist/cjs/message-type.d.ts
af0511b8f0ae0499c44018c9d1e640744c118d955c865266b459984b8381b9e7	682	F	0644	research/spikes/cursor-sdk-tier1/node_modules/@bufbuild/protobuf/dist/cjs/message-type.js
4d2f45800ddb1cb1de1ab34196c010fbdd2e2bef101c4e4b97091dc5040c2ca9	5236	F	0644	research/spikes/cursor-sdk-tier1/node_modules/@bufbuild/protobuf/dist/cjs/message.d.ts
86e10560bede161c827b4ee3e971620b3238458b1a562646b7f42c34915e05c7	4788	F	0644	research/spikes/cursor-sdk-tier1/node_modules/@bufbuild/protobuf/dist/cjs/message.js
dbf8353f77358bc12169b7bb7301e1978d5b503e002ee927229a8993672818fc	20	F	0644	research/spikes/cursor-sdk-tier1/node_modules/@bufbuild/protobuf/dist/cjs/package.json
f24638a35d818113dd6660a37d88b3f3812126858e80a959d51a64dae0f4c517	549	F	0644	research/spikes/cursor-sdk-tier1/node_modules/@bufbuild/protobuf/dist/cjs/private/assert.d.ts
11800b1491638fcc02fe44e724ed50c038360054c3baabbaba2d095aedb4b895	2607	F	0644	research/spikes/cursor-sdk-tier1/node_modules/@bufbuild/protobuf/dist/cjs/private/assert.js
fdd882787e3a4c36f71b0384fcb194c051a596d46f35ca0023a0ff69dcfdddaf	404	F	0644	research/spikes/cursor-sdk-tier1/node_modules/@bufbuild/protobuf/dist/cjs/private/binary-format.d.ts
e45ff5d55a32fd200a7511c36f65f4410b8fe616e0b9285fb42e112a832e77d8	17800	F	0644	research/spikes/cursor-sdk-tier1/node_modules/@bufbuild/protobuf/dist/cjs/private/binary-format.js
dd4ded215da5342d94173e6643650023ea248c0d9c0bbe0318caebe7274438c5	1040	F	0644	research/spikes/cursor-sdk-tier1/node_modules/@bufbuild/protobuf/dist/cjs/private/enum.d.ts
cba63fcd48db258bc9ebd3510cccad76b6a407bd187b928a6b1b5ef29f020d63	3433	F	0644	research/spikes/cursor-sdk-tier1/node_modules/@bufbuild/protobuf/dist/cjs/private/enum.js
5c228e9ec4226c3f61ed137a59a15bdfd0574c4bfddbdc013c62d6e0b27b0b6a	1682	F	0644	research/spikes/cursor-sdk-tier1/node_modules/@bufbuild/protobuf/dist/cjs/private/extensions.d.ts
2cfc9f57a1af54823567eb15d3f7f090e4c0014fb5c827a67bb2139b2325d36a	3100	F	0644	research/spikes/cursor-sdk-tier1/node_modules/@bufbuild/protobuf/dist/cjs/private/extensions.js
b3850321b5b187ef1dd451bbd7b83c6e6831cce74a4a8bee95b9ff31b2d5172f	987	F	0644	research/spikes/cursor-sdk-tier1/node_modules/@bufbuild/protobuf/dist/cjs/private/feature-set.d.ts
eeed5ead3b89699d4480e183fb93e0245fe9eb5075af5921291ff45d56c5744a	5074	F	0644	research/spikes/cursor-sdk-tier1/node_modules/@bufbuild/protobuf/dist/cjs/private/feature-set.js
5fe7963c7ca10d11035871bebc893f20c5be4c63e30fbdac989da71ca5eebdbf	840	F	0644	research/spikes/cursor-sdk-tier1/node_modules/@bufbuild/protobuf/dist/cjs/private/field-list.d.ts
7701ccdd76e2e62e9ad63527326486c47b90e18be3ff191999ec0e199e4a6747	2266	F	0644	research/spikes/cursor-sdk-tier1/node_modules/@bufbuild/protobuf/dist/cjs/private/field-list.js
cb57cedab4389ec097cbeac9a8f3a7722bf19cc948fd72199ab3a201c1af4e58	440	F	0644	research/spikes/cursor-sdk-tier1/node_modules/@bufbuild/protobuf/dist/cjs/private/field-normalize.d.ts
fc5430b1c7dd13a400eb7e9338fb4bb4ff9641eed705520f95411989f764463e	2940	F	0644	research/spikes/cursor-sdk-tier1/node_modules/@bufbuild/protobuf/dist/cjs/private/field-normalize.js
6ea9588a03dd2768754a9360166daae3b1bf5120e65f3baef43c5cd3dcb4fbb8	1026	F	0644	research/spikes/cursor-sdk-tier1/node_modules/@bufbuild/protobuf/dist/cjs/private/field-wrapper.d.ts
b7fae81e2ac5adc521b34b0fa25972627a65681f933aec07498a4f3029cbfb99	2255	F	0644	research/spikes/cursor-sdk-tier1/node_modules/@bufbuild/protobuf/dist/cjs/private/field-wrapper.js
91f7f41938f0038ccee3e504546dc98b752ea4b29f8ec5d51c136a7ee5a461f1	536	F	0644	research/spikes/cursor-sdk-tier1/node_modules/@bufbuild/protobuf/dist/cjs/private/field.d.ts
f9a7c2bf8990297f3321a471c56a53937d03e1351cb820a93de5d149115971a7	1668	F	0644	research/spikes/cursor-sdk-tier1/node_modules/@bufbuild/protobuf/dist/cjs/private/field.js
8716c7bd0eb16bf09b4066dc479bccab39b38d8bf077db85faca73cf97a9fe02	107	F	0644	research/spikes/cursor-sdk-tier1/node_modules/@bufbuild/protobuf/dist/cjs/private/json-format.d.ts
9adf4a379c4c4b90c75c7f09dc28e37e518b567b2160b433d770e03485c71f97	27600	F	0644	research/spikes/cursor-sdk-tier1/node_modules/@bufbuild/protobuf/dist/cjs/private/json-format.js
d4c23776f8f1a1df07c48c45b30599593215ba90e54e09c235717f0495130ce9	768	F	0644	research/spikes/cursor-sdk-tier1/node_modules/@bufbuild/protobuf/dist/cjs/private/message-type.d.ts
70efcd2676829b7ecac3a26800f3fa3a69e27df7bfaac163b09aecacf0f52ef9	1924	F	0644	research/spikes/cursor-sdk-tier1/node_modules/@bufbuild/protobuf/dist/cjs/private/message-type.js
0ce0a68a8726ae495a01e540c8137f97ae65e0210feefb79e0f2fd86995b8760	1886	F	0644	research/spikes/cursor-sdk-tier1/node_modules/@bufbuild/protobuf/dist/cjs/private/names.d.ts
6223697f9cbc9d5c6636bfded3378c8d7e3cffd095efe031d0b6e16779918e51	8189	F	0644	research/spikes/cursor-sdk-tier1/node_modules/@bufbuild/protobuf/dist/cjs/private/names.js
16bf1341d77f04b48e6c4c6968e0727d7ea4dca5291ef7e9281944786c426e8a	142	F	0644	research/spikes/cursor-sdk-tier1/node_modules/@bufbuild/protobuf/dist/cjs/private/options-map.d.ts
af0511b8f0ae0499c44018c9d1e640744c118d955c865266b459984b8381b9e7	682	F	0644	research/spikes/cursor-sdk-tier1/node_modules/@bufbuild/protobuf/dist/cjs/private/options-map.js
9a84ba25d436d82f0830f9f88c0e698857c131f6305e80594a9861c65a10ae30	2425	F	0644	research/spikes/cursor-sdk-tier1/node_modules/@bufbuild/protobuf/dist/cjs/private/proto-runtime.d.ts
f9597cde957866c6887d3f708f5e3f99d8a858e10584369539235f3d10ea427d	1843	F	0644	research/spikes/cursor-sdk-tier1/node_modules/@bufbuild/protobuf/dist/cjs/private/proto-runtime.js
6a5a19be86e8a482311691b940af19d97d192d5a5c335ede5527ea43bcb58139	341	F	0644	research/spikes/cursor-sdk-tier1/node_modules/@bufbuild/protobuf/dist/cjs/private/reflect.d.ts
9175a0e6b55f818a94b589908fb32b0d61dbe4d9f9bfffdaf62b5c70799ec782	2837	F	0644	research/spikes/cursor-sdk-tier1/node_modules/@bufbuild/protobuf/dist/cjs/private/reflect.js
147e333507832d5d99734b020def22f33f995d5fc86d747b4f5356d0188e63fd	2632	F	0644	research/spikes/cursor-sdk-tier1/node_modules/@bufbuild/protobuf/dist/cjs/private/reify-wkt.d.ts
80fdc1aa5cbfe30f4738b4fab00287ad413636a994cd8effe1dfcde011240a96	7366	F	0644	research/spikes/cursor-sdk-tier1/node_modules/@bufbuild/protobuf/dist/cjs/private/reify-wkt.js
30eb88a2f4e54fef3212125b3c634a5a867834c2725e3dcc6695163a68455f6d	893	F	0644	research/spikes/cursor-sdk-tier1/node_modules/@bufbuild/protobuf/dist/cjs/private/scalars.d.ts
db5a5e19130cb79802e0bacc7bd2d3222659b8d85dc7a9486eb75e69c6a1b41e	4102	F	0644	research/spikes/cursor-sdk-tier1/node_modules/@bufbuild/protobuf/dist/cjs/private/scalars.js
7f187e5fe1759a25ae626babc3b6c3c41a0b0d279f8388e9dd840a3cdb50cc93	324	F	0644	research/spikes/cursor-sdk-tier1/node_modules/@bufbuild/protobuf/dist/cjs/private/text-format.d.ts
39daf3642f6b0e56405503cfe7fd44bfb2ebcca361affe367d9dcd567407d54f	7451	F	0644	research/spikes/cursor-sdk-tier1/node_modules/@bufbuild/protobuf/dist/cjs/private/text-format.js
f72d1329dadaa56ef1066ba1ef3d23ee9fe097b9b39d47fdfb506905d885a39b	124	F	0644	research/spikes/cursor-sdk-tier1/node_modules/@bufbuild/protobuf/dist/cjs/private/util-common.d.ts
c994237134d47d175f297cf11f7559dd187e9429d279167418596b95891914be	11303	F	0644	research/spikes/cursor-sdk-tier1/node_modules/@bufbuild/protobuf/dist/cjs/private/util-common.js
2ffb2971267f8df92b64cc3916630e376de936171df46a29612088f60293cd41	1475	F	0644	research/spikes/cursor-sdk-tier1/node_modules/@bufbuild/protobuf/dist/cjs/private/util.d.ts
af0511b8f0ae0499c44018c9d1e640744c118d955c865266b459984b8381b9e7	682	F	0644	research/spikes/cursor-sdk-tier1/node_modules/@bufbuild/protobuf/dist/cjs/private/util.js
071a8cff6dad210ba0bf897f1388eeeaa805a526b9ec7cc7c8dddc635163d806	560	F	0644	research/spikes/cursor-sdk-tier1/node_modules/@bufbuild/protobuf/dist/cjs/proto-base64.d.ts
97465397b13e8fe568cc511f991595bebe1b8ef78e975874a277899f5db66539	4805	F	0644	research/spikes/cursor-sdk-tier1/node_modules/@bufbuild/protobuf/dist/cjs/proto-base64.js
e29f94fc3483a23f83a1acb0d931ff693e97b1109554552aa521402beb0bf48e	2002	F	0644	research/spikes/cursor-sdk-tier1/node_modules/@bufbuild/protobuf/dist/cjs/proto-delimited.d.ts
d85510274bb2899e1c5b6408e52967e6f1e62543a0c0016a15d8330217f05158	7127	F	0644	research/spikes/cursor-sdk-tier1/node_modules/@bufbuild/protobuf/dist/cjs/proto-delimited.js
82d3cdd488466e697681b914420994c88fd8595bc6888c46c421af7919405c71	145	F	0644	research/spikes/cursor-sdk-tier1/node_modules/@bufbuild/protobuf/dist/cjs/proto-double.d.ts
973fa21a9acc99eb91fc33d54d35fab92b58992fafc676482f09fd2499a8e14f	1422	F	0644	research/spikes/cursor-sdk-tier1/node_modules/@bufbuild/protobuf/dist/cjs/proto-double.js
aa61e6cb5e048437ab87d09e316ac45770840de626f5736c98a192c7d60c907a	3082	F	0644	research/spikes/cursor-sdk-tier1/node_modules/@bufbuild/protobuf/dist/cjs/proto-int64.d.ts
794271c56af2768fc235ff6144a14040a9ed65ddc187a43e2c69e2e104781e1f	4363	F	0644	research/spikes/cursor-sdk-tier1/node_modules/@bufbuild/protobuf/dist/cjs/proto-int64.js
2d737ff39762a1fcfabd3b0f97c4b7d891d8f9bb8c45982e6e87549a90982481	159	F	0644	research/spikes/cursor-sdk-tier1/node_modules/@bufbuild/protobuf/dist/cjs/proto2.d.ts
6b318cf3adb80b37d4258cf32dd2946ca8bdb945650078c5e4411b4959a15ea7	2318	F	0644	research/spikes/cursor-sdk-tier1/node_modules/@bufbuild/protobuf/dist/cjs/proto2.js
7d6568f33fe202d6e75ed60ddeac15bca8ce1e01077385e4cb3dd9dd0130da28	159	F	0644	research/spikes/cursor-sdk-tier1/node_modules/@bufbuild/protobuf/dist/cjs/proto3.d.ts
5913d9607412e210db0ac34c994b8fe81da4075c4e494300cc25a95828f17bb4	2161	F	0644	research/spikes/cursor-sdk-tier1/node_modules/@bufbuild/protobuf/dist/cjs/proto3.js
808fd1efdfa85e4eab8012c7a087a2ebb8b0c6a536d2518ff6cead7a3192eaf1	2296	F	0644	research/spikes/cursor-sdk-tier1/node_modules/@bufbuild/protobuf/dist/cjs/scalar.d.ts
71608a373429ff21c9a2ac0ac9fd20072bbbce7eddec924436cf1b3b7cb0a2cc	3407	F	0644	research/spikes/cursor-sdk-tier1/node_modules/@bufbuild/protobuf/dist/cjs/scalar.js
fb3304ed260dec0eaad2f713317b6bbc218c0d21cb67c78580bb3897c15575c6	3398	F	0644	research/spikes/cursor-sdk-tier1/node_modules/@bufbuild/protobuf/dist/cjs/service-type.d.ts
448edd5f3b1d418de14f3bd5c52532f948e3f40fbdcacf976324111eac57a91d	2284	F	0644	research/spikes/cursor-sdk-tier1/node_modules/@bufbuild/protobuf/dist/cjs/service-type.js
d7c8351dfa3a584c6fdc09544ef019194cb2ea7d9e85fb11230a3e42c4dc983a	499	F	0644	research/spikes/cursor-sdk-tier1/node_modules/@bufbuild/protobuf/dist/cjs/to-plain-message.d.ts
4823466a1a0e52bc185db44a644958dda5637e54aa62c509a8ddba5fa880c2e4	2408	F	0644	research/spikes/cursor-sdk-tier1/node_modules/@bufbuild/protobuf/dist/cjs/to-plain-message.js
6a4692a562d2905f78f4bba3799e9a5c1f17a15d3f1a3f9d0b95fc5a93ed0886	1637	F	0644	research/spikes/cursor-sdk-tier1/node_modules/@bufbuild/protobuf/dist/cjs/type-registry.d.ts
af0511b8f0ae0499c44018c9d1e640744c118d955c865266b459984b8381b9e7	682	F	0644	research/spikes/cursor-sdk-tier1/node_modules/@bufbuild/protobuf/dist/cjs/type-registry.js
d35d462c95a35e34cc56d4d1dbf6f41999283dc642013a6eba9c293da48922fc	12008	F	0644	research/spikes/cursor-sdk-tier1/node_modules/@bufbuild/protobuf/dist/esm/binary-encoding.d.ts
911d681128f3dbf5a7a81f3c347f129c51b5a53a71069feb06e5c5c4c007b25e	13749	F	0644	research/spikes/cursor-sdk-tier1/node_modules/@bufbuild/protobuf/dist/esm/binary-encoding.js
58070c94ea0e5108c0539458badde653762717cfeecdf5d25512e2f8171416fb	4754	F	0644	research/spikes/cursor-sdk-tier1/node_modules/@bufbuild/protobuf/dist/esm/binary-format.d.ts
4915b7dc680c25d1f479742e60a8a4890ca0accd0d96f0e5cb1060227e6650dc	616	F	0644	research/spikes/cursor-sdk-tier1/node_modules/@bufbuild/protobuf/dist/esm/binary-format.js
8c4a8552716e1e0fdc136f0854f3f06f5fb8782b70adeb1a90aff8fe215629b8	1849	F	0644	research/spikes/cursor-sdk-tier1/node_modules/@bufbuild/protobuf/dist/esm/codegen-info.d.ts
5ddcdb68d07c58bf5eceac21c5460861a2f8735103de12b1eb98c62dd925610e	4098	F	0644	research/spikes/cursor-sdk-tier1/node_modules/@bufbuild/protobuf/dist/esm/codegen-info.js
db9086eccd3256f810ac13f48e370f8b5137a63208f8040422a94744f781e73c	1676	F	0644	research/spikes/cursor-sdk-tier1/node_modules/@bufbuild/protobuf/dist/esm/create-descriptor-set.d.ts
bc6c27c6b3d55d7f461f0ee9e3b2d3a1d5847859c2c976bf16868d8bf8f0a55d	37718	F	0644	research/spikes/cursor-sdk-tier1/node_modules/@bufbuild/protobuf/dist/esm/create-descriptor-set.js
e712cad833246cdf450f5554ee1510f584a95a5e281efd52e29bed2deb1cc4c9	939	F	0644	research/spikes/cursor-sdk-tier1/node_modules/@bufbuild/protobuf/dist/esm/create-registry-from-desc.d.ts
aed7548d79b0aaee91ab7d7450003bd5c912a5b71d0a03de37f4d2705e4dfc80	9380	F	0644	research/spikes/cursor-sdk-tier1/node_modules/@bufbuild/protobuf/dist/esm/create-registry-from-desc.js
cebd0ffc617a714a5b393684d3d67486c23113268ff72169dbd67a1ade72cef8	573	F	0644	research/spikes/cursor-sdk-tier1/node_modules/@bufbuild/protobuf/dist/esm/create-registry.d.ts
9330c9e1b7ff11cdd3ebd4e765b59bf8b5b3e0cb4b075deabe53062df8803b7f	3181	F	0644	research/spikes/cursor-sdk-tier1/node_modules/@bufbuild/protobuf/dist/esm/create-registry.js
eb257064d5dacdcfe73a4cef3325562fd3a7927fcaadcede2b5dddb5b92da417	19367	F	0644	research/spikes/cursor-sdk-tier1/node_modules/@bufbuild/protobuf/dist/esm/descriptor-set.d.ts
cacdf3ff7bb0fce34cd6268c4bbd3e333bfd72f084b2b5925c9b7950a60385a9	657	F	0644	research/spikes/cursor-sdk-tier1/node_modules/@bufbuild/protobuf/dist/esm/descriptor-set.js
961ae7c3710ad5925a8041716e5816ac1e301088c3815b710f20d3ae09695430	920	F	0644	research/spikes/cursor-sdk-tier1/node_modules/@bufbuild/protobuf/dist/esm/enum.d.ts
4915b7dc680c25d1f479742e60a8a4890ca0accd0d96f0e5cb1060227e6650dc	616	F	0644	research/spikes/cursor-sdk-tier1/node_modules/@bufbuild/protobuf/dist/esm/enum.js
64531510183ce687dc1484b1872abce3b9c6e01eceb2b6470e0a9c57fd2712d0	1782	F	0644	research/spikes/cursor-sdk-tier1/node_modules/@bufbuild/protobuf/dist/esm/extension-accessor.d.ts
342dcfa7927b776928719fb9555409f55cbdc5f156389aab39b1d4599bb7d673	4749	F	0644	research/spikes/cursor-sdk-tier1/node_modules/@bufbuild/protobuf/dist/esm/extension-accessor.js
70fe05199ca2af2c83c0a914ec18e92ffb271c2e4a2f8ee3c04f6e031b14acbc	856	F	0644	research/spikes/cursor-sdk-tier1/node_modules/@bufbuild/protobuf/dist/esm/extension.d.ts
4915b7dc680c25d1f479742e60a8a4890ca0accd0d96f0e5cb1060227e6650dc	616	F	0644	research/spikes/cursor-sdk-tier1/node_modules/@bufbuild/protobuf/dist/esm/extension.js
90d6939e56a48b142c601779694d77983fd71520694844f6928781c4718886fb	810	F	0644	research/spikes/cursor-sdk-tier1/node_modules/@bufbuild/protobuf/dist/esm/field-list.d.ts
4915b7dc680c25d1f479742e60a8a4890ca0accd0d96f0e5cb1060227e6650dc	616	F	0644	research/spikes/cursor-sdk-tier1/node_modules/@bufbuild/protobuf/dist/esm/field-list.js
5af50732b404045bcc0bcb63cb7883ece1b4e6852b64517945e914432363bc2c	9601	F	0644	research/spikes/cursor-sdk-tier1/node_modules/@bufbuild/protobuf/dist/esm/field.d.ts
4915b7dc680c25d1f479742e60a8a4890ca0accd0d96f0e5cb1060227e6650dc	616	F	0644	research/spikes/cursor-sdk-tier1/node_modules/@bufbuild/protobuf/dist/esm/field.js
5174f5ef2b78013a23512cbc7836bf85781a5cad54c927f1ddbac41f28855b39	5913	F	0644	research/spikes/cursor-sdk-tier1/node_modules/@bufbuild/protobuf/dist/esm/google/protobuf/any_pb.d.ts
6dc374008baa10be528db88ac4f0bf308b96605b43b8c9e84cf6850d2ec00d94	9831	F	0644	research/spikes/cursor-sdk-tier1/node_modules/@bufbuild/protobuf/dist/esm/google/protobuf/any_pb.js
9d5758e932374ed7965ac329d30700098a4c752efdb1ce8170d74b3354475a7c	9441	F	0644	research/spikes/cursor-sdk-tier1/node_modules/@bufbuild/protobuf/dist/esm/google/protobuf/api_pb.d.ts
8fdf35a2bcc63bbcbdf0af2c0bc26d0f59c571522152926d057eae99147a1bb5	11411	F	0644	research/spikes/cursor-sdk-tier1/node_modules/@bufbuild/protobuf/dist/esm/google/protobuf/api_pb.js
33f99657300799c354171117d7f70da1f325f2083371074d92c6e07903110f87	13082	F	0644	research/spikes/cursor-sdk-tier1/node_modules/@bufbuild/protobuf/dist/esm/google/protobuf/compiler/plugin_pb.d.ts
7503becf4d4ad736efbe8e69bc407fd946d7ea92d1a07e8b71d3853e86ce9004	9549	F	0644	research/spikes/cursor-sdk-tier1/node_modules/@bufbuild/protobuf/dist/esm/google/protobuf/compiler/plugin_pb.js
465dfadcd4b4362963bc40a8f94ace0d1ecda68e869eeddc20be6bf57e0110fb	94540	F	0644	research/spikes/cursor-sdk-tier1/node_modules/@bufbuild/protobuf/dist/esm/google/protobuf/descriptor_pb.d.ts
b9b4a60e84f802364a966db8510c8cf8acb191f0c1d3af107e5a7a8b9ada8449	89366	F	0644	research/spikes/cursor-sdk-tier1/node_modules/@bufbuild/protobuf/dist/esm/google/protobuf/descriptor_pb.js
9a2205771a9ac694ee379c7da11c2ecbf92df025bf3ca0a7c67d5a466169da3b	4210	F	0644	research/spikes/cursor-sdk-tier1/node_modules/@bufbuild/protobuf/dist/esm/google/protobuf/duration_pb.d.ts
1ac233529cd78d50abf329fefba10014c6e319d8d6f6d953f1bb043cb96a5c01	6601	F	0644	research/spikes/cursor-sdk-tier1/node_modules/@bufbuild/protobuf/dist/esm/google/protobuf/duration_pb.js
ee7cf7d3f43ab03590c2af84c8c0f6685a950d28a1ba86a5ec594fc21fd892d1	1345	F	0644	research/spikes/cursor-sdk-tier1/node_modules/@bufbuild/protobuf/dist/esm/google/protobuf/empty_pb.d.ts
aef5b7a110008e1c0d2505eb4237ae75dd98ce7b6dc771102fc662b102eab4f0	1723	F	0644	research/spikes/cursor-sdk-tier1/node_modules/@bufbuild/protobuf/dist/esm/google/protobuf/empty_pb.js
eb9b4a340fdfa222f0bb5ca5cc57cfbdd2a8aece5b4c25543309a90906a7493a	7427	F	0644	research/spikes/cursor-sdk-tier1/node_modules/@bufbuild/protobuf/dist/esm/google/protobuf/field_mask_pb.d.ts
b5ada92377002da3b7bb23714e3f8a84bfa8e38570a5b9a8f15de2e3f599a0aa	10016	F	0644	research/spikes/cursor-sdk-tier1/node_modules/@bufbuild/protobuf/dist/esm/google/protobuf/field_mask_pb.js
fa6b27a596fa69645ea962f3d865eedb7a6e431fb1abe7648722fb33d30307e3	1503	F	0644	research/spikes/cursor-sdk-tier1/node_modules/@bufbuild/protobuf/dist/esm/google/protobuf/source_context_pb.d.ts
a7497eab6111125bbbc0d98a29a7dff163b77b968f99bc437a6e5c5ced2fb3b1	1976	F	0644	research/spikes/cursor-sdk-tier1/node_modules/@bufbuild/protobuf/dist/esm/google/protobuf/source_context_pb.js
2ef5231141ed12543768d0c0c5765ffd12d1a28fc231ec4c40caf11aa19908df	5879	F	0644	research/spikes/cursor-sdk-tier1/node_modules/@bufbuild/protobuf/dist/esm/google/protobuf/struct_pb.d.ts
d41d059355870ef35bb1caf5403df0506086c32c678906436b7c19a5590dab56	8623	F	0644	research/spikes/cursor-sdk-tier1/node_modules/@bufbuild/protobuf/dist/esm/google/protobuf/struct_pb.js
921572e442e836b604dfb2042ae0b4a268c9713c694a1807b3ad2f6acdf93737	5865	F	0644	research/spikes/cursor-sdk-tier1/node_modules/@bufbuild/protobuf/dist/esm/google/protobuf/timestamp_pb.d.ts
8dd2c0de2a298f71e8e9b191fda6e58496b1de496ec1217f485eb0957b9b71b6	9008	F	0644	research/spikes/cursor-sdk-tier1/node_modules/@bufbuild/protobuf/dist/esm/google/protobuf/timestamp_pb.js
60da60a86767337d4f2184af60c1d8a5a3d78d2468323ae688478a4aac33d6e8	12556	F	0644	research/spikes/cursor-sdk-tier1/node_modules/@bufbuild/protobuf/dist/esm/google/protobuf/type_pb.d.ts
55bcfc7ab8dd325ccee174e71e8cb7a5714a2555252099b62466d59279ab435f	18081	F	0644	research/spikes/cursor-sdk-tier1/node_modules/@bufbuild/protobuf/dist/esm/google/protobuf/type_pb.js
b45c6a853aa17d19445f501aef85f135d7287b6e349a2297f1554e95d079d9d0	11399	F	0644	research/spikes/cursor-sdk-tier1/node_modules/@bufbuild/protobuf/dist/esm/google/protobuf/wrappers_pb.d.ts
8b1d0ef69c197654d95eb7c5a0960f9cd5657283c085400fb72bef056e1cb7e0	16679	F	0644	research/spikes/cursor-sdk-tier1/node_modules/@bufbuild/protobuf/dist/esm/google/protobuf/wrappers_pb.js
cac0c028ce7ec6ff602ae0feacff0830cc86a8bb04dc19d7c2c83ce352c81706	2624	F	0644	research/spikes/cursor-sdk-tier1/node_modules/@bufbuild/protobuf/dist/esm/google/varint.d.ts
603451abb911a4e89c58f0ddbbddce21ed95c8f0a726e26024469b677c5782a7	11662	F	0644	research/spikes/cursor-sdk-tier1/node_modules/@bufbuild/protobuf/dist/esm/google/varint.js
629b8d970c312fe6a7c8ea39455e881ae08339e6648afa7e13e3ddf7c32710e3	2701	F	0644	research/spikes/cursor-sdk-tier1/node_modules/@bufbuild/protobuf/dist/esm/index.d.ts
a2526a5f86340ff25213b8a85a0e82a65c8ead613e5652207aede5a36e4dae32	2231	F	0644	research/spikes/cursor-sdk-tier1/node_modules/@bufbuild/protobuf/dist/esm/index.js
899200619538b0f98db2b5bc852350aad059f2070aa814deedead6c02c9d8d46	1192	F	0644	research/spikes/cursor-sdk-tier1/node_modules/@bufbuild/protobuf/dist/esm/is-message.d.ts
8830f3676157af532cbdd69e311991feab4470654c6dbe1e9f1d25d9d40b51b3	2143	F	0644	research/spikes/cursor-sdk-tier1/node_modules/@bufbuild/protobuf/dist/esm/is-message.js
92a33be4e45b94a0f4572071c4768189817546e2880ab38befcb844cdf102534	3927	F	0644	research/spikes/cursor-sdk-tier1/node_modules/@bufbuild/protobuf/dist/esm/json-format.d.ts
4915b7dc680c25d1f479742e60a8a4890ca0accd0d96f0e5cb1060227e6650dc	616	F	0644	research/spikes/cursor-sdk-tier1/node_modules/@bufbuild/protobuf/dist/esm/json-format.js
d67615efb0127284da59f73194545cf9410d2b48da3129a3b326abdead17c6f6	1827	F	0644	research/spikes/cursor-sdk-tier1/node_modules/@bufbuild/protobuf/dist/esm/message-type.d.ts
4915b7dc680c25d1f479742e60a8a4890ca0accd0d96f0e5cb1060227e6650dc	616	F	0644	research/spikes/cursor-sdk-tier1/node_modules/@bufbuild/protobuf/dist/esm/message-type.js
4d2f45800ddb1cb1de1ab34196c010fbdd2e2bef101c4e4b97091dc5040c2ca9	5236	F	0644	research/spikes/cursor-sdk-tier1/node_modules/@bufbuild/protobuf/dist/esm/message.d.ts
28737788c75838451401342ef4e9da3165cd990e5d71cb87883d63bd512c8f9e	4665	F	0644	research/spikes/cursor-sdk-tier1/node_modules/@bufbuild/protobuf/dist/esm/message.js
f24638a35d818113dd6660a37d88b3f3812126858e80a959d51a64dae0f4c517	549	F	0644	research/spikes/cursor-sdk-tier1/node_modules/@bufbuild/protobuf/dist/esm/private/assert.d.ts
9bac7db693c141906c25a27920f7b79100c3b8cc200348a1390d0dbc82c38089	2328	F	0644	research/spikes/cursor-sdk-tier1/node_modules/@bufbuild/protobuf/dist/esm/private/assert.js
fdd882787e3a4c36f71b0384fcb194c051a596d46f35ca0023a0ff69dcfdddaf	404	F	0644	research/spikes/cursor-sdk-tier1/node_modules/@bufbuild/protobuf/dist/esm/private/binary-format.d.ts
0c96914cea52b2e24e0196edd05068e02a1a59609abecb794cc51905a367f5c5	16657	F	0644	research/spikes/cursor-sdk-tier1/node_modules/@bufbuild/protobuf/dist/esm/private/binary-format.js
dd4ded215da5342d94173e6643650023ea248c0d9c0bbe0318caebe7274438c5	1040	F	0644	research/spikes/cursor-sdk-tier1/node_modules/@bufbuild/protobuf/dist/esm/private/enum.d.ts
a237758ea304d0bdddaff2de458a7eeb0fc5867be19e2a14eee4682a3ef02f18	3131	F	0644	research/spikes/cursor-sdk-tier1/node_modules/@bufbuild/protobuf/dist/esm/private/enum.js
5c228e9ec4226c3f61ed137a59a15bdfd0574c4bfddbdc013c62d6e0b27b0b6a	1682	F	0644	research/spikes/cursor-sdk-tier1/node_modules/@bufbuild/protobuf/dist/esm/private/extensions.d.ts
d2d323676d6bb615f5fa06425303013d4ff0dba4cec4be7104dfd4599f76f66a	2830	F	0644	research/spikes/cursor-sdk-tier1/node_modules/@bufbuild/protobuf/dist/esm/private/extensions.js
b3850321b5b187ef1dd451bbd7b83c6e6831cce74a4a8bee95b9ff31b2d5172f	987	F	0644	research/spikes/cursor-sdk-tier1/node_modules/@bufbuild/protobuf/dist/esm/private/feature-set.d.ts
eb31aa4c7d727f9a27ca60b2b060184c499501e4d3e904816abe24393cb5eee0	4715	F	0644	research/spikes/cursor-sdk-tier1/node_modules/@bufbuild/protobuf/dist/esm/private/feature-set.js
5fe7963c7ca10d11035871bebc893f20c5be4c63e30fbdac989da71ca5eebdbf	840	F	0644	research/spikes/cursor-sdk-tier1/node_modules/@bufbuild/protobuf/dist/esm/private/field-list.d.ts
ca4639ab853f2a76a67080ff7757d41e5562148c69a7a3c819bdf94f08ea60ac	2113	F	0644	research/spikes/cursor-sdk-tier1/node_modules/@bufbuild/protobuf/dist/esm/private/field-list.js
cb57cedab4389ec097cbeac9a8f3a7722bf19cc948fd72199ab3a201c1af4e58	440	F	0644	research/spikes/cursor-sdk-tier1/node_modules/@bufbuild/protobuf/dist/esm/private/field-normalize.d.ts
d55ea4a36badd8afa3082f8a075bb3849388caf11bf3ebb2c8afe186197a0e1c	2734	F	0644	research/spikes/cursor-sdk-tier1/node_modules/@bufbuild/protobuf/dist/esm/private/field-normalize.js
6ea9588a03dd2768754a9360166daae3b1bf5120e65f3baef43c5cd3dcb4fbb8	1026	F	0644	research/spikes/cursor-sdk-tier1/node_modules/@bufbuild/protobuf/dist/esm/private/field-wrapper.d.ts
4dd9c9e3ddb75d28c084c862f462d141c10c0890d8e5cb1a60e903d4b695ea3b	1949	F	0644	research/spikes/cursor-sdk-tier1/node_modules/@bufbuild/protobuf/dist/esm/private/field-wrapper.js
91f7f41938f0038ccee3e504546dc98b752ea4b29f8ec5d51c136a7ee5a461f1	536	F	0644	research/spikes/cursor-sdk-tier1/node_modules/@bufbuild/protobuf/dist/esm/private/field.d.ts
612a5b35c6b8b6eccedd0fef715da4b887ef59b606538d46dd28c3a4e146b694	1479	F	0644	research/spikes/cursor-sdk-tier1/node_modules/@bufbuild/protobuf/dist/esm/private/field.js
8716c7bd0eb16bf09b4066dc479bccab39b38d8bf077db85faca73cf97a9fe02	107	F	0644	research/spikes/cursor-sdk-tier1/node_modules/@bufbuild/protobuf/dist/esm/private/json-format.d.ts
e6b8bd3ec1ad9434a9df4f66477b0cad8f534d2c19270bcac1f13761aa2c19d5	26572	F	0644	research/spikes/cursor-sdk-tier1/node_modules/@bufbuild/protobuf/dist/esm/private/json-format.js
d4c23776f8f1a1df07c48c45b30599593215ba90e54e09c235717f0495130ce9	768	F	0644	research/spikes/cursor-sdk-tier1/node_modules/@bufbuild/protobuf/dist/esm/private/message-type.d.ts
bb5f9903eedbbba24bcdaa8d02fa48167c157d021ba3086941d38bfa06c290cc	1758	F	0644	research/spikes/cursor-sdk-tier1/node_modules/@bufbuild/protobuf/dist/esm/private/message-type.js
0ce0a68a8726ae495a01e540c8137f97ae65e0210feefb79e0f2fd86995b8760	1886	F	0644	research/spikes/cursor-sdk-tier1/node_modules/@bufbuild/protobuf/dist/esm/private/names.d.ts
863125ad1ceb22d1a045b3c68697ddb7b4c161726ab4b56f7139f8c607d1c2b4	7651	F	0644	research/spikes/cursor-sdk-tier1/node_modules/@bufbuild/protobuf/dist/esm/private/names.js
16bf1341d77f04b48e6c4c6968e0727d7ea4dca5291ef7e9281944786c426e8a	142	F	0644	research/spikes/cursor-sdk-tier1/node_modules/@bufbuild/protobuf/dist/esm/private/options-map.d.ts
4915b7dc680c25d1f479742e60a8a4890ca0accd0d96f0e5cb1060227e6650dc	616	F	0644	research/spikes/cursor-sdk-tier1/node_modules/@bufbuild/protobuf/dist/esm/private/options-map.js
9a84ba25d436d82f0830f9f88c0e698857c131f6305e80594a9861c65a10ae30	2425	F	0644	research/spikes/cursor-sdk-tier1/node_modules/@bufbuild/protobuf/dist/esm/private/proto-runtime.d.ts
418d162c12605460b33ce70066ece0b472c18a37b71f388ae9d91074bb757f6d	1524	F	0644	research/spikes/cursor-sdk-tier1/node_modules/@bufbuild/protobuf/dist/esm/private/proto-runtime.js
6a5a19be86e8a482311691b940af19d97d192d5a5c335ede5527ea43bcb58139	341	F	0644	research/spikes/cursor-sdk-tier1/node_modules/@bufbuild/protobuf/dist/esm/private/reflect.d.ts
49fa4ddf2cdd0bda1e9b366256e327bdc6943788db25114958bd285a5721da90	2643	F	0644	research/spikes/cursor-sdk-tier1/node_modules/@bufbuild/protobuf/dist/esm/private/reflect.js
147e333507832d5d99734b020def22f33f995d5fc86d747b4f5356d0188e63fd	2632	F	0644	research/spikes/cursor-sdk-tier1/node_modules/@bufbuild/protobuf/dist/esm/private/reify-wkt.d.ts
4bc07647658b02dcd5f2461f00db7a76a6a46d7fdbf8396e4ef393c2402b0360	7118	F	0644	research/spikes/cursor-sdk-tier1/node_modules/@bufbuild/protobuf/dist/esm/private/reify-wkt.js
30eb88a2f4e54fef3212125b3c634a5a867834c2725e3dcc6695163a68455f6d	893	F	0644	research/spikes/cursor-sdk-tier1/node_modules/@bufbuild/protobuf/dist/esm/private/scalars.d.ts
3c9b2ee9af7022e005fa7eaf7f2f4d238287f3420f5e0570d8190eb9cedd31ed	3590	F	0644	research/spikes/cursor-sdk-tier1/node_modules/@bufbuild/protobuf/dist/esm/private/scalars.js
7f187e5fe1759a25ae626babc3b6c3c41a0b0d279f8388e9dd840a3cdb50cc93	324	F	0644	research/spikes/cursor-sdk-tier1/node_modules/@bufbuild/protobuf/dist/esm/private/text-format.d.ts
b8851ba2fed6e6b77a02a61b44278cdafa0ab94e5d24faf2b1a0063f425b3da2	6907	F	0644	research/spikes/cursor-sdk-tier1/node_modules/@bufbuild/protobuf/dist/esm/private/text-format.js
f72d1329dadaa56ef1066ba1ef3d23ee9fe097b9b39d47fdfb506905d885a39b	124	F	0644	research/spikes/cursor-sdk-tier1/node_modules/@bufbuild/protobuf/dist/esm/private/util-common.d.ts
79be8d6840e8ef5374e03ea28354302c8235d88429b1a781d07b2aa75974f59d	10856	F	0644	research/spikes/cursor-sdk-tier1/node_modules/@bufbuild/protobuf/dist/esm/private/util-common.js
2ffb2971267f8df92b64cc3916630e376de936171df46a29612088f60293cd41	1475	F	0644	research/spikes/cursor-sdk-tier1/node_modules/@bufbuild/protobuf/dist/esm/private/util.d.ts
4915b7dc680c25d1f479742e60a8a4890ca0accd0d96f0e5cb1060227e6650dc	616	F	0644	research/spikes/cursor-sdk-tier1/node_modules/@bufbuild/protobuf/dist/esm/private/util.js
071a8cff6dad210ba0bf897f1388eeeaa805a526b9ec7cc7c8dddc635163d806	560	F	0644	research/spikes/cursor-sdk-tier1/node_modules/@bufbuild/protobuf/dist/esm/proto-base64.d.ts
c0be8790f91ea9216570211d974e057a55cfbb2858a070274ba32c3bd111f2bb	4703	F	0644	research/spikes/cursor-sdk-tier1/node_modules/@bufbuild/protobuf/dist/esm/proto-base64.js
e29f94fc3483a23f83a1acb0d931ff693e97b1109554552aa521402beb0bf48e	2002	F	0644	research/spikes/cursor-sdk-tier1/node_modules/@bufbuild/protobuf/dist/esm/proto-delimited.d.ts
508ad374b1b314bdff2288a98b5d28b4961fdb97c613cd5521fe4e845122fded	6976	F	0644	research/spikes/cursor-sdk-tier1/node_modules/@bufbuild/protobuf/dist/esm/proto-delimited.js
82d3cdd488466e697681b914420994c88fd8595bc6888c46c421af7919405c71	145	F	0644	research/spikes/cursor-sdk-tier1/node_modules/@bufbuild/protobuf/dist/esm/proto-double.d.ts
8db975e94047a675093f23d4425f771870392b97d2cb7cda4ab472b41bcf216b	1320	F	0644	research/spikes/cursor-sdk-tier1/node_modules/@bufbuild/protobuf/dist/esm/proto-double.js
aa61e6cb5e048437ab87d09e316ac45770840de626f5736c98a192c7d60c907a	3082	F	0644	research/spikes/cursor-sdk-tier1/node_modules/@bufbuild/protobuf/dist/esm/proto-int64.d.ts
f33fcc6cf4fcae8a7234b1b8eff41e59b96cfd5a22fb5a5b73ff14e2a107d924	4189	F	0644	research/spikes/cursor-sdk-tier1/node_modules/@bufbuild/protobuf/dist/esm/proto-int64.js
2d737ff39762a1fcfabd3b0f97c4b7d891d8f9bb8c45982e6e87549a90982481	159	F	0644	research/spikes/cursor-sdk-tier1/node_modules/@bufbuild/protobuf/dist/esm/proto2.d.ts
f7eb0364e5703f5ab5d8bb4e04733a4c433785c2f375381ddda9b502c591f88e	2151	F	0644	research/spikes/cursor-sdk-tier1/node_modules/@bufbuild/protobuf/dist/esm/proto2.js
7d6568f33fe202d6e75ed60ddeac15bca8ce1e01077385e4cb3dd9dd0130da28	159	F	0644	research/spikes/cursor-sdk-tier1/node_modules/@bufbuild/protobuf/dist/esm/proto3.d.ts
355a737b7246f8be675be2e23fbd7dde742da72bd3629a60abd3bbb1fddfb076	1978	F	0644	research/spikes/cursor-sdk-tier1/node_modules/@bufbuild/protobuf/dist/esm/proto3.js
808fd1efdfa85e4eab8012c7a087a2ebb8b0c6a536d2518ff6cead7a3192eaf1	2296	F	0644	research/spikes/cursor-sdk-tier1/node_modules/@bufbuild/protobuf/dist/esm/scalar.d.ts
2a0ba089d1d375001694dcd55b9070391b0c5ede27187fbd2a24532554580390	3256	F	0644	research/spikes/cursor-sdk-tier1/node_modules/@bufbuild/protobuf/dist/esm/scalar.js
fb3304ed260dec0eaad2f713317b6bbc218c0d21cb67c78580bb3897c15575c6	3398	F	0644	research/spikes/cursor-sdk-tier1/node_modules/@bufbuild/protobuf/dist/esm/service-type.d.ts
a3e6c7d1a21860977a5c3b3f0609b3a5d704f03e8f3fc0e2b32694132e3b5444	2115	F	0644	research/spikes/cursor-sdk-tier1/node_modules/@bufbuild/protobuf/dist/esm/service-type.js
d7c8351dfa3a584c6fdc09544ef019194cb2ea7d9e85fb11230a3e42c4dc983a	499	F	0644	research/spikes/cursor-sdk-tier1/node_modules/@bufbuild/protobuf/dist/esm/to-plain-message.d.ts
31cbdf3c6d2dead35d07dbccbf772933bd914736fb6ab2aaa38c302c9a201e45	2489	F	0644	research/spikes/cursor-sdk-tier1/node_modules/@bufbuild/protobuf/dist/esm/to-plain-message.js
6a4692a562d2905f78f4bba3799e9a5c1f17a15d3f1a3f9d0b95fc5a93ed0886	1637	F	0644	research/spikes/cursor-sdk-tier1/node_modules/@bufbuild/protobuf/dist/esm/type-registry.d.ts
4915b7dc680c25d1f479742e60a8a4890ca0accd0d96f0e5cb1060227e6650dc	616	F	0644	research/spikes/cursor-sdk-tier1/node_modules/@bufbuild/protobuf/dist/esm/type-registry.js
7151277b6763f04dca45931083552129b2e8d7bc603cf3bfd618209944ecdce1	1733	F	0644	research/spikes/cursor-sdk-tier1/node_modules/@bufbuild/protobuf/package.json
6fa8cdbdfeb584526b6b1748fcb956edd50acef0ee15d1dadc0e57be4fe8c2cd	2229	F	0644	research/spikes/cursor-sdk-tier1/node_modules/@bufbuild/protobuf/README.md
57b8f1048f5ecf0e173fa4f6c9a32d023bdc5cb765832a6a4a4b3b0eb7de8952	872	F	0644	research/spikes/cursor-sdk-tier1/node_modules/@connectrpc/connect/dist/cjs/any-client.d.ts
2cb6df7d94cfd1a8c8ebb5272a2373b5366797b6eed11e8b8225057ae0f0e12d	1308	F	0644	research/spikes/cursor-sdk-tier1/node_modules/@connectrpc/connect/dist/cjs/any-client.js
98326633f8bd65ed32baf0c69b9d293ee65e242538e984a00ac3166054f5f04e	893	F	0644	research/spikes/cursor-sdk-tier1/node_modules/@connectrpc/connect/dist/cjs/call-options.d.ts
1a319700bafcae05084350309e8209ab86c65ea4f4378d0b91eb787d82eb9d44	679	F	0644	research/spikes/cursor-sdk-tier1/node_modules/@connectrpc/connect/dist/cjs/call-options.js
4b6a82fe47f3084e2d59fb38eae3f855efd285e8d286862ed2a4760ac98dafad	1756	F	0644	research/spikes/cursor-sdk-tier1/node_modules/@connectrpc/connect/dist/cjs/callback-client.d.ts
33ce86d54845812346acd8106cb47fd3e6826ba48d28c05e4fd886d7fcbfb2de	5592	F	0644	research/spikes/cursor-sdk-tier1/node_modules/@connectrpc/connect/dist/cjs/callback-client.js
c5bfdf0fe99414319a68eab57c20876fa050042822668064ff4eb725c5503fe0	1629	F	0644	research/spikes/cursor-sdk-tier1/node_modules/@connectrpc/connect/dist/cjs/code.d.ts
aef5892a738caae82fff0a49fe68c5ddc33826ef6911a5db5d1f6eb8c17b2ada	2866	F	0644	research/spikes/cursor-sdk-tier1/node_modules/@connectrpc/connect/dist/cjs/code.js
7c0855ccfdf1f2d0475f7714f760ba2b26f64f0efe425f0214d3a233a33a94a4	3909	F	0644	research/spikes/cursor-sdk-tier1/node_modules/@connectrpc/connect/dist/cjs/connect-error.d.ts
ce1e84545b1b45929ab83d7950899bac120d50948389f7d3a0f884da0034d584	5779	F	0644	research/spikes/cursor-sdk-tier1/node_modules/@connectrpc/connect/dist/cjs/connect-error.js
80c7fe8d416c6392349ce94db4c7e2083379384f2329b2465c1778bb67f90e2e	904	F	0644	research/spikes/cursor-sdk-tier1/node_modules/@connectrpc/connect/dist/cjs/context-values.d.ts
72501cdaea561f889fc41e40bf858e749928ed2848ae9ac8fae2bfee9280269b	1395	F	0644	research/spikes/cursor-sdk-tier1/node_modules/@connectrpc/connect/dist/cjs/context-values.js
bec56c9811647aa97e587b7726c1d68c40c8bc03bc3db3d49f198272a1087135	1842	F	0644	research/spikes/cursor-sdk-tier1/node_modules/@connectrpc/connect/dist/cjs/cors.d.ts
70755ce2675b3f25903ec044e07edf31c767df724e791708ac09a72a774f3ee7	3729	F	0644	research/spikes/cursor-sdk-tier1/node_modules/@connectrpc/connect/dist/cjs/cors.js
b1d3f2e538dfecc140fe5578cadeeb4bd30ac1b8e9ff49e63ded1a3f378af89b	1638	F	0644	research/spikes/cursor-sdk-tier1/node_modules/@connectrpc/connect/dist/cjs/http-headers.d.ts
caba35b8d848e4eff5740221cf9af84895653ee45adf2cca645e5c548a3b9d84	2357	F	0644	research/spikes/cursor-sdk-tier1/node_modules/@connectrpc/connect/dist/cjs/http-headers.js
e477b89b62501fa71c1d193a3d101029e75a2e0a78f18f784c546ac2c0530154	6051	F	0644	research/spikes/cursor-sdk-tier1/node_modules/@connectrpc/connect/dist/cjs/implementation.d.ts
e354ac6573642df939435d60476fd2d407c668bed3f6b06a226796f45588d27c	3296	F	0644	research/spikes/cursor-sdk-tier1/node_modules/@connectrpc/connect/dist/cjs/implementation.js
f2e2facaf32208e10c5e890650d5141821ab1f7f0e80268df7117729b63b54f8	1425	F	0644	research/spikes/cursor-sdk-tier1/node_modules/@connectrpc/connect/dist/cjs/index.d.ts
5faf2f0baee6352fb6a49d2ce7c8e56cac06c0042087a339534631d46fc249ee	4242	F	0644	research/spikes/cursor-sdk-tier1/node_modules/@connectrpc/connect/dist/cjs/index.js
2a14516c07d033fe5bcf900b550f25b0aa3d954f5262dce1cbc3e22769e8722f	5408	F	0644	research/spikes/cursor-sdk-tier1/node_modules/@connectrpc/connect/dist/cjs/interceptor.d.ts
67bd2393826c756ba504e5aae66b3018135e1fbfc4cdccfc00d84f740c4a5c76	1221	F	0644	research/spikes/cursor-sdk-tier1/node_modules/@connectrpc/connect/dist/cjs/interceptor.js
4b28b5cb745b9e39831a33017575d3496d3bbc1c5745846e027579e1635d0d6b	2043	F	0644	research/spikes/cursor-sdk-tier1/node_modules/@connectrpc/connect/dist/cjs/method-type.d.ts
1a319700bafcae05084350309e8209ab86c65ea4f4378d0b91eb787d82eb9d44	679	F	0644	research/spikes/cursor-sdk-tier1/node_modules/@connectrpc/connect/dist/cjs/method-type.js
dbf8353f77358bc12169b7bb7301e1978d5b503e002ee927229a8993672818fc	20	F	0644	research/spikes/cursor-sdk-tier1/node_modules/@connectrpc/connect/dist/cjs/package.json
2aee4bd0b9d39e2082d173d7908ed4a72b41b06a9a6747d07323cd67cdb94bda	3362	F	0644	research/spikes/cursor-sdk-tier1/node_modules/@connectrpc/connect/dist/cjs/promise-client.d.ts
cc2e74322bcd11672282c63e4f767dc2de01c32145f7dc46415474216f86f9d5	8964	F	0644	research/spikes/cursor-sdk-tier1/node_modules/@connectrpc/connect/dist/cjs/promise-client.js
606eb06765b7ced26f812f42c2405e4588e835346d6150c913724e9d9abe63f0	28188	F	0644	research/spikes/cursor-sdk-tier1/node_modules/@connectrpc/connect/dist/cjs/protocol/async-iterable.d.ts
f048ed4178471f709508e2cd8c09ec69f6d53c21c0bb1d444a26696c60afa13e	39613	F	0644	research/spikes/cursor-sdk-tier1/node_modules/@connectrpc/connect/dist/cjs/protocol/async-iterable.js
671fe5382330473a7957d410775fba6f8194d303e58c43d6a7a4593613bc0b8e	1706	F	0644	research/spikes/cursor-sdk-tier1/node_modules/@connectrpc/connect/dist/cjs/protocol/compression.d.ts
2b5beb97b9dbd4950c416c8bb4aa80efeee961785934acfc0279f2bc9e9882c7	3085	F	0644	research/spikes/cursor-sdk-tier1/node_modules/@connectrpc/connect/dist/cjs/protocol/compression.js
56c893436e9fe7b3a9a8cc7c326057a8420edd0c3150be2ecbc1d0228f9eaef0	602	F	0644	research/spikes/cursor-sdk-tier1/node_modules/@connectrpc/connect/dist/cjs/protocol/content-type-matcher.d.ts
303becd647831619c781a06dc3ec2c7d65cae5cb2efea80d96fc5d8822eed78f	1726	F	0644	research/spikes/cursor-sdk-tier1/node_modules/@connectrpc/connect/dist/cjs/protocol/content-type-matcher.js
f3db3ac859485e46f50934ed851094deb537b3c1b5d0e2dc1944307ef7155bfd	743	F	0644	research/spikes/cursor-sdk-tier1/node_modules/@connectrpc/connect/dist/cjs/protocol/create-method-url.d.ts
c83572e7170995f0641c3051732ec75f15b8aec5f26ddb3ea57e7222434b9bac	1517	F	0644	research/spikes/cursor-sdk-tier1/node_modules/@connectrpc/connect/dist/cjs/protocol/create-method-url.js
f31d3643c457ce415938dbf478ac3bfe7e0b22df15ea094072437d43f31c4441	2170	F	0644	research/spikes/cursor-sdk-tier1/node_modules/@connectrpc/connect/dist/cjs/protocol/envelope.d.ts
69009c39b299a47bf500b3645ff9440b8a180e8d4642e749331687697e560b3d	5790	F	0644	research/spikes/cursor-sdk-tier1/node_modules/@connectrpc/connect/dist/cjs/protocol/envelope.js
bea32faf3c102ab195e54f1ef2692fba22f7873736e721907b73460c1a74aba4	2650	F	0644	research/spikes/cursor-sdk-tier1/node_modules/@connectrpc/connect/dist/cjs/protocol/index.d.ts
462caa272edf1db243f709138fbaf99ac2f9fb8cbe7a54d1c8d51ddace96a1a4	12070	F	0644	research/spikes/cursor-sdk-tier1/node_modules/@connectrpc/connect/dist/cjs/protocol/index.js
5ccd3484bb6b57d6f74e42b10f8bd4636444b499985da637d66c4a58a441fd12	1134	F	0644	research/spikes/cursor-sdk-tier1/node_modules/@connectrpc/connect/dist/cjs/protocol/invoke-implementation.d.ts
8e260be1e4f37300f2f5d12f673129d6430b48e4befcbf842199c9f07b3fca77	13650	F	0644	research/spikes/cursor-sdk-tier1/node_modules/@connectrpc/connect/dist/cjs/protocol/invoke-implementation.js
7c7c5a1c50984f32219af007d83014ab7fde30f9ff59b3a62867c7df9f48d6d2	994	F	0644	research/spikes/cursor-sdk-tier1/node_modules/@connectrpc/connect/dist/cjs/protocol/limit-io.d.ts
836a4691c41735f1f47a9d354f986eda25b4b6fe3f66f542b2510038780b314d	3709	F	0644	research/spikes/cursor-sdk-tier1/node_modules/@connectrpc/connect/dist/cjs/protocol/limit-io.js
106fbb5f6114221122224b318400bfe945b80b015fc873148796cdc9ccf21ccd	639	F	0644	research/spikes/cursor-sdk-tier1/node_modules/@connectrpc/connect/dist/cjs/protocol/normalize.d.ts
4949bfc54812ba90cf847860a141d6f856b69b653b7a05bcb95c3b6c38280728	2018	F	0644	research/spikes/cursor-sdk-tier1/node_modules/@connectrpc/connect/dist/cjs/protocol/normalize.js
502cf4ab1977b16307fde9f62f3a79b2c3cb397b015a2044a9e20d576cd0e83b	609	F	0644	research/spikes/cursor-sdk-tier1/node_modules/@connectrpc/connect/dist/cjs/protocol/protocol-handler-factory.d.ts
1a319700bafcae05084350309e8209ab86c65ea4f4378d0b91eb787d82eb9d44	679	F	0644	research/spikes/cursor-sdk-tier1/node_modules/@connectrpc/connect/dist/cjs/protocol/protocol-handler-factory.js
9e04b689763f55cf429c225e59650d4b2529c95c251369f039a783a824ac0c9b	1988	F	0644	research/spikes/cursor-sdk-tier1/node_modules/@connectrpc/connect/dist/cjs/protocol/run-call.d.ts
785fea9792ea9a45bcceb3d9786804ecdd3a986a32d189fc8943a3794a5688f7	5335	F	0644	research/spikes/cursor-sdk-tier1/node_modules/@connectrpc/connect/dist/cjs/protocol/run-call.js
133f606c3289f65a67fffd1acb04f4332fd605f9d1c19bff6a8cf1bf8e294320	4302	F	0644	research/spikes/cursor-sdk-tier1/node_modules/@connectrpc/connect/dist/cjs/protocol/serialization.d.ts
b5b789b36f34b14e824861b070bd264901034076d6488c138ac1f416af8bf43b	5959	F	0644	research/spikes/cursor-sdk-tier1/node_modules/@connectrpc/connect/dist/cjs/protocol/serialization.js
e9c422f6e7410332395a1a023d6487329a33f17c97194fbe98f8a146711d08a7	1375	F	0644	research/spikes/cursor-sdk-tier1/node_modules/@connectrpc/connect/dist/cjs/protocol/signals.d.ts
df22128ce47d58435b0a081f3a68c8e67eee264c63bc7635af0502aaf352a31d	3560	F	0644	research/spikes/cursor-sdk-tier1/node_modules/@connectrpc/connect/dist/cjs/protocol/signals.js
4ea23b10f21d82205e6d9de87e132647a7ff8667eba0877e8590b280e6b917ed	3551	F	0644	research/spikes/cursor-sdk-tier1/node_modules/@connectrpc/connect/dist/cjs/protocol/transport-options.d.ts
1a319700bafcae05084350309e8209ab86c65ea4f4378d0b91eb787d82eb9d44	679	F	0644	research/spikes/cursor-sdk-tier1/node_modules/@connectrpc/connect/dist/cjs/protocol/transport-options.js
a9d9d59d84b6da590aefa7e5104bf33cfdd2eed76aba37303fb0b97566b5772d	1510	F	0644	research/spikes/cursor-sdk-tier1/node_modules/@connectrpc/connect/dist/cjs/protocol/universal-fetch.d.ts
1797bd6fc4850c91dcd71d1d63c66155dd0e0aa523ddf9030cae512c1a24afa2	5007	F	0644	research/spikes/cursor-sdk-tier1/node_modules/@connectrpc/connect/dist/cjs/protocol/universal-fetch.js
e00de9472b0e967576581888048ffdfd0c77b53615893ffefaaa2da57f66aff9	401	F	0644	research/spikes/cursor-sdk-tier1/node_modules/@connectrpc/connect/dist/cjs/protocol/universal-handler-client.d.ts
cc3754f5167b7ec628e35d3adb769253aff98f9ba2806c8fbd37a660c7084a99	4135	F	0644	research/spikes/cursor-sdk-tier1/node_modules/@connectrpc/connect/dist/cjs/protocol/universal-handler-client.js
a2d889810fc30a97f0bbd14a9842b91ee38bd4b2a5020ee01b97dcc83edf1dd4	6106	F	0644	research/spikes/cursor-sdk-tier1/node_modules/@connectrpc/connect/dist/cjs/protocol/universal-handler.d.ts
b2034910f3c13721566811fcfb4331f36bc0a83c4a1621f8f24fe41884f1a12e	6493	F	0644	research/spikes/cursor-sdk-tier1/node_modules/@connectrpc/connect/dist/cjs/protocol/universal-handler.js
ad19602198bc0b8237f5da9f61edbb8867317d212c5c7e0a1f727c5cd378da86	3266	F	0644	research/spikes/cursor-sdk-tier1/node_modules/@connectrpc/connect/dist/cjs/protocol/universal.d.ts
7296bf813da2ff88457eb191c6707f3550dddd3404b7a7bf3369de36430f1c6d	2457	F	0644	research/spikes/cursor-sdk-tier1/node_modules/@connectrpc/connect/dist/cjs/protocol/universal.js
9c829b6c1a5a0ec298abc73f44d062ed28e4b7f2a35668d74b99b6962d6f4f67	612	F	0644	research/spikes/cursor-sdk-tier1/node_modules/@connectrpc/connect/dist/cjs/protocol-connect/code-string.d.ts
54d7f2846eea8d3bee3600bea26d16077176cf3a646e63db8b6ebadeaf2a015e	1855	F	0644	research/spikes/cursor-sdk-tier1/node_modules/@connectrpc/connect/dist/cjs/protocol-connect/code-string.js
c63ce714832593b347c214e2e698b7033c13bc34d2fee1b4436653324e97cc4b	1394	F	0644	research/spikes/cursor-sdk-tier1/node_modules/@connectrpc/connect/dist/cjs/protocol-connect/content-type.d.ts
66435fa31be43c24994ba451b4331ee077274993df6c5480cc3e6c8d777b3e66	2870	F	0644	research/spikes/cursor-sdk-tier1/node_modules/@connectrpc/connect/dist/cjs/protocol-connect/content-type.js
c95e41cf6bba4e1a57357c6ff01af7de2736b205dbcf7784c2de126199baccfb	1715	F	0644	research/spikes/cursor-sdk-tier1/node_modules/@connectrpc/connect/dist/cjs/protocol-connect/end-stream.d.ts
779e15104dfd480bfaf08ec13e9412217d182c80dce0fcd85c105c59248c0105	4879	F	0644	research/spikes/cursor-sdk-tier1/node_modules/@connectrpc/connect/dist/cjs/protocol-connect/end-stream.js
6995fdc1b9243af849070d697a7ec7fb26b9c8274f7a9ff0ed9ed9a089182a55	1704	F	0644	research/spikes/cursor-sdk-tier1/node_modules/@connectrpc/connect/dist/cjs/protocol-connect/error-json.d.ts
aec13a8098d9329b6f141f722c7f8db63c95900c07e5568d231b926552468a40	6110	F	0644	research/spikes/cursor-sdk-tier1/node_modules/@connectrpc/connect/dist/cjs/protocol-connect/error-json.js
b070e6ac8c15257a8aa0514d8eea33de7c74efff3e7e9cca0d2f88d61bad2929	445	F	0644	research/spikes/cursor-sdk-tier1/node_modules/@connectrpc/connect/dist/cjs/protocol-connect/get-request.d.ts
dd1806a5e20201685f33474470eda9f5542a9b993db05cb6912e989515a08311	2905	F	0644	research/spikes/cursor-sdk-tier1/node_modules/@connectrpc/connect/dist/cjs/protocol-connect/get-request.js
97eeb06212bf89f3230f89b281182f2676c212286ed1f91941eada11d69bc9a9	340	F	0644	research/spikes/cursor-sdk-tier1/node_modules/@connectrpc/connect/dist/cjs/protocol-connect/handler-factory.d.ts
2e801ce0988853d5d55f65817101f103d587c7303d642f86c339a920efa6692f	15021	F	0644	research/spikes/cursor-sdk-tier1/node_modules/@connectrpc/connect/dist/cjs/protocol-connect/handler-factory.js
43c07af6be92e2003c81d7a2db7ef5330487070dbb50cce93876e9258dadc34f	660	F	0644	research/spikes/cursor-sdk-tier1/node_modules/@connectrpc/connect/dist/cjs/protocol-connect/headers.d.ts
6ee25e52fb4ee6a97dca962696625d88ea3f51af57b51cb5963991ed0daeb104	1509	F	0644	research/spikes/cursor-sdk-tier1/node_modules/@connectrpc/connect/dist/cjs/protocol-connect/headers.js
a4a5e130fbe026b7568784130dc0f5f6a97729b9493cde9af9a34d6ff7d2d633	563	F	0644	research/spikes/cursor-sdk-tier1/node_modules/@connectrpc/connect/dist/cjs/protocol-connect/http-status.d.ts
07e18fe80f0f29187717531933e125f8ffc6aaf669a19f5f6c76e67d4c65fb4b	3482	F	0644	research/spikes/cursor-sdk-tier1/node_modules/@connectrpc/connect/dist/cjs/protocol-connect/http-status.js
9ffe62281933eba9b9b43f7e627f80827f900a546060a68873d8a75a47abec02	1210	F	0644	research/spikes/cursor-sdk-tier1/node_modules/@connectrpc/connect/dist/cjs/protocol-connect/index.d.ts
7451869edf786c4c3db8cc0bfc77be485c0ba4f74e3f11827b5f23c575546d5f	7742	F	0644	research/spikes/cursor-sdk-tier1/node_modules/@connectrpc/connect/dist/cjs/protocol-connect/index.js
2ae5318c5d48cd021dc45b547312924fa3e3672c17ae75549ddcfbd4101d8e0f	362	F	0644	research/spikes/cursor-sdk-tier1/node_modules/@connectrpc/connect/dist/cjs/protocol-connect/parse-timeout.d.ts
38d1121f10be483c0c6f3cd45d72177e079122dcb952884e586b6e20c48c1cfd	1640	F	0644	research/spikes/cursor-sdk-tier1/node_modules/@connectrpc/connect/dist/cjs/protocol-connect/parse-timeout.js
c2d6629969506f58e5e81c81e1b136cb113f23daeaf632f609f05dfcf86ad1c1	322	F	0644	research/spikes/cursor-sdk-tier1/node_modules/@connectrpc/connect/dist/cjs/protocol-connect/query-params.d.ts
1e1f107c097c7874c8e88ff5356df53541ec54bed1d98610844d7a0bfaeef4a2	1070	F	0644	research/spikes/cursor-sdk-tier1/node_modules/@connectrpc/connect/dist/cjs/protocol-connect/query-params.js
e628a0c3ad4cb8fd799f77ad223ed0b11bb286ed44f379112cc6167283fb8c8c	1121	F	0644	research/spikes/cursor-sdk-tier1/node_modules/@connectrpc/connect/dist/cjs/protocol-connect/request-header.d.ts
d56e3e81b00552518debd60a4bf5129d6e7729b5d1e830d8d67b006a7d112d42	3267	F	0644	research/spikes/cursor-sdk-tier1/node_modules/@connectrpc/connect/dist/cjs/protocol-connect/request-header.js
f6e1a3df78b48a88188d7dfdd51ee43cb06c3173a5c955bbd2b6f37fe6286089	710	F	0644	research/spikes/cursor-sdk-tier1/node_modules/@connectrpc/connect/dist/cjs/protocol-connect/trailer-mux.d.ts
303496aa61f14fd6b88f715cc821bfc466d6f528e6eed9cff2a3aa472a06ac35	1784	F	0644	research/spikes/cursor-sdk-tier1/node_modules/@connectrpc/connect/dist/cjs/protocol-connect/trailer-mux.js
f4caa97877f57b9be14ac316476bf7c4f1d253bb3bbb895ace3db2a9787629b9	267	F	0644	research/spikes/cursor-sdk-tier1/node_modules/@connectrpc/connect/dist/cjs/protocol-connect/transport.d.ts
affac422964a9e948d77abe41819390be705ead6e67fcdcdfc425cdd956b7b5a	13713	F	0644	research/spikes/cursor-sdk-tier1/node_modules/@connectrpc/connect/dist/cjs/protocol-connect/transport.js
64caba838e63916019e2308e813e2a77426c09b1eb733d24f79d5a615519e9b9	1346	F	0644	research/spikes/cursor-sdk-tier1/node_modules/@connectrpc/connect/dist/cjs/protocol-connect/validate-response.d.ts
1ff801906736800970e208e2c24706cc603de8814748b95445c46125ee4b8e6b	3713	F	0644	research/spikes/cursor-sdk-tier1/node_modules/@connectrpc/connect/dist/cjs/protocol-connect/validate-response.js
055bdff0e9845b6f691d55cb0a23f1543b99db5bb70c825207c1ca47c1bccde4	796	F	0644	research/spikes/cursor-sdk-tier1/node_modules/@connectrpc/connect/dist/cjs/protocol-connect/version.d.ts
b44af76653a09361826f274948602ffbfc86fbca16511e7606b88c3a177c188a	2804	F	0644	research/spikes/cursor-sdk-tier1/node_modules/@connectrpc/connect/dist/cjs/protocol-connect/version.js
eb1440d4ffc6787c1d8add2a8ff26424381fed45a60417a4304f96b4b8176ae1	550	F	0644	research/spikes/cursor-sdk-tier1/node_modules/@connectrpc/connect/dist/cjs/protocol-grpc/content-type.d.ts
52359b9e52bda30143bd746ed82a0088d0accaf2881481e11e115ddb6efd338d	1546	F	0644	research/spikes/cursor-sdk-tier1/node_modules/@connectrpc/connect/dist/cjs/protocol-grpc/content-type.js
a37cd0e55b2f1b70d98e3ccdeea40f4d586c0e7a9de617a3db62c1141630b085	4232	F	0644	research/spikes/cursor-sdk-tier1/node_modules/@connectrpc/connect/dist/cjs/protocol-grpc/gen/status_pb.d.ts
9f19e84d369b1495ce9f3d98f27c471496d0405da3f07784eb7c788419f2fc8d	5229	F	0644	research/spikes/cursor-sdk-tier1/node_modules/@connectrpc/connect/dist/cjs/protocol-grpc/gen/status_pb.js
ddfc7021c95cf1a2623820c27828fc74f7037c7befb4e0b5536f899b75a181af	337	F	0644	research/spikes/cursor-sdk-tier1/node_modules/@connectrpc/connect/dist/cjs/protocol-grpc/handler-factory.d.ts
e6f342814071f4aeb88d62cf938a52c3bb3c4921869fe57f88d46d05dc0c2f98	7527	F	0644	research/spikes/cursor-sdk-tier1/node_modules/@connectrpc/connect/dist/cjs/protocol-grpc/handler-factory.js
84cf89f54a19d6bb20cbf21e3f190451bf050efa4f7775640aff855bec97d348	605	F	0644	research/spikes/cursor-sdk-tier1/node_modules/@connectrpc/connect/dist/cjs/protocol-grpc/headers.d.ts
773156a87551f90fda26591cae94b795169d114f270f925349ed209c7ef4ff92	1425	F	0644	research/spikes/cursor-sdk-tier1/node_modules/@connectrpc/connect/dist/cjs/protocol-grpc/headers.js
2c76ffe0e8d8d69f087c9b6e3af925e676a597971ded1e04ae8399351eea1b79	330	F	0644	research/spikes/cursor-sdk-tier1/node_modules/@connectrpc/connect/dist/cjs/protocol-grpc/http-status.d.ts
f4fc1c76573c6f2e7c30aaf6d1bfad0cacda88d7b959da4843bed232b6ecae52	1891	F	0644	research/spikes/cursor-sdk-tier1/node_modules/@connectrpc/connect/dist/cjs/protocol-grpc/http-status.js
c4147439f6b0513a50d0a4109c3bbad534cadfef3a09499eacc6ca373749353c	679	F	0644	research/spikes/cursor-sdk-tier1/node_modules/@connectrpc/connect/dist/cjs/protocol-grpc/index.d.ts
d70f7300e82b272969e7c64db07900f17cf5149ea816b4a79c7e128dfcff6c8f	4934	F	0644	research/spikes/cursor-sdk-tier1/node_modules/@connectrpc/connect/dist/cjs/protocol-grpc/index.js
eb0dbefe800b65917de7cb852fb9cf7ae986978602820812529c4f3ca52983f1	359	F	0644	research/spikes/cursor-sdk-tier1/node_modules/@connectrpc/connect/dist/cjs/protocol-grpc/parse-timeout.d.ts
486cb27cdd6137e31bd1fa4e8fe2552459ae57d13fee7b03cab8e19ceb617343	1895	F	0644	research/spikes/cursor-sdk-tier1/node_modules/@connectrpc/connect/dist/cjs/protocol-grpc/parse-timeout.js
0ebe5f792e8a52e6823fdcec4d6ef9b2149f85c07d288f61270db3ea79b437a7	696	F	0644	research/spikes/cursor-sdk-tier1/node_modules/@connectrpc/connect/dist/cjs/protocol-grpc/request-header.d.ts
0af95454c88e551e9a251fb0d69e6ad8bb3296b7effe2cf3530e87e7146fa7d8	2634	F	0644	research/spikes/cursor-sdk-tier1/node_modules/@connectrpc/connect/dist/cjs/protocol-grpc/request-header.js
0a59b769ccb1772edb4009f3937c465e79215f17a697180aeb6bab7e42c65aa0	1241	F	0644	research/spikes/cursor-sdk-tier1/node_modules/@connectrpc/connect/dist/cjs/protocol-grpc/trailer-status.d.ts
232bd5765f791f6e2f348be409d4f4e4d49ced6e74bff43351a8a1ed66892711	4489	F	0644	research/spikes/cursor-sdk-tier1/node_modules/@connectrpc/connect/dist/cjs/protocol-grpc/trailer-status.js
bccaf9ae040aecc38f0879a7d9026a10a2a288077d6fd27861041db14df837ed	264	F	0644	research/spikes/cursor-sdk-tier1/node_modules/@connectrpc/connect/dist/cjs/protocol-grpc/transport.d.ts
8c72e1587aa50578455f09049667ca32ef9eac2eb3e2b2df0468e500f3d40c69	11944	F	0644	research/spikes/cursor-sdk-tier1/node_modules/@connectrpc/connect/dist/cjs/protocol-grpc/transport.js
d3a045d2a6e7ca88f7244a7552821756b83422950b0004a83bf1b4ba42486c27	1350	F	0644	research/spikes/cursor-sdk-tier1/node_modules/@connectrpc/connect/dist/cjs/protocol-grpc/validate-response.d.ts
10de84ac05744f09c6a15e5d6607df370f2c38a79e699405970404125687e80a	3267	F	0644	research/spikes/cursor-sdk-tier1/node_modules/@connectrpc/connect/dist/cjs/protocol-grpc/validate-response.js
f3c768e83d1f0fb1cee5b2d09084bbf93c72fbadecf3e3d266a24783f2df346a	491	F	0644	research/spikes/cursor-sdk-tier1/node_modules/@connectrpc/connect/dist/cjs/protocol-grpc/validate-trailer.d.ts
f0642c9ea290504767a01ad5886f9e8b9786f0e0cd386ec966bd0d971b2433fe	1806	F	0644	research/spikes/cursor-sdk-tier1/node_modules/@connectrpc/connect/dist/cjs/protocol-grpc/validate-trailer.js
24e46006e4c14566c8f922b75500533c4deb3ec9d2eaf091a15170e8bc932c60	684	F	0644	research/spikes/cursor-sdk-tier1/node_modules/@connectrpc/connect/dist/cjs/protocol-grpc-web/content-type.d.ts
419f92ad7b8ecbd25b5935af5940431d07e7f2c9a85b35012c6fa4bb9ea255f8	1708	F	0644	research/spikes/cursor-sdk-tier1/node_modules/@connectrpc/connect/dist/cjs/protocol-grpc-web/content-type.js
194fc6b44e911f85ffb4d5e75dfb93d26f13447beb4b7fd623ff10928d718725	341	F	0644	research/spikes/cursor-sdk-tier1/node_modules/@connectrpc/connect/dist/cjs/protocol-grpc-web/handler-factory.d.ts
cfb37b8a34621ffd19fd948cfaed08e8660f3907d7b3f8f39eb3f362b406dac5	7905	F	0644	research/spikes/cursor-sdk-tier1/node_modules/@connectrpc/connect/dist/cjs/protocol-grpc-web/handler-factory.js
8150c90156eaad33abd45ec9afd73e7387798037ff73ced13ab34b895d091907	914	F	0644	research/spikes/cursor-sdk-tier1/node_modules/@connectrpc/connect/dist/cjs/protocol-grpc-web/headers.d.ts
b00a3a7c0d91edf9c49c2e678516beda53aba1aafb1530200aab1874c51d1cea	2795	F	0644	research/spikes/cursor-sdk-tier1/node_modules/@connectrpc/connect/dist/cjs/protocol-grpc-web/headers.js
a7e349727fb504f8af37573f2f441e69aad1633fcbd3f09f96eba523f2b0f434	640	F	0644	research/spikes/cursor-sdk-tier1/node_modules/@connectrpc/connect/dist/cjs/protocol-grpc-web/index.d.ts
56f7cadf29463d92a0010fc19067407260cbce813beba4eb65eef61662dee225	5076	F	0644	research/spikes/cursor-sdk-tier1/node_modules/@connectrpc/connect/dist/cjs/protocol-grpc-web/index.js
1da750053b2fc961b3acc6eabd4acd54f535cd751cbc2ef03e88a3b4bd8c6995	750	F	0644	research/spikes/cursor-sdk-tier1/node_modules/@connectrpc/connect/dist/cjs/protocol-grpc-web/request-header.d.ts
704ecc5756a0924a863c1aa620085e677dbb0b3f67c646c8e88af5bd13f338d9	2982	F	0644	research/spikes/cursor-sdk-tier1/node_modules/@connectrpc/connect/dist/cjs/protocol-grpc-web/request-header.js
31e132076c2926f54a79132f3d98a71ecb7e0a98c194a8e65a8ad8a151855936	1011	F	0644	research/spikes/cursor-sdk-tier1/node_modules/@connectrpc/connect/dist/cjs/protocol-grpc-web/trailer.d.ts
8dc18a86bc54fce292b1048790a7798bdc4f4f585092933ec24c1fc3b52276a7	2378	F	0644	research/spikes/cursor-sdk-tier1/node_modules/@connectrpc/connect/dist/cjs/protocol-grpc-web/trailer.js
e93353884960f518895a8baf922b0e925e4d7577369ce09f87ab8a1027f429b3	268	F	0644	research/spikes/cursor-sdk-tier1/node_modules/@connectrpc/connect/dist/cjs/protocol-grpc-web/transport.d.ts
764faf32f6a3b6ae00a541d3dbdc9619f8d70c0b1b59557b407a4cb20d514c96	15775	F	0644	research/spikes/cursor-sdk-tier1/node_modules/@connectrpc/connect/dist/cjs/protocol-grpc-web/transport.js
a5b6c8e2a695d55bb94684f58874646f799489da394db66a04158308d58ffcde	1339	F	0644	research/spikes/cursor-sdk-tier1/node_modules/@connectrpc/connect/dist/cjs/protocol-grpc-web/validate-response.d.ts
f35b87ff1f328ed1d9d5a197e0f5fc22e7a398d51d0ef08a63d8aa5b57775113	3238	F	0644	research/spikes/cursor-sdk-tier1/node_modules/@connectrpc/connect/dist/cjs/protocol-grpc-web/validate-response.js
c6e10ea33020e4b43dde022cf3b1c8dba18e65ad841d201d3108d0835d266f60	699	F	0644	research/spikes/cursor-sdk-tier1/node_modules/@connectrpc/connect/dist/cjs/router-transport.d.ts
d4653e326e8b35e47ac70e9e8b0b6bcf64edcb5b6b9dbdcb1036a199728fd563	2082	F	0644	research/spikes/cursor-sdk-tier1/node_modules/@connectrpc/connect/dist/cjs/router-transport.js
161e823a04d2257433a01d99542e7b27380ee9461ace3a2bce2294e320b368b4	3736	F	0644	research/spikes/cursor-sdk-tier1/node_modules/@connectrpc/connect/dist/cjs/router.d.ts
84b64df865b65b624dc56097b7cd2ac429d08f791338f035b6570fa752f8cf76	3825	F	0644	research/spikes/cursor-sdk-tier1/node_modules/@connectrpc/connect/dist/cjs/router.js
85c3d91db335f2f9b1aeac6c4965484f4ef7b13dc8a3808082f6a2dee6deb655	1405	F	0644	research/spikes/cursor-sdk-tier1/node_modules/@connectrpc/connect/dist/cjs/transport.d.ts
1a319700bafcae05084350309e8209ab86c65ea4f4378d0b91eb787d82eb9d44	679	F	0644	research/spikes/cursor-sdk-tier1/node_modules/@connectrpc/connect/dist/cjs/transport.js
57b8f1048f5ecf0e173fa4f6c9a32d023bdc5cb765832a6a4a4b3b0eb7de8952	872	F	0644	research/spikes/cursor-sdk-tier1/node_modules/@connectrpc/connect/dist/esm/any-client.d.ts
eeb35e4ce01e497dbf33a677d3c23fd2fa0562bf50ea82bb2ccdcf6c7bdf3d06	1199	F	0644	research/spikes/cursor-sdk-tier1/node_modules/@connectrpc/connect/dist/esm/any-client.js
98326633f8bd65ed32baf0c69b9d293ee65e242538e984a00ac3166054f5f04e	893	F	0644	research/spikes/cursor-sdk-tier1/node_modules/@connectrpc/connect/dist/esm/call-options.d.ts
9b3be1d9d09e81630e19f6297f42071c6cafde356f6136ab9990736e7e59946e	613	F	0644	research/spikes/cursor-sdk-tier1/node_modules/@connectrpc/connect/dist/esm/call-options.js
4b6a82fe47f3084e2d59fb38eae3f855efd285e8d286862ed2a4760ac98dafad	1756	F	0644	research/spikes/cursor-sdk-tier1/node_modules/@connectrpc/connect/dist/esm/callback-client.d.ts
e049bbfd5e23e9fd65780f21d3b3c1e9c2df142db0df9e1f1ee3a5c280fc30cc	5314	F	0644	research/spikes/cursor-sdk-tier1/node_modules/@connectrpc/connect/dist/esm/callback-client.js
c5bfdf0fe99414319a68eab57c20876fa050042822668064ff4eb725c5503fe0	1629	F	0644	research/spikes/cursor-sdk-tier1/node_modules/@connectrpc/connect/dist/esm/code.d.ts
e7431ba772973e7bbcd676a6aabe9126217ccdc711a6f80136ca086e5d256d18	2758	F	0644	research/spikes/cursor-sdk-tier1/node_modules/@connectrpc/connect/dist/esm/code.js
7c0855ccfdf1f2d0475f7714f760ba2b26f64f0efe425f0214d3a233a33a94a4	3909	F	0644	research/spikes/cursor-sdk-tier1/node_modules/@connectrpc/connect/dist/esm/connect-error.d.ts
d93475938c95a6b8da0be64aa382e6e4a2f7353cf6dc48b5f7ee772223fdbd1c	5556	F	0644	research/spikes/cursor-sdk-tier1/node_modules/@connectrpc/connect/dist/esm/connect-error.js
80c7fe8d416c6392349ce94db4c7e2083379384f2329b2465c1778bb67f90e2e	904	F	0644	research/spikes/cursor-sdk-tier1/node_modules/@connectrpc/connect/dist/esm/context-values.d.ts
8843c30d94c8046f1f7df376abd71cf82e129b3cf0eaf69f9394713590b7d86a	1236	F	0644	research/spikes/cursor-sdk-tier1/node_modules/@connectrpc/connect/dist/esm/context-values.js
bec56c9811647aa97e587b7726c1d68c40c8bc03bc3db3d49f198272a1087135	1842	F	0644	research/spikes/cursor-sdk-tier1/node_modules/@connectrpc/connect/dist/esm/cors.d.ts
47e53aa26a16772009ff53db1185bc8dabc7423d6cd8860488112b4e244a6359	3634	F	0644	research/spikes/cursor-sdk-tier1/node_modules/@connectrpc/connect/dist/esm/cors.js
b1d3f2e538dfecc140fe5578cadeeb4bd30ac1b8e9ff49e63ded1a3f378af89b	1638	F	0644	research/spikes/cursor-sdk-tier1/node_modules/@connectrpc/connect/dist/esm/http-headers.d.ts
6ab4063f8d28e1508cbf7dae4c508c9ace94d145d51dd127832d3266d8489dc8	2100	F	0644	research/spikes/cursor-sdk-tier1/node_modules/@connectrpc/connect/dist/esm/http-headers.js
e477b89b62501fa71c1d193a3d101029e75a2e0a78f18f784c546ac2c0530154	6051	F	0644	research/spikes/cursor-sdk-tier1/node_modules/@connectrpc/connect/dist/esm/implementation.d.ts
e2960c563c0c924a26d659a8fec04373cf7b7cdd7ffa67a2329853baa38d0ea4	3061	F	0644	research/spikes/cursor-sdk-tier1/node_modules/@connectrpc/connect/dist/esm/implementation.js
f2e2facaf32208e10c5e890650d5141821ab1f7f0e80268df7117729b63b54f8	1425	F	0644	research/spikes/cursor-sdk-tier1/node_modules/@connectrpc/connect/dist/esm/index.d.ts
295642a01bf78fe43b48fbd8d568d5778275bb9b0cebf4cd207bbf5bc42dd18f	1443	F	0644	research/spikes/cursor-sdk-tier1/node_modules/@connectrpc/connect/dist/esm/index.js
2a14516c07d033fe5bcf900b550f25b0aa3d954f5262dce1cbc3e22769e8722f	5408	F	0644	research/spikes/cursor-sdk-tier1/node_modules/@connectrpc/connect/dist/esm/interceptor.d.ts
30d78c1f657b10d93bfad5b4b3dc1e3e0f03ed0bfdce0578452d3d0d40554831	1104	F	0644	research/spikes/cursor-sdk-tier1/node_modules/@connectrpc/connect/dist/esm/interceptor.js
4b28b5cb745b9e39831a33017575d3496d3bbc1c5745846e027579e1635d0d6b	2043	F	0644	research/spikes/cursor-sdk-tier1/node_modules/@connectrpc/connect/dist/esm/method-type.d.ts
9b3be1d9d09e81630e19f6297f42071c6cafde356f6136ab9990736e7e59946e	613	F	0644	research/spikes/cursor-sdk-tier1/node_modules/@connectrpc/connect/dist/esm/method-type.js
2aee4bd0b9d39e2082d173d7908ed4a72b41b06a9a6747d07323cd67cdb94bda	3362	F	0644	research/spikes/cursor-sdk-tier1/node_modules/@connectrpc/connect/dist/esm/promise-client.d.ts
5fa3df9e0083f22aacbbf15db4711e243ce7c9841ee27a655ebaf55d8a40cee1	8472	F	0644	research/spikes/cursor-sdk-tier1/node_modules/@connectrpc/connect/dist/esm/promise-client.js
606eb06765b7ced26f812f42c2405e4588e835346d6150c913724e9d9abe63f0	28188	F	0644	research/spikes/cursor-sdk-tier1/node_modules/@connectrpc/connect/dist/esm/protocol/async-iterable.d.ts
8e14abe8513c5f30bbfc343a2161a41bbb5408ba901d9b77cfc3164eb1858e30	38528	F	0644	research/spikes/cursor-sdk-tier1/node_modules/@connectrpc/connect/dist/esm/protocol/async-iterable.js
671fe5382330473a7957d410775fba6f8194d303e58c43d6a7a4593613bc0b8e	1706	F	0644	research/spikes/cursor-sdk-tier1/node_modules/@connectrpc/connect/dist/esm/protocol/compression.d.ts
f1084d29d9144bd45b4ac64827f776e283b1d2d9c57c39f687c1ef3cd96657d7	2892	F	0644	research/spikes/cursor-sdk-tier1/node_modules/@connectrpc/connect/dist/esm/protocol/compression.js
56c893436e9fe7b3a9a8cc7c326057a8420edd0c3150be2ecbc1d0228f9eaef0	602	F	0644	research/spikes/cursor-sdk-tier1/node_modules/@connectrpc/connect/dist/esm/protocol/content-type-matcher.d.ts
1b1b12586bb78c8ef740dda09479fc94717dfcd85250239807c952900ac83cde	1607	F	0644	research/spikes/cursor-sdk-tier1/node_modules/@connectrpc/connect/dist/esm/protocol/content-type-matcher.js
f3db3ac859485e46f50934ed851094deb537b3c1b5d0e2dc1944307ef7155bfd	743	F	0644	research/spikes/cursor-sdk-tier1/node_modules/@connectrpc/connect/dist/esm/protocol/create-method-url.d.ts
ff2acfeed04e4ff38ae4f8a281b0aa2b246a1d50ee8a31ce7968cd0d95f2bad5	1404	F	0644	research/spikes/cursor-sdk-tier1/node_modules/@connectrpc/connect/dist/esm/protocol/create-method-url.js
f31d3643c457ce415938dbf478ac3bfe7e0b22df15ea094072437d43f31c4441	2170	F	0644	research/spikes/cursor-sdk-tier1/node_modules/@connectrpc/connect/dist/esm/protocol/envelope.d.ts
9f1da8faaa41c73f846c65ad053b59f965245e553f61ee654b57d8fc9b27347d	5296	F	0644	research/spikes/cursor-sdk-tier1/node_modules/@connectrpc/connect/dist/esm/protocol/envelope.js
bea32faf3c102ab195e54f1ef2692fba22f7873736e721907b73460c1a74aba4	2650	F	0644	research/spikes/cursor-sdk-tier1/node_modules/@connectrpc/connect/dist/esm/protocol/index.d.ts
9eb1665ca17039d95597cb5cb1b00d1086a0a1009b2a398de778b85503eae6a6	2694	F	0644	research/spikes/cursor-sdk-tier1/node_modules/@connectrpc/connect/dist/esm/protocol/index.js
5ccd3484bb6b57d6f74e42b10f8bd4636444b499985da637d66c4a58a441fd12	1134	F	0644	research/spikes/cursor-sdk-tier1/node_modules/@connectrpc/connect/dist/esm/protocol/invoke-implementation.d.ts
ee9f5c3ccb0cb1a015cbbc71fec6ccf0db9fca9c708d044e1a719596e0ac16dc	13091	F	0644	research/spikes/cursor-sdk-tier1/node_modules/@connectrpc/connect/dist/esm/protocol/invoke-implementation.js
7c7c5a1c50984f32219af007d83014ab7fde30f9ff59b3a62867c7df9f48d6d2	994	F	0644	research/spikes/cursor-sdk-tier1/node_modules/@connectrpc/connect/dist/esm/protocol/limit-io.d.ts
889d750dfaf0f98be99634f29e2a6402418a57cb95dd926ea6d783ad8d0abe2c	3361	F	0644	research/spikes/cursor-sdk-tier1/node_modules/@connectrpc/connect/dist/esm/protocol/limit-io.js
106fbb5f6114221122224b318400bfe945b80b015fc873148796cdc9ccf21ccd	639	F	0644	research/spikes/cursor-sdk-tier1/node_modules/@connectrpc/connect/dist/esm/protocol/normalize.d.ts
2782dfa95fe89317dc46a528f5d65a22f751b786cfca18c63d3de91fad9c380f	1923	F	0644	research/spikes/cursor-sdk-tier1/node_modules/@connectrpc/connect/dist/esm/protocol/normalize.js
502cf4ab1977b16307fde9f62f3a79b2c3cb397b015a2044a9e20d576cd0e83b	609	F	0644	research/spikes/cursor-sdk-tier1/node_modules/@connectrpc/connect/dist/esm/protocol/protocol-handler-factory.d.ts
9b3be1d9d09e81630e19f6297f42071c6cafde356f6136ab9990736e7e59946e	613	F	0644	research/spikes/cursor-sdk-tier1/node_modules/@connectrpc/connect/dist/esm/protocol/protocol-handler-factory.js
9e04b689763f55cf429c225e59650d4b2529c95c251369f039a783a824ac0c9b	1988	F	0644	research/spikes/cursor-sdk-tier1/node_modules/@connectrpc/connect/dist/esm/protocol/run-call.d.ts
c425d91b6238f75264a5d535d82aa3b3c24f95ea7c11053039094274b23ed18f	5098	F	0644	research/spikes/cursor-sdk-tier1/node_modules/@connectrpc/connect/dist/esm/protocol/run-call.js
133f606c3289f65a67fffd1acb04f4332fd605f9d1c19bff6a8cf1bf8e294320	4302	F	0644	research/spikes/cursor-sdk-tier1/node_modules/@connectrpc/connect/dist/esm/protocol/serialization.d.ts
a6c7b48aaed0a1ce55a3779ac7c0f4eea9b356432433ace1b55a2ce2140fbe71	5424	F	0644	research/spikes/cursor-sdk-tier1/node_modules/@connectrpc/connect/dist/esm/protocol/serialization.js
e9c422f6e7410332395a1a023d6487329a33f17c97194fbe98f8a146711d08a7	1375	F	0644	research/spikes/cursor-sdk-tier1/node_modules/@connectrpc/connect/dist/esm/protocol/signals.d.ts
0bfc8a0d6d8945402cb2fcc9a143e3974cb50638b4bb30985e622c6fd1303284	3289	F	0644	research/spikes/cursor-sdk-tier1/node_modules/@connectrpc/connect/dist/esm/protocol/signals.js
4ea23b10f21d82205e6d9de87e132647a7ff8667eba0877e8590b280e6b917ed	3551	F	0644	research/spikes/cursor-sdk-tier1/node_modules/@connectrpc/connect/dist/esm/protocol/transport-options.d.ts
9b3be1d9d09e81630e19f6297f42071c6cafde356f6136ab9990736e7e59946e	613	F	0644	research/spikes/cursor-sdk-tier1/node_modules/@connectrpc/connect/dist/esm/protocol/transport-options.js
a9d9d59d84b6da590aefa7e5104bf33cfdd2eed76aba37303fb0b97566b5772d	1510	F	0644	research/spikes/cursor-sdk-tier1/node_modules/@connectrpc/connect/dist/esm/protocol/universal-fetch.d.ts
5feb0f81003ca0be0126fbf34d390ab0174a0dbd0f19fe878eaadc23f2855498	4580	F	0644	research/spikes/cursor-sdk-tier1/node_modules/@connectrpc/connect/dist/esm/protocol/universal-fetch.js
e00de9472b0e967576581888048ffdfd0c77b53615893ffefaaa2da57f66aff9	401	F	0644	research/spikes/cursor-sdk-tier1/node_modules/@connectrpc/connect/dist/esm/protocol/universal-handler-client.d.ts
03391d575bacb3d0ad617efb0a4dc99fae321e8b30b05723dcb902d9939a1513	3873	F	0644	research/spikes/cursor-sdk-tier1/node_modules/@connectrpc/connect/dist/esm/protocol/universal-handler-client.js
a2d889810fc30a97f0bbd14a9842b91ee38bd4b2a5020ee01b97dcc83edf1dd4	6106	F	0644	research/spikes/cursor-sdk-tier1/node_modules/@connectrpc/connect/dist/esm/protocol/universal-handler.d.ts
13f57f20c94de5a9a879e3cdced0a4c4b491225626172ae307d955539e1f6936	6048	F	0644	research/spikes/cursor-sdk-tier1/node_modules/@connectrpc/connect/dist/esm/protocol/universal-handler.js
ad19602198bc0b8237f5da9f61edbb8867317d212c5c7e0a1f727c5cd378da86	3266	F	0644	research/spikes/cursor-sdk-tier1/node_modules/@connectrpc/connect/dist/esm/protocol/universal.d.ts
c3f987e98c703e21a99b6c4fc4060609baff0d0b104e175bc0c1af205766b70a	2180	F	0644	research/spikes/cursor-sdk-tier1/node_modules/@connectrpc/connect/dist/esm/protocol/universal.js
9c829b6c1a5a0ec298abc73f44d062ed28e4b7f2a35668d74b99b6962d6f4f67	612	F	0644	research/spikes/cursor-sdk-tier1/node_modules/@connectrpc/connect/dist/esm/protocol-connect/code-string.d.ts
b4b4ac7c9c7a1aec9eee402021e94a9593114018b9f3a87dc0c4455938b98c0a	1688	F	0644	research/spikes/cursor-sdk-tier1/node_modules/@connectrpc/connect/dist/esm/protocol-connect/code-string.js
c63ce714832593b347c214e2e698b7033c13bc34d2fee1b4436653324e97cc4b	1394	F	0644	research/spikes/cursor-sdk-tier1/node_modules/@connectrpc/connect/dist/esm/protocol-connect/content-type.d.ts
20d5aec4275306a60083db07ddf53291e0aeea627eed2bedede9548ebb2d92c0	2509	F	0644	research/spikes/cursor-sdk-tier1/node_modules/@connectrpc/connect/dist/esm/protocol-connect/content-type.js
c95e41cf6bba4e1a57357c6ff01af7de2736b205dbcf7784c2de126199baccfb	1715	F	0644	research/spikes/cursor-sdk-tier1/node_modules/@connectrpc/connect/dist/esm/protocol-connect/end-stream.d.ts
393facea50faddc72435d0b833d3f5616a583077cd7b66f7dec05fe2698bb3de	4477	F	0644	research/spikes/cursor-sdk-tier1/node_modules/@connectrpc/connect/dist/esm/protocol-connect/end-stream.js
6995fdc1b9243af849070d697a7ec7fb26b9c8274f7a9ff0ed9ed9a089182a55	1704	F	0644	research/spikes/cursor-sdk-tier1/node_modules/@connectrpc/connect/dist/esm/protocol-connect/error-json.d.ts
0ac61fc343583fdf9608358cdd3723f555d28511e641b2ca1b19dbc7d42780e2	5777	F	0644	research/spikes/cursor-sdk-tier1/node_modules/@connectrpc/connect/dist/esm/protocol-connect/error-json.js
b070e6ac8c15257a8aa0514d8eea33de7c74efff3e7e9cca0d2f88d61bad2929	445	F	0644	research/spikes/cursor-sdk-tier1/node_modules/@connectrpc/connect/dist/esm/protocol-connect/get-request.d.ts
a2b8c6dfb2a9996333e3b179f8029499ce480202f157a36fd8323a2dd04cd7c4	2756	F	0644	research/spikes/cursor-sdk-tier1/node_modules/@connectrpc/connect/dist/esm/protocol-connect/get-request.js
97eeb06212bf89f3230f89b281182f2676c212286ed1f91941eada11d69bc9a9	340	F	0644	research/spikes/cursor-sdk-tier1/node_modules/@connectrpc/connect/dist/esm/protocol-connect/handler-factory.d.ts
ad18fc631ac70cc88a86305786e8f8042e72b6f0284bc8f4d0760ac0c0baca81	14064	F	0644	research/spikes/cursor-sdk-tier1/node_modules/@connectrpc/connect/dist/esm/protocol-connect/handler-factory.js
43c07af6be92e2003c81d7a2db7ef5330487070dbb50cce93876e9258dadc34f	660	F	0644	research/spikes/cursor-sdk-tier1/node_modules/@connectrpc/connect/dist/esm/protocol-connect/headers.d.ts
a528fcd75fd4f88f371a9edbd9f50fdc3c91c3e54dc0a8bb721b8c9a30205330	1190	F	0644	research/spikes/cursor-sdk-tier1/node_modules/@connectrpc/connect/dist/esm/protocol-connect/headers.js
a4a5e130fbe026b7568784130dc0f5f6a97729b9493cde9af9a34d6ff7d2d633	563	F	0644	research/spikes/cursor-sdk-tier1/node_modules/@connectrpc/connect/dist/esm/protocol-connect/http-status.d.ts
c9a45f22778b42fb66ca59c9f43d2b968fb8ec08b3ff73fe8cbd1793b74cfb8b	3069	F	0644	research/spikes/cursor-sdk-tier1/node_modules/@connectrpc/connect/dist/esm/protocol-connect/http-status.js
9ffe62281933eba9b9b43f7e627f80827f900a546060a68873d8a75a47abec02	1210	F	0644	research/spikes/cursor-sdk-tier1/node_modules/@connectrpc/connect/dist/esm/protocol-connect/index.d.ts
11b79e17a8facb465ea33c2ed2746521706c2c1d95d39841d8fb0cfa5b1fe9ac	2021	F	0644	research/spikes/cursor-sdk-tier1/node_modules/@connectrpc/connect/dist/esm/protocol-connect/index.js
2ae5318c5d48cd021dc45b547312924fa3e3672c17ae75549ddcfbd4101d8e0f	362	F	0644	research/spikes/cursor-sdk-tier1/node_modules/@connectrpc/connect/dist/esm/protocol-connect/parse-timeout.d.ts
d58e240afbe2fffd07560b9e85c5a485661a0b4202a69caf3b23fb7bf15c7e1f	1462	F	0644	research/spikes/cursor-sdk-tier1/node_modules/@connectrpc/connect/dist/esm/protocol-connect/parse-timeout.js
c2d6629969506f58e5e81c81e1b136cb113f23daeaf632f609f05dfcf86ad1c1	322	F	0644	research/spikes/cursor-sdk-tier1/node_modules/@connectrpc/connect/dist/esm/protocol-connect/query-params.d.ts
aaffda69bb06977ce19e355577682f108c78e12aa1db7829e2d6914cc0613f31	884	F	0644	research/spikes/cursor-sdk-tier1/node_modules/@connectrpc/connect/dist/esm/protocol-connect/query-params.js
e628a0c3ad4cb8fd799f77ad223ed0b11bb286ed44f379112cc6167283fb8c8c	1121	F	0644	research/spikes/cursor-sdk-tier1/node_modules/@connectrpc/connect/dist/esm/protocol-connect/request-header.d.ts
fc3f2801b5c758dd0cf7fc25835a21316b2c09b932a429c22ca70f40ec12c4dd	3093	F	0644	research/spikes/cursor-sdk-tier1/node_modules/@connectrpc/connect/dist/esm/protocol-connect/request-header.js
f6e1a3df78b48a88188d7dfdd51ee43cb06c3173a5c955bbd2b6f37fe6286089	710	F	0644	research/spikes/cursor-sdk-tier1/node_modules/@connectrpc/connect/dist/esm/protocol-connect/trailer-mux.d.ts
f7f2dbc5267cb072969230ac51b2fdea64dab9a6de0c07f8dd292892adbe2351	1651	F	0644	research/spikes/cursor-sdk-tier1/node_modules/@connectrpc/connect/dist/esm/protocol-connect/trailer-mux.js
f4caa97877f57b9be14ac316476bf7c4f1d253bb3bbb895ace3db2a9787629b9	267	F	0644	research/spikes/cursor-sdk-tier1/node_modules/@connectrpc/connect/dist/esm/protocol-connect/transport.d.ts
5d9e5b823eaeee1d18f9a98ef7dc4c392b46f8b6d0f6c843116c9e85dd27cd92	13043	F	0644	research/spikes/cursor-sdk-tier1/node_modules/@connectrpc/connect/dist/esm/protocol-connect/transport.js
64caba838e63916019e2308e813e2a77426c09b1eb733d24f79d5a615519e9b9	1346	F	0644	research/spikes/cursor-sdk-tier1/node_modules/@connectrpc/connect/dist/esm/protocol-connect/validate-response.d.ts
2b2351405c44b13fd8aa3ff77857a4ef0458ba57bc1b075ed9b78bd356276cdf	3359	F	0644	research/spikes/cursor-sdk-tier1/node_modules/@connectrpc/connect/dist/esm/protocol-connect/validate-response.js
055bdff0e9845b6f691d55cb0a23f1543b99db5bb70c825207c1ca47c1bccde4	796	F	0644	research/spikes/cursor-sdk-tier1/node_modules/@connectrpc/connect/dist/esm/protocol-connect/version.d.ts
00d694e87a9f349da51dac58575fb1abe8c8e00dba7a69f4af0c8b607dac1a3b	2315	F	0644	research/spikes/cursor-sdk-tier1/node_modules/@connectrpc/connect/dist/esm/protocol-connect/version.js
eb1440d4ffc6787c1d8add2a8ff26424381fed45a60417a4304f96b4b8176ae1	550	F	0644	research/spikes/cursor-sdk-tier1/node_modules/@connectrpc/connect/dist/esm/protocol-grpc/content-type.d.ts
0f43c5148c25ace054a12ed56cbdabe2facd40a04ceaaf4ba54e6bb42a635e79	1349	F	0644	research/spikes/cursor-sdk-tier1/node_modules/@connectrpc/connect/dist/esm/protocol-grpc/content-type.js
a37cd0e55b2f1b70d98e3ccdeea40f4d586c0e7a9de617a3db62c1141630b085	4232	F	0644	research/spikes/cursor-sdk-tier1/node_modules/@connectrpc/connect/dist/esm/protocol-grpc/gen/status_pb.d.ts
e38237e9b93ce2150cff412f68526ac67efc0c1848c9155ed3368d01421df56b	5052	F	0644	research/spikes/cursor-sdk-tier1/node_modules/@connectrpc/connect/dist/esm/protocol-grpc/gen/status_pb.js
ddfc7021c95cf1a2623820c27828fc74f7037c7befb4e0b5536f899b75a181af	337	F	0644	research/spikes/cursor-sdk-tier1/node_modules/@connectrpc/connect/dist/esm/protocol-grpc/handler-factory.d.ts
9f79faab11c7a6be1242bceec58c12a4824891dc9dd88e5a32545c314a25f49e	6953	F	0644	research/spikes/cursor-sdk-tier1/node_modules/@connectrpc/connect/dist/esm/protocol-grpc/handler-factory.js
84cf89f54a19d6bb20cbf21e3f190451bf050efa4f7775640aff855bec97d348	605	F	0644	research/spikes/cursor-sdk-tier1/node_modules/@connectrpc/connect/dist/esm/protocol-grpc/headers.d.ts
5671b1810cd2395a1edeb9f3aeb429fd7fb314894d7f1dd64c7b3721be23db70	1135	F	0644	research/spikes/cursor-sdk-tier1/node_modules/@connectrpc/connect/dist/esm/protocol-grpc/headers.js
2c76ffe0e8d8d69f087c9b6e3af925e676a597971ded1e04ae8399351eea1b79	330	F	0644	research/spikes/cursor-sdk-tier1/node_modules/@connectrpc/connect/dist/esm/protocol-grpc/http-status.d.ts
391e88b4f0ba6858536ce84844b1a5cc9fc400e8bba21d80236231ecc0c449fb	1676	F	0644	research/spikes/cursor-sdk-tier1/node_modules/@connectrpc/connect/dist/esm/protocol-grpc/http-status.js
c4147439f6b0513a50d0a4109c3bbad534cadfef3a09499eacc6ca373749353c	679	F	0644	research/spikes/cursor-sdk-tier1/node_modules/@connectrpc/connect/dist/esm/protocol-grpc/index.d.ts
5ce4922ddc862c0eea9dfc757e8c49f230719113d4ba670516ebca461c745648	1548	F	0644	research/spikes/cursor-sdk-tier1/node_modules/@connectrpc/connect/dist/esm/protocol-grpc/index.js
eb0dbefe800b65917de7cb852fb9cf7ae986978602820812529c4f3ca52983f1	359	F	0644	research/spikes/cursor-sdk-tier1/node_modules/@connectrpc/connect/dist/esm/protocol-grpc/parse-timeout.d.ts
04fa3afa6f5088afb06a87813330a3005f6f6ddab5da5c8d2629e8e6c3cacd8f	1717	F	0644	research/spikes/cursor-sdk-tier1/node_modules/@connectrpc/connect/dist/esm/protocol-grpc/parse-timeout.js
0ebe5f792e8a52e6823fdcec4d6ef9b2149f85c07d288f61270db3ea79b437a7	696	F	0644	research/spikes/cursor-sdk-tier1/node_modules/@connectrpc/connect/dist/esm/protocol-grpc/request-header.d.ts
b9c82797f19f5d6ed3206944fdee87fa69d7dbe90ccf96ac34b48a1551474f4a	2439	F	0644	research/spikes/cursor-sdk-tier1/node_modules/@connectrpc/connect/dist/esm/protocol-grpc/request-header.js
0a59b769ccb1772edb4009f3937c465e79215f17a697180aeb6bab7e42c65aa0	1241	F	0644	research/spikes/cursor-sdk-tier1/node_modules/@connectrpc/connect/dist/esm/protocol-grpc/trailer-status.d.ts
c61376a7d56e665ac9f65a3ad0c128777b2c835c0babc23a1127b977036ed455	4065	F	0644	research/spikes/cursor-sdk-tier1/node_modules/@connectrpc/connect/dist/esm/protocol-grpc/trailer-status.js
bccaf9ae040aecc38f0879a7d9026a10a2a288077d6fd27861041db14df837ed	264	F	0644	research/spikes/cursor-sdk-tier1/node_modules/@connectrpc/connect/dist/esm/protocol-grpc/transport.d.ts
a16c1a40acada462b16d660aa569b8656d26c241df13352219e63a157274344d	11132	F	0644	research/spikes/cursor-sdk-tier1/node_modules/@connectrpc/connect/dist/esm/protocol-grpc/transport.js
d3a045d2a6e7ca88f7244a7552821756b83422950b0004a83bf1b4ba42486c27	1350	F	0644	research/spikes/cursor-sdk-tier1/node_modules/@connectrpc/connect/dist/esm/protocol-grpc/validate-response.d.ts
c7b2409dfcb1052a4db411de6d81a75be473c69d8bdf3ddf5b570bf3915f02b8	2919	F	0644	research/spikes/cursor-sdk-tier1/node_modules/@connectrpc/connect/dist/esm/protocol-grpc/validate-response.js
f3c768e83d1f0fb1cee5b2d09084bbf93c72fbadecf3e3d266a24783f2df346a	491	F	0644	research/spikes/cursor-sdk-tier1/node_modules/@connectrpc/connect/dist/esm/protocol-grpc/validate-trailer.d.ts
b75d62a487c402156c0878ee7cc88d14bc1d87ccfde31a5baedda6189ac8fe4b	1599	F	0644	research/spikes/cursor-sdk-tier1/node_modules/@connectrpc/connect/dist/esm/protocol-grpc/validate-trailer.js
24e46006e4c14566c8f922b75500533c4deb3ec9d2eaf091a15170e8bc932c60	684	F	0644	research/spikes/cursor-sdk-tier1/node_modules/@connectrpc/connect/dist/esm/protocol-grpc-web/content-type.d.ts
27e070b688cc5d4e9dc6dc85c84a5392b136dcf0bd55e4bf32770c1e63bee4c4	1511	F	0644	research/spikes/cursor-sdk-tier1/node_modules/@connectrpc/connect/dist/esm/protocol-grpc-web/content-type.js
194fc6b44e911f85ffb4d5e75dfb93d26f13447beb4b7fd623ff10928d718725	341	F	0644	research/spikes/cursor-sdk-tier1/node_modules/@connectrpc/connect/dist/esm/protocol-grpc-web/handler-factory.d.ts
0ad869636f714acd80b515430ec6853e2cff718ca115e0f696bf3b18dfe928b3	7314	F	0644	research/spikes/cursor-sdk-tier1/node_modules/@connectrpc/connect/dist/esm/protocol-grpc-web/handler-factory.js
8150c90156eaad33abd45ec9afd73e7387798037ff73ced13ab34b895d091907	914	F	0644	research/spikes/cursor-sdk-tier1/node_modules/@connectrpc/connect/dist/esm/protocol-grpc-web/headers.d.ts
d8c26b359e12971de7a2279eb7fec8a0ad432089f792b68877962e79c1afe44a	1500	F	0644	research/spikes/cursor-sdk-tier1/node_modules/@connectrpc/connect/dist/esm/protocol-grpc-web/headers.js
a7e349727fb504f8af37573f2f441e69aad1633fcbd3f09f96eba523f2b0f434	640	F	0644	research/spikes/cursor-sdk-tier1/node_modules/@connectrpc/connect/dist/esm/protocol-grpc-web/index.d.ts
3437f1a448d062a04d8612311e130223fbef6fe648a3ea3a0f82db713b35b360	1509	F	0644	research/spikes/cursor-sdk-tier1/node_modules/@connectrpc/connect/dist/esm/protocol-grpc-web/index.js
1da750053b2fc961b3acc6eabd4acd54f535cd751cbc2ef03e88a3b4bd8c6995	750	F	0644	research/spikes/cursor-sdk-tier1/node_modules/@connectrpc/connect/dist/esm/protocol-grpc-web/request-header.d.ts
8228659f3cba2b8c20a4b5b2eb53c702b3f60240c6f9e4ff8123ce5017e29179	2782	F	0644	research/spikes/cursor-sdk-tier1/node_modules/@connectrpc/connect/dist/esm/protocol-grpc-web/request-header.js
31e132076c2926f54a79132f3d98a71ecb7e0a98c194a8e65a8ad8a151855936	1011	F	0644	research/spikes/cursor-sdk-tier1/node_modules/@connectrpc/connect/dist/esm/protocol-grpc-web/trailer.d.ts
3b7c70db0ca64cfca93f7d1611e590256e412fc6d15a185ca2e92f2497d3cac1	2150	F	0644	research/spikes/cursor-sdk-tier1/node_modules/@connectrpc/connect/dist/esm/protocol-grpc-web/trailer.js
e93353884960f518895a8baf922b0e925e4d7577369ce09f87ab8a1027f429b3	268	F	0644	research/spikes/cursor-sdk-tier1/node_modules/@connectrpc/connect/dist/esm/protocol-grpc-web/transport.d.ts
4ba63fc9e78d7f29437ee3c51f2a45dcb3c50d03d3cde8c85b4321f4ac899946	14759	F	0644	research/spikes/cursor-sdk-tier1/node_modules/@connectrpc/connect/dist/esm/protocol-grpc-web/transport.js
a5b6c8e2a695d55bb94684f58874646f799489da394db66a04158308d58ffcde	1339	F	0644	research/spikes/cursor-sdk-tier1/node_modules/@connectrpc/connect/dist/esm/protocol-grpc-web/validate-response.d.ts
18fa4673c861dac8d8edd76c022b012513459ff0db37013216a6f905051c845f	2944	F	0644	research/spikes/cursor-sdk-tier1/node_modules/@connectrpc/connect/dist/esm/protocol-grpc-web/validate-response.js
c6e10ea33020e4b43dde022cf3b1c8dba18e65ad841d201d3108d0835d266f60	699	F	0644	research/spikes/cursor-sdk-tier1/node_modules/@connectrpc/connect/dist/esm/router-transport.d.ts
703dc5226e0c849d4d487e0cdc5e858984f94ad6f9cc2c81f2d5ef80a3a0367a	1890	F	0644	research/spikes/cursor-sdk-tier1/node_modules/@connectrpc/connect/dist/esm/router-transport.js
161e823a04d2257433a01d99542e7b27380ee9461ace3a2bce2294e320b368b4	3736	F	0644	research/spikes/cursor-sdk-tier1/node_modules/@connectrpc/connect/dist/esm/router.d.ts
3abb03d8304e7328fb70c26de2a5d96cfdcd86bdfdacdae653f3b07303133da4	3586	F	0644	research/spikes/cursor-sdk-tier1/node_modules/@connectrpc/connect/dist/esm/router.js
85c3d91db335f2f9b1aeac6c4965484f4ef7b13dc8a3808082f6a2dee6deb655	1405	F	0644	research/spikes/cursor-sdk-tier1/node_modules/@connectrpc/connect/dist/esm/transport.d.ts
9b3be1d9d09e81630e19f6297f42071c6cafde356f6136ab9990736e7e59946e	613	F	0644	research/spikes/cursor-sdk-tier1/node_modules/@connectrpc/connect/dist/esm/transport.js
48637af66f0e5e544b6efe0c7f94602063112ffefa39e820fe536ade7a98b961	2483	F	0644	research/spikes/cursor-sdk-tier1/node_modules/@connectrpc/connect/package.json
e1fdbd3a724554bc45a29dcc50d22417f8c9f8c682f668a8310a8f38a3aebfb2	733	F	0644	research/spikes/cursor-sdk-tier1/node_modules/@connectrpc/connect/protocol-connect.js
3f1eb2574dc06cd2d883be47e37b7942cba79bae6ca8d23e49679b4f6522c10f	734	F	0644	research/spikes/cursor-sdk-tier1/node_modules/@connectrpc/connect/protocol-grpc-web.js
fe6deb191ec7dad751975c28cf63dbb4ed4a3c257b21f7666fdaea4f78458cd4	730	F	0644	research/spikes/cursor-sdk-tier1/node_modules/@connectrpc/connect/protocol-grpc.js
ec96256a7970adc5f604d5bcd74be32c9d36111675f9d5ab0a48ba3f8ce5f948	725	F	0644	research/spikes/cursor-sdk-tier1/node_modules/@connectrpc/connect/protocol.js
06446d249d3c0b5d30bdc2c3a9adacbd9b4e2e9e9229716b875674d284c62725	2604	F	0644	research/spikes/cursor-sdk-tier1/node_modules/@connectrpc/connect/README.md
d88d9a576273ba8093d6eb9c43ebf11828a2028dc401ba2535792d87259281dc	817	F	0644	research/spikes/cursor-sdk-tier1/node_modules/@connectrpc/connect-node/dist/cjs/compression.d.ts
c637bbf409a4dfd7108c25c133b77081b62b47aa4939c20ea1de3afe34971218	3631	F	0644	research/spikes/cursor-sdk-tier1/node_modules/@connectrpc/connect-node/dist/cjs/compression.js
33843842ba4b2308b9d76aba9e4c805647ad4d32336167a37123c81f707f382f	1605	F	0644	research/spikes/cursor-sdk-tier1/node_modules/@connectrpc/connect-node/dist/cjs/connect-node-adapter.d.ts
da60b78b18c88babed552c33fabb087f1413183d9ac201763349778e4ea2f29b	2902	F	0644	research/spikes/cursor-sdk-tier1/node_modules/@connectrpc/connect-node/dist/cjs/connect-node-adapter.js
71f991ba412614a1af084894f2153ad0b5dd6e41f16b8265b30cdeaffa85cc5a	3699	F	0644	research/spikes/cursor-sdk-tier1/node_modules/@connectrpc/connect-node/dist/cjs/connect-transport.d.ts
7f6f4cecdf1616496965362590ef6210a1154091733e30d312046ec79cc80915	1169	F	0644	research/spikes/cursor-sdk-tier1/node_modules/@connectrpc/connect-node/dist/cjs/connect-transport.js
79c446caa56a3d45203096090f6e19e108c227a57da86c25e2d52ec6e60d2ffd	3567	F	0644	research/spikes/cursor-sdk-tier1/node_modules/@connectrpc/connect-node/dist/cjs/grpc-transport.d.ts
5ce78038307bcc6c1f65acb8622c2e0b0ac42035e98a7d1158500dd4f0c4c073	1148	F	0644	research/spikes/cursor-sdk-tier1/node_modules/@connectrpc/connect-node/dist/cjs/grpc-transport.js
85c08889b0b23b79be676b0200f190c3b337a28f35a0797664f285d34f753917	3583	F	0644	research/spikes/cursor-sdk-tier1/node_modules/@connectrpc/connect-node/dist/cjs/grpc-web-transport.d.ts
e101d6c52ffa873368cc25eba2a05c291f1151d638ea9eb9644c51bdcbb3792d	1173	F	0644	research/spikes/cursor-sdk-tier1/node_modules/@connectrpc/connect-node/dist/cjs/grpc-web-transport.js
1bf6daa52c935e6e557e813cd2b457da2a112744e84d3c5177e743cc01b3196a	6123	F	0644	research/spikes/cursor-sdk-tier1/node_modules/@connectrpc/connect-node/dist/cjs/http2-session-manager.d.ts
87c8c4acd8c7c69842b38d20f4aaef3968878484800f11b3da1203a5e0a6cc9b	21344	F	0644	research/spikes/cursor-sdk-tier1/node_modules/@connectrpc/connect-node/dist/cjs/http2-session-manager.js
99a1df8febd23f380675b05bcd1fa07e5550058dd9d12eccb080971520986de5	1036	F	0644	research/spikes/cursor-sdk-tier1/node_modules/@connectrpc/connect-node/dist/cjs/index.d.ts
c462f56fc74a0db7c979b59ab3a6a47e0aa96f2ab27c1892030ca6798466bfa0	3184	F	0644	research/spikes/cursor-sdk-tier1/node_modules/@connectrpc/connect-node/dist/cjs/index.js
7f06a77e02cccb11380dba66ff12bd50cf4a0406d5531d9e50d2b32345d7114b	1680	F	0644	research/spikes/cursor-sdk-tier1/node_modules/@connectrpc/connect-node/dist/cjs/node-error.d.ts
c23d273d7127a983306819c9bb53008a3beec4f3b37da4852b46133d59d6a6db	7117	F	0644	research/spikes/cursor-sdk-tier1/node_modules/@connectrpc/connect-node/dist/cjs/node-error.js
8e609bb71c20b858c77f0e9f90bb1319db8477b13f9f965f1a1e18524bf50881	11	F	0644	research/spikes/cursor-sdk-tier1/node_modules/@connectrpc/connect-node/dist/cjs/node-headers-polyfill.d.ts
0dcca3713e0e64030e8db6740d98f3a60f5e698831c64933260fccaf818866ec	1212	F	0644	research/spikes/cursor-sdk-tier1/node_modules/@connectrpc/connect-node/dist/cjs/node-headers-polyfill.js
617b712ae5ccafd8c29ad6f15863eff9e6d00eec308e886267ab16db06435260	3870	F	0644	research/spikes/cursor-sdk-tier1/node_modules/@connectrpc/connect-node/dist/cjs/node-transport-options.d.ts
50968dab66ddfaa5716d6f27713e8a92f7a27c5a22659420f0224d622212377f	2868	F	0644	research/spikes/cursor-sdk-tier1/node_modules/@connectrpc/connect-node/dist/cjs/node-transport-options.js
98eede41cc02648dc00867b685f5be9689e74b03f9dcca3b74a08a82b64db6a7	1846	F	0644	research/spikes/cursor-sdk-tier1/node_modules/@connectrpc/connect-node/dist/cjs/node-universal-client.d.ts
c2114753bf864bd8354f395ad8ddff80645eb02f920101582c950d07bec5077e	13275	F	0644	research/spikes/cursor-sdk-tier1/node_modules/@connectrpc/connect-node/dist/cjs/node-universal-client.js
5bdab1f6be20a33cf2552e36c13bdd03460d88960796e848e9fb682812ef9ee0	2323	F	0644	research/spikes/cursor-sdk-tier1/node_modules/@connectrpc/connect-node/dist/cjs/node-universal-handler.d.ts
082c86a9c97a625b000238ebef99f1047a4140c93431ec1aa3a7c3b535d57b9d	12041	F	0644	research/spikes/cursor-sdk-tier1/node_modules/@connectrpc/connect-node/dist/cjs/node-universal-handler.js
19337d4f8b685e6ef66ed898dc16d272cb34b3a8f763456d54f5f95104aaf5fb	1016	F	0644	research/spikes/cursor-sdk-tier1/node_modules/@connectrpc/connect-node/dist/cjs/node-universal-header.d.ts
4f5e01da16d3dd62e921d140a9b48fa19ce467c14de36f1b7578c1b3aeafc76c	3083	F	0644	research/spikes/cursor-sdk-tier1/node_modules/@connectrpc/connect-node/dist/cjs/node-universal-header.js
dbf8353f77358bc12169b7bb7301e1978d5b503e002ee927229a8993672818fc	20	F	0644	research/spikes/cursor-sdk-tier1/node_modules/@connectrpc/connect-node/dist/cjs/package.json
d88d9a576273ba8093d6eb9c43ebf11828a2028dc401ba2535792d87259281dc	817	F	0644	research/spikes/cursor-sdk-tier1/node_modules/@connectrpc/connect-node/dist/esm/compression.d.ts
83c41801af7a51b4e21a749ac5180638f80b72ea275de07d349543b25aa1b9ca	3394	F	0644	research/spikes/cursor-sdk-tier1/node_modules/@connectrpc/connect-node/dist/esm/compression.js
33843842ba4b2308b9d76aba9e4c805647ad4d32336167a37123c81f707f382f	1605	F	0644	research/spikes/cursor-sdk-tier1/node_modules/@connectrpc/connect-node/dist/esm/connect-node-adapter.d.ts
d51525b29e56c17cdb98da5ba00dd33e9936349a83eb7cdd3d09ad0bf5b21597	2726	F	0644	research/spikes/cursor-sdk-tier1/node_modules/@connectrpc/connect-node/dist/esm/connect-node-adapter.js
71f991ba412614a1af084894f2153ad0b5dd6e41f16b8265b30cdeaffa85cc5a	3699	F	0644	research/spikes/cursor-sdk-tier1/node_modules/@connectrpc/connect-node/dist/esm/connect-transport.d.ts
39ab1a2f2f0829d0699f1485a03cc7e6d22c2074e5afd8c619baf3efd779bbaa	981	F	0644	research/spikes/cursor-sdk-tier1/node_modules/@connectrpc/connect-node/dist/esm/connect-transport.js
79c446caa56a3d45203096090f6e19e108c227a57da86c25e2d52ec6e60d2ffd	3567	F	0644	research/spikes/cursor-sdk-tier1/node_modules/@connectrpc/connect-node/dist/esm/grpc-transport.d.ts
74a54507d217febce36d5eb61c5835f68bad34b5f7c63893f904d0d13e86fc78	972	F	0644	research/spikes/cursor-sdk-tier1/node_modules/@connectrpc/connect-node/dist/esm/grpc-transport.js
85c08889b0b23b79be676b0200f190c3b337a28f35a0797664f285d34f753917	3583	F	0644	research/spikes/cursor-sdk-tier1/node_modules/@connectrpc/connect-node/dist/esm/grpc-web-transport.d.ts
3da293f1972fada0c497ba022d180e468aa669dc0d8cb05ac21dffcc4a65a59b	983	F	0644	research/spikes/cursor-sdk-tier1/node_modules/@connectrpc/connect-node/dist/esm/grpc-web-transport.js
1bf6daa52c935e6e557e813cd2b457da2a112744e84d3c5177e743cc01b3196a	6123	F	0644	research/spikes/cursor-sdk-tier1/node_modules/@connectrpc/connect-node/dist/esm/http2-session-manager.d.ts
c613c31a38bb83917424989ec1ec458eb7fe692e5d1ed5d02fe0adc237ee1bf7	20971	F	0644	research/spikes/cursor-sdk-tier1/node_modules/@connectrpc/connect-node/dist/esm/http2-session-manager.js
99a1df8febd23f380675b05bcd1fa07e5550058dd9d12eccb080971520986de5	1036	F	0644	research/spikes/cursor-sdk-tier1/node_modules/@connectrpc/connect-node/dist/esm/index.d.ts
76e5a91c87358cfc3b5e302b624c58fa8eed5fd81c119c396b332a916b1012ee	1261	F	0644	research/spikes/cursor-sdk-tier1/node_modules/@connectrpc/connect-node/dist/esm/index.js
7f06a77e02cccb11380dba66ff12bd50cf4a0406d5531d9e50d2b32345d7114b	1680	F	0644	research/spikes/cursor-sdk-tier1/node_modules/@connectrpc/connect-node/dist/esm/node-error.d.ts
447c4fe383941863b5f2a89c2606b7af5ba94906478ed2fa2da53df9662f95ef	6639	F	0644	research/spikes/cursor-sdk-tier1/node_modules/@connectrpc/connect-node/dist/esm/node-error.js
8e609bb71c20b858c77f0e9f90bb1319db8477b13f9f965f1a1e18524bf50881	11	F	0644	research/spikes/cursor-sdk-tier1/node_modules/@connectrpc/connect-node/dist/esm/node-headers-polyfill.d.ts
e09b936dd5015d5deec18defe44fe3423ce9ee19eae6d8b8c0e90b185f8fcae2	1151	F	0644	research/spikes/cursor-sdk-tier1/node_modules/@connectrpc/connect-node/dist/esm/node-headers-polyfill.js
617b712ae5ccafd8c29ad6f15863eff9e6d00eec308e886267ab16db06435260	3870	F	0644	research/spikes/cursor-sdk-tier1/node_modules/@connectrpc/connect-node/dist/esm/node-transport-options.d.ts
6593a9d9063411b5261ea3f0c03e867310f87f8d59a96b6db1376d52aa90c62d	2698	F	0644	research/spikes/cursor-sdk-tier1/node_modules/@connectrpc/connect-node/dist/esm/node-transport-options.js
98eede41cc02648dc00867b685f5be9689e74b03f9dcca3b74a08a82b64db6a7	1846	F	0644	research/spikes/cursor-sdk-tier1/node_modules/@connectrpc/connect-node/dist/esm/node-universal-client.d.ts
f496484b5d2f8dafbbc7fb31fba913fad70635d15d5637a7ae6bf84d1f375693	12779	F	0644	research/spikes/cursor-sdk-tier1/node_modules/@connectrpc/connect-node/dist/esm/node-universal-client.js
5bdab1f6be20a33cf2552e36c13bdd03460d88960796e848e9fb682812ef9ee0	2323	F	0644	research/spikes/cursor-sdk-tier1/node_modules/@connectrpc/connect-node/dist/esm/node-universal-handler.d.ts
454754d7459a00e9d50ee1b965535e3ab962a0f4711f492721d1ed4e8def65a6	11663	F	0644	research/spikes/cursor-sdk-tier1/node_modules/@connectrpc/connect-node/dist/esm/node-universal-handler.js
19337d4f8b685e6ef66ed898dc16d272cb34b3a8f763456d54f5f95104aaf5fb	1016	F	0644	research/spikes/cursor-sdk-tier1/node_modules/@connectrpc/connect-node/dist/esm/node-universal-header.d.ts
299cbb0c5d17b8558a244db6162d5e01451012d46d3089348bfb17881f1bc383	2908	F	0644	research/spikes/cursor-sdk-tier1/node_modules/@connectrpc/connect-node/dist/esm/node-universal-header.js
467b275518226ef2998acbf3d7fceff2b9ee3d3e4fd1eadbd3092b4816df922b	1725	F	0644	research/spikes/cursor-sdk-tier1/node_modules/@connectrpc/connect-node/package.json
276e6a9db5f7335272d50607d6ab0d084a0808fa191a7a2b0022b5f505456784	4544	F	0644	research/spikes/cursor-sdk-tier1/node_modules/@connectrpc/connect-node/README.md
c8cfd42292bf929780b65e9657de04782e3b03ec7c3eb36155c6d10066a7044a	100	F	0644	research/spikes/cursor-sdk-tier1/node_modules/@connectrpc/connect-web/dist/cjs/assert-fetch-api.d.ts
09d7e0c496b202032a1955bf606cb7f65d6dd1bb7829a807eced03e00d79c9c2	1059	F	0644	research/spikes/cursor-sdk-tier1/node_modules/@connectrpc/connect-web/dist/cjs/assert-fetch-api.js
18c8e4ed6e80a8bdb50e1265b8dac013cd2738cb89996dc8ccfbc264499288de	2399	F	0644	research/spikes/cursor-sdk-tier1/node_modules/@connectrpc/connect-web/dist/cjs/connect-transport.d.ts
269eed746faae793d9b66d8e60dddb3176eca4aa180137d0f9a607ff26980e49	11365	F	0644	research/spikes/cursor-sdk-tier1/node_modules/@connectrpc/connect-web/dist/cjs/connect-transport.js
cd6666ffc74452b3c6e022575728d45a4aae782ea5fd525025b3c4d246cf70b9	2548	F	0644	research/spikes/cursor-sdk-tier1/node_modules/@connectrpc/connect-web/dist/cjs/grpc-web-transport.d.ts
145448f69bb0f0bdf57dc6b9e79d8889b580ad89093a33d35519f896c2746020	13770	F	0644	research/spikes/cursor-sdk-tier1/node_modules/@connectrpc/connect-web/dist/cjs/grpc-web-transport.js
8bdb1a82e6c7bc61fd3f005e70c7b7a7703d57770bbe5b3c9526deede703ebab	274	F	0644	research/spikes/cursor-sdk-tier1/node_modules/@connectrpc/connect-web/dist/cjs/index.d.ts
7d461bab9753959d05e07dd293f99f53c9c1f26c6065ef10bc5c38442b4ae35d	1196	F	0644	research/spikes/cursor-sdk-tier1/node_modules/@connectrpc/connect-web/dist/cjs/index.js
dbf8353f77358bc12169b7bb7301e1978d5b503e002ee927229a8993672818fc	20	F	0644	research/spikes/cursor-sdk-tier1/node_modules/@connectrpc/connect-web/dist/cjs/package.json
c8cfd42292bf929780b65e9657de04782e3b03ec7c3eb36155c6d10066a7044a	100	F	0644	research/spikes/cursor-sdk-tier1/node_modules/@connectrpc/connect-web/dist/esm/assert-fetch-api.d.ts
2b58ed461eaeee2ede57485a92b7aeedb03e883dfb1b4b671743040f04cd1284	948	F	0644	research/spikes/cursor-sdk-tier1/node_modules/@connectrpc/connect-web/dist/esm/assert-fetch-api.js
18c8e4ed6e80a8bdb50e1265b8dac013cd2738cb89996dc8ccfbc264499288de	2399	F	0644	research/spikes/cursor-sdk-tier1/node_modules/@connectrpc/connect-web/dist/esm/connect-transport.d.ts
f86d7d92f89b12af71a6110a27d0732c25b20c08e38a2f9eb9cab0121db3b6fc	11024	F	0644	research/spikes/cursor-sdk-tier1/node_modules/@connectrpc/connect-web/dist/esm/connect-transport.js
cd6666ffc74452b3c6e022575728d45a4aae782ea5fd525025b3c4d246cf70b9	2548	F	0644	research/spikes/cursor-sdk-tier1/node_modules/@connectrpc/connect-web/dist/esm/grpc-web-transport.d.ts
b6f7a7b46b5bef3d00a59f09902cb446d90e62eb69dc38617d1667a9ec537141	13226	F	0644	research/spikes/cursor-sdk-tier1/node_modules/@connectrpc/connect-web/dist/esm/grpc-web-transport.js
8bdb1a82e6c7bc61fd3f005e70c7b7a7703d57770bbe5b3c9526deede703ebab	274	F	0644	research/spikes/cursor-sdk-tier1/node_modules/@connectrpc/connect-web/dist/esm/index.d.ts
0a5ec0f1c5391e2608584b7fb1a1f07c225322de745c77ba4e5a93c498f214ab	733	F	0644	research/spikes/cursor-sdk-tier1/node_modules/@connectrpc/connect-web/dist/esm/index.js
95589e7aead6255c6c917c93232c745a231cab88136bb58f23520038223d56ac	3286	F	0644	research/spikes/cursor-sdk-tier1/node_modules/@connectrpc/connect-web/package.json
34fc1783f4780ee9fbf5087fa063ff9fb604f68813495a31a25a3b1dea3c12d5	2100	F	0644	research/spikes/cursor-sdk-tier1/node_modules/@connectrpc/connect-web/README.md
3bbd4ccd6151e0105979dc71ce21b9ef4a534ec7b03172b718ec7e6222235a01	11076	F	0644	research/spikes/cursor-sdk-tier1/node_modules/@cursor/sdk/dist/cjs/162.js
706b344d78135898f451f1f5f73ff250f1a75b21a2f82a2a93385b0975c176a0	6413	F	0644	research/spikes/cursor-sdk-tier1/node_modules/@cursor/sdk/dist/cjs/18.js
5e25192226f67ad00c2ebfa42dea09c0c19b8bfc94018b5c24bb98babb8e6816	108078	F	0644	research/spikes/cursor-sdk-tier1/node_modules/@cursor/sdk/dist/cjs/181.js
cb71205cc95facf1694495cab6d9a956ee5383ec3513a52eead36639ca67144b	79156	F	0644	research/spikes/cursor-sdk-tier1/node_modules/@cursor/sdk/dist/cjs/250.js
9147d44d83cc2ac8d2467b4587564cadc61ea5b26447dcfe7946e99209150493	90	F	0644	research/spikes/cursor-sdk-tier1/node_modules/@cursor/sdk/dist/cjs/250.js.LICENSE.txt
4460a01e5b60907d04b66c76969b450aec0948c14e3559c243603d6c8f0b26a0	12323	F	0644	research/spikes/cursor-sdk-tier1/node_modules/@cursor/sdk/dist/cjs/284.js
ccd0b3db18061daa762d32c99227f9bf969310232729500dd211e86bc9a70730	67358	F	0644	research/spikes/cursor-sdk-tier1/node_modules/@cursor/sdk/dist/cjs/295.js
7ce62b7aed73fd089feae4b21a883458a2d7eb54010bcefc234f41b8013a089c	663	F	0644	research/spikes/cursor-sdk-tier1/node_modules/@cursor/sdk/dist/cjs/343.js
1e3452f5b7c2f339e899951e8af08e69973ce7ad40b1e60604b2bf405edf2c95	3116	F	0644	research/spikes/cursor-sdk-tier1/node_modules/@cursor/sdk/dist/cjs/400.js
dafd53dbcaf42e4c214b95019a716bec09ba689d31f712dd38891d89e33526b6	14460	F	0644	research/spikes/cursor-sdk-tier1/node_modules/@cursor/sdk/dist/cjs/401.js
c84dafc29db3b2c8fb318cb7cbc3543db8122e29d2fe4f0a90037d3cc71e7e4e	22633	F	0644	research/spikes/cursor-sdk-tier1/node_modules/@cursor/sdk/dist/cjs/642.js
f5e842f6a6c7bb1eb5bcc106507d8c3e3e43217708d7ca5fcd5a6717e0258497	5804	F	0644	research/spikes/cursor-sdk-tier1/node_modules/@cursor/sdk/dist/cjs/656.js
d84a0f2ee22eb26d804de956a190aca18af8f11d8e8caffbe596f873c880ea12	34114	F	0644	research/spikes/cursor-sdk-tier1/node_modules/@cursor/sdk/dist/cjs/690.js
2346693ed233e1da1dfb1885477ebf7fcfea887409f15488b80963899b78a4ff	3248	F	0644	research/spikes/cursor-sdk-tier1/node_modules/@cursor/sdk/dist/cjs/730.js
dbca0d1cd70e8cc651821023722c46e3754c11d6ce8fa4c6764037bf68a937e2	16085	F	0644	research/spikes/cursor-sdk-tier1/node_modules/@cursor/sdk/dist/cjs/731.js
b75854c7e67ad1958cf35a8af496b1eec1a3f9ee5778fa683e2db7315d2c3f5c	1657	F	0644	research/spikes/cursor-sdk-tier1/node_modules/@cursor/sdk/dist/cjs/796.js
2828a5b005a7fb1332d60d95ed9ce7370e2c0bcb0938930426ebb2eced4dccd8	20031	F	0644	research/spikes/cursor-sdk-tier1/node_modules/@cursor/sdk/dist/cjs/831.js
2bbc77335a85ebe2d0ec9b20e69e19a3fcd2f04b3a135eccc46324653650c00c	2158224	F	0644	research/spikes/cursor-sdk-tier1/node_modules/@cursor/sdk/dist/cjs/833.js
b0b1868f7fb299ae0ceeec2e66cdf99099d07f23a27a527011b8a61a0f881d6c	817	F	0644	research/spikes/cursor-sdk-tier1/node_modules/@cursor/sdk/dist/cjs/833.js.LICENSE.txt
2515ee83a3093e2f90baccebba29dd475e7e1e210a3f18eaa20d64df0de02be3	1026188	F	0644	research/spikes/cursor-sdk-tier1/node_modules/@cursor/sdk/dist/cjs/84.js
ea17c194e623736400154677685673b981439b3eb2c1d05ed2471a7fe8829055	18512	F	0644	research/spikes/cursor-sdk-tier1/node_modules/@cursor/sdk/dist/cjs/856.js
e113e0fc3fc100957007ca1a4ca5c52f3e470f117321c59d2a8432f9500719ad	693	F	0644	research/spikes/cursor-sdk-tier1/node_modules/@cursor/sdk/dist/cjs/914.js
6b91c7abd66f325d7362dfa5e05e7e8c3b03d56856e325f388383ac95a415960	7388	F	0644	research/spikes/cursor-sdk-tier1/node_modules/@cursor/sdk/dist/cjs/986.js
a8f382b9481295876ec84eb11a0467ec46a81f13aecf13c1f930c267f8d8a6cd	8147	F	0644	research/spikes/cursor-sdk-tier1/node_modules/@cursor/sdk/dist/cjs/agent/options.d.ts
24d4030f57509c4244d35d6bb2074752d11563b266a93f4c349e5a3d86973931	4849	F	0644	research/spikes/cursor-sdk-tier1/node_modules/@cursor/sdk/dist/cjs/agent/options.d.ts.map
96dbad0c945fdd02160915c48dfec89d3b4e8b25ede4ebadde499dd71e0a6cff	4238	F	0644	research/spikes/cursor-sdk-tier1/node_modules/@cursor/sdk/dist/cjs/agent/run-event-notifier-api.d.ts
29b1f80cb32726d03a356c5ecb56e3fedf480714ae2e08286d5f84d1efd426a8	1772	F	0644	research/spikes/cursor-sdk-tier1/node_modules/@cursor/sdk/dist/cjs/agent/run-event-notifier-api.d.ts.map
d3a23584be56f4e375602e9870418cdb4f114d54d58a4e6bcdf056612ff61f72	6280	F	0644	research/spikes/cursor-sdk-tier1/node_modules/@cursor/sdk/dist/cjs/agent/run-store-public-types.d.ts
fede309fa52dadba12dd6242423f139be237ed0a10abd251a866727cb55ccc41	6042	F	0644	research/spikes/cursor-sdk-tier1/node_modules/@cursor/sdk/dist/cjs/agent/run-store-public-types.d.ts.map
ef0af7323f6515b72657cbb2f9064199ffe32b2410b927c36711cc11cc6b1cc3	630	F	0644	research/spikes/cursor-sdk-tier1/node_modules/@cursor/sdk/dist/cjs/agent/store/local-agent-record-conversion.d.ts
01008811cabeacf2a992a01cf3ec1c079dadb7cd6073b74c0c5de9c1b3c4546f	530	F	0644	research/spikes/cursor-sdk-tier1/node_modules/@cursor/sdk/dist/cjs/agent/store/local-agent-record-conversion.d.ts.map
aa9b158afa22a5819ef9726a87d24758884a406d5d3fa02c4cbf30fb3f951c8e	12123	F	0644	research/spikes/cursor-sdk-tier1/node_modules/@cursor/sdk/dist/cjs/agent/store/local-agent-store.d.ts
4d13ff023e67d7696bbd3f6dc7954254b5e63970a6904eb19ad268c1dbf93985	7643	F	0644	research/spikes/cursor-sdk-tier1/node_modules/@cursor/sdk/dist/cjs/agent/store/local-agent-store.d.ts.map
e01fdcd60086e678097e5c0a8b945a99d6d55ca058fbe3978aeac16537265508	274	F	0644	research/spikes/cursor-sdk-tier1/node_modules/@cursor/sdk/dist/cjs/agent/store/sdk-state-root.d.ts
2b4d186905ad2ab8ab23a4d9748660273fba7ff2760ecd5320dc7496eb3cecc2	209	F	0644	research/spikes/cursor-sdk-tier1/node_modules/@cursor/sdk/dist/cjs/agent/store/sdk-state-root.d.ts.map
a3b7218e8b579e1addf184c3bdebf5ec9cd93ff992ae64562c6d03c2a1972143	1390	F	0644	research/spikes/cursor-sdk-tier1/node_modules/@cursor/sdk/dist/cjs/agent/store/sqlite-local-agent-store.d.ts
602d5aafb30a26f22a5bbfa0c326ba78c1b2c2c24ac81e157c80882133945b16	832	F	0644	research/spikes/cursor-sdk-tier1/node_modules/@cursor/sdk/dist/cjs/agent/store/sqlite-local-agent-store.d.ts.map
bde12e0380eba2d9042ad90cfa1a6d3b27ab51e303aa79741c9b1e5490cf5b43	908	F	0644	research/spikes/cursor-sdk-tier1/node_modules/@cursor/sdk/dist/cjs/agent/usage-types.d.ts
cb01d9686eaf6e96599c6e27fbe6a28e002ef3abf9cb1145c72bc6e0291a4193	695	F	0644	research/spikes/cursor-sdk-tier1/node_modules/@cursor/sdk/dist/cjs/agent/usage-types.d.ts.map
bbff5b78796ea80bdbcd903aa56c05d573b1c6501dbc6c8af458356828338812	5565	F	0644	research/spikes/cursor-sdk-tier1/node_modules/@cursor/sdk/dist/cjs/agent.d.ts
b36ed64a659a081fb4d0e4e917584c3721c6ad4775eb56b9b8ecd605116dc659	4014	F	0644	research/spikes/cursor-sdk-tier1/node_modules/@cursor/sdk/dist/cjs/agent.d.ts.map
7442bb957f7b5f1481f9837c66e25987f68359bca0ca25dbe40fbe564cbbdc5d	1629	F	0644	research/spikes/cursor-sdk-tier1/node_modules/@cursor/sdk/dist/cjs/analytics.d.ts
aec9d1a768b7f1e15641d9d0d84542b2bc7167fcd1776accaef3f1ce157e4483	1137	F	0644	research/spikes/cursor-sdk-tier1/node_modules/@cursor/sdk/dist/cjs/analytics.d.ts.map
28fafa641f7819c70c083905d8d6b76e19a7a4c2c2baec42d81fb8cb94647ac4	136	F	0644	research/spikes/cursor-sdk-tier1/node_modules/@cursor/sdk/dist/cjs/artifacts.d.ts
9dbcbfabfbc9a46fe4611c27c3cbde6c27746cbf97444d941e057f729194d6f7	223	F	0644	research/spikes/cursor-sdk-tier1/node_modules/@cursor/sdk/dist/cjs/artifacts.d.ts.map
a814e8296d863499657493b5beb0db7e5ad467e1ec26dc64971e697174c26bbb	2917	F	0644	research/spikes/cursor-sdk-tier1/node_modules/@cursor/sdk/dist/cjs/cloud-agent.d.ts
5f924bd0fb69b65c9b9a7f75cbf5b2c148ec9ce52c656cb6b0789967dc0e1750	1899	F	0644	research/spikes/cursor-sdk-tier1/node_modules/@cursor/sdk/dist/cjs/cloud-agent.d.ts.map
35ed0ee55b19dbca99bf0fc1332642d5a0bc64118dd449b1b43555dfe6fe6b73	5399	F	0644	research/spikes/cursor-sdk-tier1/node_modules/@cursor/sdk/dist/cjs/cloud-api-client.d.ts
8d333d7613044a739b644bc8c30b390ed8efc5c2b876e9ebe03a3bd5bccace64	5857	F	0644	research/spikes/cursor-sdk-tier1/node_modules/@cursor/sdk/dist/cjs/cloud-api-client.d.ts.map
9e1a44ce35832549a66b4edf6726879c4835d21e2c2186c07748cc9f82ac684a	752	F	0644	research/spikes/cursor-sdk-tier1/node_modules/@cursor/sdk/dist/cjs/cloud-executor.d.ts
f7b2500192afec20deb4c0dba491147dec3c115dced04ab5f6f22f2901a57770	735	F	0644	research/spikes/cursor-sdk-tier1/node_modules/@cursor/sdk/dist/cjs/cloud-executor.d.ts.map
1d05e540ce0366bb6c1b20fff7185aa1b7fec0902fd3bded074b7b3d9b83115a	281	F	0644	research/spikes/cursor-sdk-tier1/node_modules/@cursor/sdk/dist/cjs/cloud-mcp-utils.d.ts
6ab181230a490e3add7bbe67fdf8853531ede705d36ab468ecff0f7ed110073e	318	F	0644	research/spikes/cursor-sdk-tier1/node_modules/@cursor/sdk/dist/cjs/cloud-mcp-utils.d.ts.map
84c41845d25113b02b254d87ce430df50ba811114f39e54bf7681d1eab9f7d02	100	F	0644	research/spikes/cursor-sdk-tier1/node_modules/@cursor/sdk/dist/cjs/core-adapter.d.ts
1986c2594f1f72cb255baacc4fc24dbe230666b9654eca456d080f29a964a4bc	148	F	0644	research/spikes/cursor-sdk-tier1/node_modules/@cursor/sdk/dist/cjs/core-adapter.d.ts.map
7b7bc68695550d9adf1e5a95d7f4517ca982cf35b79d764833e20022131a69ef	1688	F	0644	research/spikes/cursor-sdk-tier1/node_modules/@cursor/sdk/dist/cjs/custom-tools.d.ts
55e7d7d08dbed10ce83e5b01669b3be72a990fd31b20985fb02de70b33f7cc23	696	F	0644	research/spikes/cursor-sdk-tier1/node_modules/@cursor/sdk/dist/cjs/custom-tools.d.ts.map
4c6d5f04610191d9ee753ca15fdfdc0014982bf141fb1807b999a416821ec40d	5180	F	0644	research/spikes/cursor-sdk-tier1/node_modules/@cursor/sdk/dist/cjs/errors.d.ts
b0bf40e04d9afead163431981562ce1425f77b5327dc7c04d0c88cd0f59bdf91	2608	F	0644	research/spikes/cursor-sdk-tier1/node_modules/@cursor/sdk/dist/cjs/errors.d.ts.map
e9544365af687f3af573eb78414a5609edfbb474e6325e3b5d183482a90c46ed	2535	F	0644	research/spikes/cursor-sdk-tier1/node_modules/@cursor/sdk/dist/cjs/executor-common.d.ts
11f76bb0de251f52662323f632d99939681dde104406ce699f21e3d72dad117b	1377	F	0644	research/spikes/cursor-sdk-tier1/node_modules/@cursor/sdk/dist/cjs/executor-common.d.ts.map
1f155d495926615dc73208af057112ec6ba6fc234f3cfac135f9850ac1b12418	2199	F	0644	research/spikes/cursor-sdk-tier1/node_modules/@cursor/sdk/dist/cjs/executor-types.d.ts
bb49ac868aae2777560b8b54dd0e384fef62c2e27b7a550f6e8876d8bcc7639b	2124	F	0644	research/spikes/cursor-sdk-tier1/node_modules/@cursor/sdk/dist/cjs/executor-types.d.ts.map
b5d94649724df534cfae380cb8692ae6f0096633c2f432c68507a0154fd52ba3	6109	F	0644	research/spikes/cursor-sdk-tier1/node_modules/@cursor/sdk/dist/cjs/index.d.ts
787273dc816386cd5efbc160bccb48b19ac633bef6fb31ca350f5f4366a56e5d	3864	F	0644	research/spikes/cursor-sdk-tier1/node_modules/@cursor/sdk/dist/cjs/index.d.ts.map
618d2c09f8ef16b4b2db819f98467571cf34337b434a90c14c360404fd582422	3085681	F	0644	research/spikes/cursor-sdk-tier1/node_modules/@cursor/sdk/dist/cjs/index.js
f202fa168b13f78ba15dc0a0f809691e1fbe6f38b13bb8c1a257cc67aa8a10da	1044	F	0644	research/spikes/cursor-sdk-tier1/node_modules/@cursor/sdk/dist/cjs/local-executor.d.ts
c04ab6a26590bf13032ec95b480c9596f0af89d8c107433643f801d50155b054	1004	F	0644	research/spikes/cursor-sdk-tier1/node_modules/@cursor/sdk/dist/cjs/local-executor.d.ts.map
8b46802fe28388f5509d2dcceb9391d2922148dc8329f3e8e7e022f12cc446c9	360	F	0644	research/spikes/cursor-sdk-tier1/node_modules/@cursor/sdk/dist/cjs/local-model-validation.d.ts
86639a50afd7a81e155c41f9080fa20ca21eeb2fa2388299d0134540c42372f6	382	F	0644	research/spikes/cursor-sdk-tier1/node_modules/@cursor/sdk/dist/cjs/local-model-validation.d.ts.map
f6069a643ce61d1bb0d6f6477358b7cfa14a634ef810b08abe41320ea873b94f	3577	F	0644	research/spikes/cursor-sdk-tier1/node_modules/@cursor/sdk/dist/cjs/messages.d.ts
1086d595007337592164330982e536dca9746a0304c1bfbd828e2cb6fd69f108	3286	F	0644	research/spikes/cursor-sdk-tier1/node_modules/@cursor/sdk/dist/cjs/messages.d.ts.map
a8f382b9481295876ec84eb11a0467ec46a81f13aecf13c1f930c267f8d8a6cd	8147	F	0644	research/spikes/cursor-sdk-tier1/node_modules/@cursor/sdk/dist/cjs/options.d.ts
91bef1e311ad6e831472822af4a029fcd56168c6902d1d7c4b5898fca3b0c5d0	4846	F	0644	research/spikes/cursor-sdk-tier1/node_modules/@cursor/sdk/dist/cjs/options.d.ts.map
73513439b93b2391b8a67720b5e0959f46afc909c1f0fc7dd73b79c5ae36bda7	24	F	0644	research/spikes/cursor-sdk-tier1/node_modules/@cursor/sdk/dist/cjs/package.json
4b6c0a0cbe05b60cfccf64c5abce0691625d0cd0cbf8b821c4d681e52d2725fc	4896	F	0644	research/spikes/cursor-sdk-tier1/node_modules/@cursor/sdk/dist/cjs/platform.d.ts
2f910b231f4df1d9bfb0d94c0bb0a2fcf17e7ef37169ff57e0b530f0ca61d4f8	4387	F	0644	research/spikes/cursor-sdk-tier1/node_modules/@cursor/sdk/dist/cjs/platform.d.ts.map
817a60fac2a1ee0006679e36b417a9d21250c49395ba7c2aa6700f372cc5f580	693	F	0644	research/spikes/cursor-sdk-tier1/node_modules/@cursor/sdk/dist/cjs/pr-opened-telemetry.d.ts
dcb10caa08fe2d6abe2d0ccaa34de0e2f6f9cdbc989b715dc5db503df30e67fa	492	F	0644	research/spikes/cursor-sdk-tier1/node_modules/@cursor/sdk/dist/cjs/pr-opened-telemetry.d.ts.map
94c76e64da7f6f17e7d25a22bc617236cb73678c9fb788d39a8b1e3865dff6c4	691	F	0644	research/spikes/cursor-sdk-tier1/node_modules/@cursor/sdk/dist/cjs/prefetched-blobs.d.ts
a81b7ff365071d2f610d16461dbbc08e992e256fc75a1df48a7878d561bb072c	643	F	0644	research/spikes/cursor-sdk-tier1/node_modules/@cursor/sdk/dist/cjs/prefetched-blobs.d.ts.map
4a37683e65cbd0f9d18064b3d2d511e6b317d56525a3daf5a4e63b2097fdce24	3369	F	0644	research/spikes/cursor-sdk-tier1/node_modules/@cursor/sdk/dist/cjs/public-api.d.ts
622863701ad4d52b77e00b20c42a3b63c57921cf14fa9b0fe9f5fafc172a2a29	2246	F	0644	research/spikes/cursor-sdk-tier1/node_modules/@cursor/sdk/dist/cjs/public-api.d.ts.map
96dbad0c945fdd02160915c48dfec89d3b4e8b25ede4ebadde499dd71e0a6cff	4238	F	0644	research/spikes/cursor-sdk-tier1/node_modules/@cursor/sdk/dist/cjs/run-event-notifier-api.d.ts
57c8f7db3fa7637b137c87b41109c7713873a7a5bb129c733aa6e9a07ce42ccf	1769	F	0644	research/spikes/cursor-sdk-tier1/node_modules/@cursor/sdk/dist/cjs/run-event-notifier-api.d.ts.map
db85568cc104b6e3bd45c15ea7757572f8b2ebe5467e4941837a28b1fe4ff1c3	1307	F	0644	research/spikes/cursor-sdk-tier1/node_modules/@cursor/sdk/dist/cjs/run-event-tailer.d.ts
57861cf46d11bd86d8df10af18ef101760e7a0c5e56a11058c0b330fd62e46b3	1134	F	0644	research/spikes/cursor-sdk-tier1/node_modules/@cursor/sdk/dist/cjs/run-event-tailer.d.ts.map
8478ac3be6ae1687429165aea03cfa43cea724fe4c21f0debbc3a64f94effa47	1563	F	0644	research/spikes/cursor-sdk-tier1/node_modules/@cursor/sdk/dist/cjs/run-interaction-accumulator.d.ts
a5c08350557811758b13113fa03196d977b5fd8cc48a9a4253d69d2c8d5fca48	1398	F	0644	research/spikes/cursor-sdk-tier1/node_modules/@cursor/sdk/dist/cjs/run-interaction-accumulator.d.ts.map
29ab2578823ef912afaaaa8be834068b6b37b2c9771ed81b653d578516c4774e	6279	F	0644	research/spikes/cursor-sdk-tier1/node_modules/@cursor/sdk/dist/cjs/run-store-public-types.d.ts
871cc949c764189457f2e308a50e8873cfd08289769f41b096991a82cb276e99	6039	F	0644	research/spikes/cursor-sdk-tier1/node_modules/@cursor/sdk/dist/cjs/run-store-public-types.d.ts.map
b3c3ad9674b4b4117e0bb6c1716f2d7930842c7353e4b5ca21d2a09236ab0857	2152	F	0644	research/spikes/cursor-sdk-tier1/node_modules/@cursor/sdk/dist/cjs/run.d.ts
7b5b8e3cd5919cc7ae76d9d8ab3344c39eab7eb19791888ddbe69db0208bfbf9	2054	F	0644	research/spikes/cursor-sdk-tier1/node_modules/@cursor/sdk/dist/cjs/run.d.ts.map
ecea28f7c0f49f3af82adb1ed1104e565667ed8758e1efc065872ad9d367d535	507	F	0644	research/spikes/cursor-sdk-tier1/node_modules/@cursor/sdk/dist/cjs/safe-connect-transport.d.ts
bb557e57c61249a3c7824644f6c7d432fcb9ce141e3b2ed748dc09c21d641295	317	F	0644	research/spikes/cursor-sdk-tier1/node_modules/@cursor/sdk/dist/cjs/safe-connect-transport.d.ts.map
800a86ce5a98db81bebbefd44c1369f48eac5693ba7e0f51eaf1864095a720e4	695	F	0644	research/spikes/cursor-sdk-tier1/node_modules/@cursor/sdk/dist/cjs/safe-node-http-client.d.ts
499d0d7346323afc3bc818222b4ad1a48f0fbd1d688bad1a3cf336c538e9f64f	395	F	0644	research/spikes/cursor-sdk-tier1/node_modules/@cursor/sdk/dist/cjs/safe-node-http-client.d.ts.map
751f85f370f36a29f36e637cd3d1493f06de6b62214ea47f6a6d26a45c38cf83	1139	F	0644	research/spikes/cursor-sdk-tier1/node_modules/@cursor/sdk/dist/cjs/sdk-config.d.ts
2079d9b14fc6103a19d5ddfeddc1bb5521bf8e2770ac9f1575034bb0f38188b3	487	F	0644	research/spikes/cursor-sdk-tier1/node_modules/@cursor/sdk/dist/cjs/sdk-config.d.ts.map
63321cf54021a3721c2b4e6a4eea87733b195218724e0a7782d3906e221ba139	462	F	0644	research/spikes/cursor-sdk-tier1/node_modules/@cursor/sdk/dist/cjs/sdk-statsig.d.ts
fcd248fdfbf1a1d46b7a329abe0febce362336210eb86a8a69513d869157f1ca	503	F	0644	research/spikes/cursor-sdk-tier1/node_modules/@cursor/sdk/dist/cjs/sdk-statsig.d.ts.map
034eda3648714b7a340580e9a9e8bff6ada65e38cd67844e415eb6d8573ca5d6	341	F	0644	research/spikes/cursor-sdk-tier1/node_modules/@cursor/sdk/dist/cjs/sqlite.d.ts
dd337a8aceac0ece3fde9c323fc66ea1233f4cc3d9d2492b20d46cea722faddc	185	F	0644	research/spikes/cursor-sdk-tier1/node_modules/@cursor/sdk/dist/cjs/sqlite.d.ts.map
eccfe1511fbd6f538c5a367f25b23094d6286696dbc3c092e66ebe91592cd788	848942	F	0644	research/spikes/cursor-sdk-tier1/node_modules/@cursor/sdk/dist/cjs/sqlite.js
d464e61ac52ec7db78124ba003dd84b7ae150782f66b71923e4a90d53eb8dcd6	619	F	0644	research/spikes/cursor-sdk-tier1/node_modules/@cursor/sdk/dist/cjs/store/atomic-write.d.ts
fba20518f7f5de5ea7004da14f04a64e6b5e45a2f3cf474bce586aa630936a54	251	F	0644	research/spikes/cursor-sdk-tier1/node_modules/@cursor/sdk/dist/cjs/store/atomic-write.d.ts.map
3aee58933c8c8ec8c86234562cd6dd1dc38621ee92fbb781a9571a69c9c7f5e9	1055	F	0644	research/spikes/cursor-sdk-tier1/node_modules/@cursor/sdk/dist/cjs/store/index.d.ts
88b76622df2db284528fbbe21900d150dfae1b2eb8a93ea2680aa6faf25099ea	713	F	0644	research/spikes/cursor-sdk-tier1/node_modules/@cursor/sdk/dist/cjs/store/index.d.ts.map
82a2dc16ec681f636800b23cf38bf99df6176963316b842d119959d6500b6142	1518	F	0644	research/spikes/cursor-sdk-tier1/node_modules/@cursor/sdk/dist/cjs/store/jsonl-local-agent-store.d.ts
71b213c4b29755ab9459abf21792fa309ddaa36c38ce00896d2c898525f21ade	732	F	0644	research/spikes/cursor-sdk-tier1/node_modules/@cursor/sdk/dist/cjs/store/jsonl-local-agent-store.d.ts.map
2b1834727ee7073b3eb4db318b202aebf1dfc69bf0badd0b42411753e9608fd2	627	F	0644	research/spikes/cursor-sdk-tier1/node_modules/@cursor/sdk/dist/cjs/store/local-agent-record-conversion.d.ts
890151916e3d7336ebbef92eafb77fc731827231c8132a22a70ecef7c4da93ae	527	F	0644	research/spikes/cursor-sdk-tier1/node_modules/@cursor/sdk/dist/cjs/store/local-agent-record-conversion.d.ts.map
aa9b158afa22a5819ef9726a87d24758884a406d5d3fa02c4cbf30fb3f951c8e	12123	F	0644	research/spikes/cursor-sdk-tier1/node_modules/@cursor/sdk/dist/cjs/store/local-agent-store.d.ts
a7cbf8bc75988b1979aadca73408525911fd6917d481d313e4925850539ef7d9	7640	F	0644	research/spikes/cursor-sdk-tier1/node_modules/@cursor/sdk/dist/cjs/store/local-agent-store.d.ts.map
910d4355f8c228817b80524b071b00ec8f9ce30134ac922c15a8030a4797f56a	323	F	0644	research/spikes/cursor-sdk-tier1/node_modules/@cursor/sdk/dist/cjs/store/open-default-local-agent-store.d.ts
85d0ade9e7cde867d644199ea7ee0174c9ead0a63db679f4219e8aae17f1a08d	343	F	0644	research/spikes/cursor-sdk-tier1/node_modules/@cursor/sdk/dist/cjs/store/open-default-local-agent-store.d.ts.map
7d6ad9e526d16b685d2a90e3493f14411cb1efd785d471c373e750b83ead0e57	683	F	0644	research/spikes/cursor-sdk-tier1/node_modules/@cursor/sdk/dist/cjs/store/sdk-local-defaults.d.ts
c9faae381b4839daedbd239e938d925a8e50755f92dd0e64a491ecf8114764d4	532	F	0644	research/spikes/cursor-sdk-tier1/node_modules/@cursor/sdk/dist/cjs/store/sdk-local-defaults.d.ts.map
e01fdcd60086e678097e5c0a8b945a99d6d55ca058fbe3978aeac16537265508	274	F	0644	research/spikes/cursor-sdk-tier1/node_modules/@cursor/sdk/dist/cjs/store/sdk-state-root.d.ts
a5cd544f23b8383d00c32b55629febe176aef080e0113d1afbef297ac082252f	206	F	0644	research/spikes/cursor-sdk-tier1/node_modules/@cursor/sdk/dist/cjs/store/sdk-state-root.d.ts.map
a3b7218e8b579e1addf184c3bdebf5ec9cd93ff992ae64562c6d03c2a1972143	1390	F	0644	research/spikes/cursor-sdk-tier1/node_modules/@cursor/sdk/dist/cjs/store/sqlite-local-agent-store.d.ts
1949b54a8cd22fbbb53b0dbbafc4ff7a6e11bb14528b5a4c8e3fee9ae2a5f1f6	829	F	0644	research/spikes/cursor-sdk-tier1/node_modules/@cursor/sdk/dist/cjs/store/sqlite-local-agent-store.d.ts.map
029c2aea5a7f22555f313bf28c1ff2f130153756a26ff4d93c42b9486c19c860	419	F	0644	research/spikes/cursor-sdk-tier1/node_modules/@cursor/sdk/dist/cjs/store/sqlite-storage-unavailable.d.ts
8b9207cbf11fade22c390569bdaa90923a23b963fa2dbf9c0230ac4c73bd0940	420	F	0644	research/spikes/cursor-sdk-tier1/node_modules/@cursor/sdk/dist/cjs/store/sqlite-storage-unavailable.d.ts.map
ae8d92160ca261478e4ae5d36bcebf9379dd9859977584671f0db502532624fc	4533	F	0644	research/spikes/cursor-sdk-tier1/node_modules/@cursor/sdk/dist/cjs/stubs.d.ts
536512c3a75e74af68e70b39657675f9537c49077e3d03ddd0c5a54bcf54ffe2	3419	F	0644	research/spikes/cursor-sdk-tier1/node_modules/@cursor/sdk/dist/cjs/stubs.d.ts.map
202ef0b228e7caa07fe314fb82a2ef6c6163a525d38e3cdc913a47835757ce0e	1229	F	0644	research/spikes/cursor-sdk-tier1/node_modules/@cursor/sdk/dist/cjs/subagent-conversion.d.ts
8f72260d6c0ec07dd5ab840c56718e330871dff792da3600da8f0b2ef862f7d8	789	F	0644	research/spikes/cursor-sdk-tier1/node_modules/@cursor/sdk/dist/cjs/subagent-conversion.d.ts.map
f1180299b7b4173a8063fc7dbd858720f7ddbf67c742d662a707ae78a7fb0b63	306	F	0644	research/spikes/cursor-sdk-tier1/node_modules/@cursor/sdk/dist/cjs/tool-call-utils.d.ts
13a2adc1cc510e07aa9236669d9077b827f242168ba60f7d0ac8bf09195ff289	387	F	0644	research/spikes/cursor-sdk-tier1/node_modules/@cursor/sdk/dist/cjs/tool-call-utils.d.ts.map
c96a21a8053cccde55ac6e4494f204061b44c78acb1f296496fa72d207aa5c94	2319	F	0644	research/spikes/cursor-sdk-tier1/node_modules/@cursor/sdk/dist/cjs/transport.d.ts
db7e8f738e3bf03ab25ce346c4f52016ec06dd4e795e2084346d791db58f7d98	665	F	0644	research/spikes/cursor-sdk-tier1/node_modules/@cursor/sdk/dist/cjs/transport.d.ts.map
d7f7e5e7764962d11c2afcc4d4912315ab464764268399c7ae428139dd3c6dfc	454568	F	0644	research/spikes/cursor-sdk-tier1/node_modules/@cursor/sdk/dist/cjs/types/conversation-types.d.ts
5d0af344a0d66d3d9b8dcc6fded2394208a03866ae89b6ba437bf28570cc90b0	13139	F	0644	research/spikes/cursor-sdk-tier1/node_modules/@cursor/sdk/dist/cjs/types/conversation-types.d.ts.map
f03a665bebd2c4d4afd959b2635cf2b6ed7f5a3d4be202daf7722f73ec99a948	101	F	0644	research/spikes/cursor-sdk-tier1/node_modules/@cursor/sdk/dist/cjs/types/delta-types.d.ts
564da0de17c77fcc5de3a258c4d580438b29adac0768a908bdd6f05861e088e9	155	F	0644	research/spikes/cursor-sdk-tier1/node_modules/@cursor/sdk/dist/cjs/types/delta-types.d.ts.map
4bb5722508833258ca112836a86b4fa8b52c76da5e5ac8a07cc226accbc17df2	109	F	0644	research/spikes/cursor-sdk-tier1/node_modules/@cursor/sdk/dist/cjs/types/tool-call-types.d.ts
1849e48d84d967367cc5399b6f3ae055a7fe02202fa13d423989ca0631e89b20	163	F	0644	research/spikes/cursor-sdk-tier1/node_modules/@cursor/sdk/dist/cjs/types/tool-call-types.d.ts.map
bde12e0380eba2d9042ad90cfa1a6d3b27ab51e303aa79741c9b1e5490cf5b43	908	F	0644	research/spikes/cursor-sdk-tier1/node_modules/@cursor/sdk/dist/cjs/usage-types.d.ts
2299b31c0bf87b240e0121226a04bca752a79d66e26173234031b145fb3ffd9c	692	F	0644	research/spikes/cursor-sdk-tier1/node_modules/@cursor/sdk/dist/cjs/usage-types.d.ts.map
ffef5dc739e80e88b75bf2d5c788b23d4fb6804bdfec8880bd8f061de90efdea	207	F	0644	research/spikes/cursor-sdk-tier1/node_modules/@cursor/sdk/dist/cjs/utils/conversation-utils.d.ts
79bdddf5b0f5635b68e5f1e9902d3912643d7f810c22e6c12621975c11a23913	269	F	0644	research/spikes/cursor-sdk-tier1/node_modules/@cursor/sdk/dist/cjs/utils/conversation-utils.d.ts.map
6924173b0f876fc77760ac522e5a7bb5ca51c423383e233123b19337e2947011	394	F	0644	research/spikes/cursor-sdk-tier1/node_modules/@cursor/sdk/dist/cjs/utils/logger.d.ts
e56fce7f8513cccab9e9480fa55258a93ce5ec01f82b3b33d4eb69b8d9a3ceff	347	F	0644	research/spikes/cursor-sdk-tier1/node_modules/@cursor/sdk/dist/cjs/utils/logger.d.ts.map
c6dd64b3b5f4d90b1f23e2e0073310d864ef02e63fbc7c66e23fc1b1b047c911	109	F	0644	research/spikes/cursor-sdk-tier1/node_modules/@cursor/sdk/dist/cjs/utils/message-schemas.d.ts
4d09221e30561d1fe5a898ebd841e262e3df0ff90594e883057cc0426480e6bc	163	F	0644	research/spikes/cursor-sdk-tier1/node_modules/@cursor/sdk/dist/cjs/utils/message-schemas.d.ts.map
a773fc73cb55b4778b0347780a64c665d03cd76c6813e4c5ffe748feb3d061fd	306	F	0644	research/spikes/cursor-sdk-tier1/node_modules/@cursor/sdk/dist/cjs/vendor/cursor-sdk-shared/core-adapter.d.ts
a6ab1871d46ed14e4ce86821419395f97d5b1ee9561caf875448b698ceeae340	1860055	F	0644	research/spikes/cursor-sdk-tier1/node_modules/@cursor/sdk/dist/cjs/vendor/cursor-sdk-shared/delta-types.d.ts
a6a06441fabf9c25c65f599918638c3fe13cc4bcef4032e76f176582cba0bc7e	2860	F	0644	research/spikes/cursor-sdk-tier1/node_modules/@cursor/sdk/dist/cjs/vendor/cursor-sdk-shared/message-schemas.d.ts
321a4e255555ea01d1f19c758ff766169d2807a83e98ad8b00e87896b4d4a6c6	250217	F	0644	research/spikes/cursor-sdk-tier1/node_modules/@cursor/sdk/dist/cjs/vendor/cursor-sdk-shared/tool-call-types.d.ts
f96abf0e31ae8e394d4fa885c38efeb805a3d859cf3bf4704ae1a443d1985509	72786	F	0644	research/spikes/cursor-sdk-tier1/node_modules/@cursor/sdk/dist/esm/.tsbuildinfo.schemas
ad6151e3e5ccbbfb8cfe11d85961c6214ec3a0c798077a64ec4efbac27ec5bca	11126	F	0644	research/spikes/cursor-sdk-tier1/node_modules/@cursor/sdk/dist/esm/162.js
b55bdff5d375844a74a3a9601c2ee0da4fedde84de5d0eae3679422cb96aeecb	6463	F	0644	research/spikes/cursor-sdk-tier1/node_modules/@cursor/sdk/dist/esm/18.js
74d164a2c4edba056d3478a61bb4f06f651395b3eb515ad3f9a46c4265688c16	107907	F	0644	research/spikes/cursor-sdk-tier1/node_modules/@cursor/sdk/dist/esm/181.js
d82726a3a69fa5ae56667b048e3c456e46559ed2de9da5c259fa52182631b486	79029	F	0644	research/spikes/cursor-sdk-tier1/node_modules/@cursor/sdk/dist/esm/250.js
9147d44d83cc2ac8d2467b4587564cadc61ea5b26447dcfe7946e99209150493	90	F	0644	research/spikes/cursor-sdk-tier1/node_modules/@cursor/sdk/dist/esm/250.js.LICENSE.txt
a007b8553286c75135dac33d5de7a6d3ee0911ee403ace7d6a475cd2761b3692	12373	F	0644	research/spikes/cursor-sdk-tier1/node_modules/@cursor/sdk/dist/esm/284.js
a27ab660864b764bce7056816cc7e74d04d5f7c3f9aea1535e53441024e384f7	67322	F	0644	research/spikes/cursor-sdk-tier1/node_modules/@cursor/sdk/dist/esm/295.js
0a6ac0e8fc20e5070a9076b34d58d9578eb93f8f991bcd30e34c542936946968	797	F	0644	research/spikes/cursor-sdk-tier1/node_modules/@cursor/sdk/dist/esm/343.js
2f8aac73b2c2f13341ec5ab0b229125229f930b1248c9a34630cbf0dfbfe13e6	1045573	F	0644	research/spikes/cursor-sdk-tier1/node_modules/@cursor/sdk/dist/esm/357.js
b806e464aef56e8bfa0f52f902c605bd7ababfed2c5adf1addfc763492db6a89	3166	F	0644	research/spikes/cursor-sdk-tier1/node_modules/@cursor/sdk/dist/esm/400.js
873c26f2104c4cd934cbb266986dcbb8ca3af7c6e2b2225936f1fb14485ab7bb	14510	F	0644	research/spikes/cursor-sdk-tier1/node_modules/@cursor/sdk/dist/esm/401.js
a713174a07c221231800632292428c55ef68fa6e57ac7cb9a7080ea29472e5b9	22683	F	0644	research/spikes/cursor-sdk-tier1/node_modules/@cursor/sdk/dist/esm/642.js
46ee0a88c0e6e51a86828b6d03ab6b487ce8b37d42d9b612828060f4968a62a9	5854	F	0644	research/spikes/cursor-sdk-tier1/node_modules/@cursor/sdk/dist/esm/656.js
8eca2bc806ab1c7a8c82136e79d97bd41f36eb7131cd16444c0e2c1d3743aec1	34199	F	0644	research/spikes/cursor-sdk-tier1/node_modules/@cursor/sdk/dist/esm/690.js
a35cd0849c9b683b8a4fbc30a7e2f4b6a35a3f2e27e209595e90df13fde892c0	3303	F	0644	research/spikes/cursor-sdk-tier1/node_modules/@cursor/sdk/dist/esm/730.js
ee6a08a92d1dcbe42a8b216f0a05cb783314727c60e90a1b00bc0bb6b5aac75f	16135	F	0644	research/spikes/cursor-sdk-tier1/node_modules/@cursor/sdk/dist/esm/731.js
1fdde695dcd66a9f7609289f29be793ee8944a4e7cd7908598f0d70ea69e09f6	20068	F	0644	research/spikes/cursor-sdk-tier1/node_modules/@cursor/sdk/dist/esm/831.js
677384e973fe3e46c153aee06b1eb26ad30364e145b6c8709d38276245d5aa04	2155400	F	0644	research/spikes/cursor-sdk-tier1/node_modules/@cursor/sdk/dist/esm/833.js
b0b1868f7fb299ae0ceeec2e66cdf99099d07f23a27a527011b8a61a0f881d6c	817	F	0644	research/spikes/cursor-sdk-tier1/node_modules/@cursor/sdk/dist/esm/833.js.LICENSE.txt
aacf46ca90bd2783dae4dc9687e62624fb51b950fa0ed8d70d66f9f9f1276b00	18567	F	0644	research/spikes/cursor-sdk-tier1/node_modules/@cursor/sdk/dist/esm/856.js
111895dc54c2b87966c3d6aef45a34d6862a58dc8ee56ee3119129e647c794c1	827	F	0644	research/spikes/cursor-sdk-tier1/node_modules/@cursor/sdk/dist/esm/914.js
4432786481104816009fc40c8ab97f6ffd92cfcdd1efab847935d300624fd222	7438	F	0644	research/spikes/cursor-sdk-tier1/node_modules/@cursor/sdk/dist/esm/986.js
eaef73296931ce08da196332c21c1ebba889cd2fbf418f1d9aaeacc47df30697	2034	F	0644	research/spikes/cursor-sdk-tier1/node_modules/@cursor/sdk/dist/esm/988.js
a8f382b9481295876ec84eb11a0467ec46a81f13aecf13c1f930c267f8d8a6cd	8147	F	0644	research/spikes/cursor-sdk-tier1/node_modules/@cursor/sdk/dist/esm/agent/options.d.ts
24d4030f57509c4244d35d6bb2074752d11563b266a93f4c349e5a3d86973931	4849	F	0644	research/spikes/cursor-sdk-tier1/node_modules/@cursor/sdk/dist/esm/agent/options.d.ts.map
96dbad0c945fdd02160915c48dfec89d3b4e8b25ede4ebadde499dd71e0a6cff	4238	F	0644	research/spikes/cursor-sdk-tier1/node_modules/@cursor/sdk/dist/esm/agent/run-event-notifier-api.d.ts
29b1f80cb32726d03a356c5ecb56e3fedf480714ae2e08286d5f84d1efd426a8	1772	F	0644	research/spikes/cursor-sdk-tier1/node_modules/@cursor/sdk/dist/esm/agent/run-event-notifier-api.d.ts.map
d3a23584be56f4e375602e9870418cdb4f114d54d58a4e6bcdf056612ff61f72	6280	F	0644	research/spikes/cursor-sdk-tier1/node_modules/@cursor/sdk/dist/esm/agent/run-store-public-types.d.ts
fede309fa52dadba12dd6242423f139be237ed0a10abd251a866727cb55ccc41	6042	F	0644	research/spikes/cursor-sdk-tier1/node_modules/@cursor/sdk/dist/esm/agent/run-store-public-types.d.ts.map
ef0af7323f6515b72657cbb2f9064199ffe32b2410b927c36711cc11cc6b1cc3	630	F	0644	research/spikes/cursor-sdk-tier1/node_modules/@cursor/sdk/dist/esm/agent/store/local-agent-record-conversion.d.ts
01008811cabeacf2a992a01cf3ec1c079dadb7cd6073b74c0c5de9c1b3c4546f	530	F	0644	research/spikes/cursor-sdk-tier1/node_modules/@cursor/sdk/dist/esm/agent/store/local-agent-record-conversion.d.ts.map
aa9b158afa22a5819ef9726a87d24758884a406d5d3fa02c4cbf30fb3f951c8e	12123	F	0644	research/spikes/cursor-sdk-tier1/node_modules/@cursor/sdk/dist/esm/agent/store/local-agent-store.d.ts
4d13ff023e67d7696bbd3f6dc7954254b5e63970a6904eb19ad268c1dbf93985	7643	F	0644	research/spikes/cursor-sdk-tier1/node_modules/@cursor/sdk/dist/esm/agent/store/local-agent-store.d.ts.map
e01fdcd60086e678097e5c0a8b945a99d6d55ca058fbe3978aeac16537265508	274	F	0644	research/spikes/cursor-sdk-tier1/node_modules/@cursor/sdk/dist/esm/agent/store/sdk-state-root.d.ts
2b4d186905ad2ab8ab23a4d9748660273fba7ff2760ecd5320dc7496eb3cecc2	209	F	0644	research/spikes/cursor-sdk-tier1/node_modules/@cursor/sdk/dist/esm/agent/store/sdk-state-root.d.ts.map
a3b7218e8b579e1addf184c3bdebf5ec9cd93ff992ae64562c6d03c2a1972143	1390	F	0644	research/spikes/cursor-sdk-tier1/node_modules/@cursor/sdk/dist/esm/agent/store/sqlite-local-agent-store.d.ts
602d5aafb30a26f22a5bbfa0c326ba78c1b2c2c24ac81e157c80882133945b16	832	F	0644	research/spikes/cursor-sdk-tier1/node_modules/@cursor/sdk/dist/esm/agent/store/sqlite-local-agent-store.d.ts.map
bde12e0380eba2d9042ad90cfa1a6d3b27ab51e303aa79741c9b1e5490cf5b43	908	F	0644	research/spikes/cursor-sdk-tier1/node_modules/@cursor/sdk/dist/esm/agent/usage-types.d.ts
cb01d9686eaf6e96599c6e27fbe6a28e002ef3abf9cb1145c72bc6e0291a4193	695	F	0644	research/spikes/cursor-sdk-tier1/node_modules/@cursor/sdk/dist/esm/agent/usage-types.d.ts.map
bbff5b78796ea80bdbcd903aa56c05d573b1c6501dbc6c8af458356828338812	5565	F	0644	research/spikes/cursor-sdk-tier1/node_modules/@cursor/sdk/dist/esm/agent.d.ts
b36ed64a659a081fb4d0e4e917584c3721c6ad4775eb56b9b8ecd605116dc659	4014	F	0644	research/spikes/cursor-sdk-tier1/node_modules/@cursor/sdk/dist/esm/agent.d.ts.map
7442bb957f7b5f1481f9837c66e25987f68359bca0ca25dbe40fbe564cbbdc5d	1629	F	0644	research/spikes/cursor-sdk-tier1/node_modules/@cursor/sdk/dist/esm/analytics.d.ts
aec9d1a768b7f1e15641d9d0d84542b2bc7167fcd1776accaef3f1ce157e4483	1137	F	0644	research/spikes/cursor-sdk-tier1/node_modules/@cursor/sdk/dist/esm/analytics.d.ts.map
28fafa641f7819c70c083905d8d6b76e19a7a4c2c2baec42d81fb8cb94647ac4	136	F	0644	research/spikes/cursor-sdk-tier1/node_modules/@cursor/sdk/dist/esm/artifacts.d.ts
9dbcbfabfbc9a46fe4611c27c3cbde6c27746cbf97444d941e057f729194d6f7	223	F	0644	research/spikes/cursor-sdk-tier1/node_modules/@cursor/sdk/dist/esm/artifacts.d.ts.map
a814e8296d863499657493b5beb0db7e5ad467e1ec26dc64971e697174c26bbb	2917	F	0644	research/spikes/cursor-sdk-tier1/node_modules/@cursor/sdk/dist/esm/cloud-agent.d.ts
5f924bd0fb69b65c9b9a7f75cbf5b2c148ec9ce52c656cb6b0789967dc0e1750	1899	F	0644	research/spikes/cursor-sdk-tier1/node_modules/@cursor/sdk/dist/esm/cloud-agent.d.ts.map
35ed0ee55b19dbca99bf0fc1332642d5a0bc64118dd449b1b43555dfe6fe6b73	5399	F	0644	research/spikes/cursor-sdk-tier1/node_modules/@cursor/sdk/dist/esm/cloud-api-client.d.ts
8d333d7613044a739b644bc8c30b390ed8efc5c2b876e9ebe03a3bd5bccace64	5857	F	0644	research/spikes/cursor-sdk-tier1/node_modules/@cursor/sdk/dist/esm/cloud-api-client.d.ts.map
9e1a44ce35832549a66b4edf6726879c4835d21e2c2186c07748cc9f82ac684a	752	F	0644	research/spikes/cursor-sdk-tier1/node_modules/@cursor/sdk/dist/esm/cloud-executor.d.ts
f7b2500192afec20deb4c0dba491147dec3c115dced04ab5f6f22f2901a57770	735	F	0644	research/spikes/cursor-sdk-tier1/node_modules/@cursor/sdk/dist/esm/cloud-executor.d.ts.map
1d05e540ce0366bb6c1b20fff7185aa1b7fec0902fd3bded074b7b3d9b83115a	281	F	0644	research/spikes/cursor-sdk-tier1/node_modules/@cursor/sdk/dist/esm/cloud-mcp-utils.d.ts
6ab181230a490e3add7bbe67fdf8853531ede705d36ab468ecff0f7ed110073e	318	F	0644	research/spikes/cursor-sdk-tier1/node_modules/@cursor/sdk/dist/esm/cloud-mcp-utils.d.ts.map
84c41845d25113b02b254d87ce430df50ba811114f39e54bf7681d1eab9f7d02	100	F	0644	research/spikes/cursor-sdk-tier1/node_modules/@cursor/sdk/dist/esm/core-adapter.d.ts
1986c2594f1f72cb255baacc4fc24dbe230666b9654eca456d080f29a964a4bc	148	F	0644	research/spikes/cursor-sdk-tier1/node_modules/@cursor/sdk/dist/esm/core-adapter.d.ts.map
7b7bc68695550d9adf1e5a95d7f4517ca982cf35b79d764833e20022131a69ef	1688	F	0644	research/spikes/cursor-sdk-tier1/node_modules/@cursor/sdk/dist/esm/custom-tools.d.ts
55e7d7d08dbed10ce83e5b01669b3be72a990fd31b20985fb02de70b33f7cc23	696	F	0644	research/spikes/cursor-sdk-tier1/node_modules/@cursor/sdk/dist/esm/custom-tools.d.ts.map
4c6d5f04610191d9ee753ca15fdfdc0014982bf141fb1807b999a416821ec40d	5180	F	0644	research/spikes/cursor-sdk-tier1/node_modules/@cursor/sdk/dist/esm/errors.d.ts
b0bf40e04d9afead163431981562ce1425f77b5327dc7c04d0c88cd0f59bdf91	2608	F	0644	research/spikes/cursor-sdk-tier1/node_modules/@cursor/sdk/dist/esm/errors.d.ts.map
e9544365af687f3af573eb78414a5609edfbb474e6325e3b5d183482a90c46ed	2535	F	0644	research/spikes/cursor-sdk-tier1/node_modules/@cursor/sdk/dist/esm/executor-common.d.ts
11f76bb0de251f52662323f632d99939681dde104406ce699f21e3d72dad117b	1377	F	0644	research/spikes/cursor-sdk-tier1/node_modules/@cursor/sdk/dist/esm/executor-common.d.ts.map
1f155d495926615dc73208af057112ec6ba6fc234f3cfac135f9850ac1b12418	2199	F	0644	research/spikes/cursor-sdk-tier1/node_modules/@cursor/sdk/dist/esm/executor-types.d.ts
bb49ac868aae2777560b8b54dd0e384fef62c2e27b7a550f6e8876d8bcc7639b	2124	F	0644	research/spikes/cursor-sdk-tier1/node_modules/@cursor/sdk/dist/esm/executor-types.d.ts.map
b5d94649724df534cfae380cb8692ae6f0096633c2f432c68507a0154fd52ba3	6109	F	0644	research/spikes/cursor-sdk-tier1/node_modules/@cursor/sdk/dist/esm/index.d.ts
787273dc816386cd5efbc160bccb48b19ac633bef6fb31ca350f5f4366a56e5d	3864	F	0644	research/spikes/cursor-sdk-tier1/node_modules/@cursor/sdk/dist/esm/index.d.ts.map
283970a981f37cc35786e799d382a59abfe396500ea56471f841c81a8a46be4d	3090786	F	0644	research/spikes/cursor-sdk-tier1/node_modules/@cursor/sdk/dist/esm/index.js
f202fa168b13f78ba15dc0a0f809691e1fbe6f38b13bb8c1a257cc67aa8a10da	1044	F	0644	research/spikes/cursor-sdk-tier1/node_modules/@cursor/sdk/dist/esm/local-executor.d.ts
c04ab6a26590bf13032ec95b480c9596f0af89d8c107433643f801d50155b054	1004	F	0644	research/spikes/cursor-sdk-tier1/node_modules/@cursor/sdk/dist/esm/local-executor.d.ts.map
8b46802fe28388f5509d2dcceb9391d2922148dc8329f3e8e7e022f12cc446c9	360	F	0644	research/spikes/cursor-sdk-tier1/node_modules/@cursor/sdk/dist/esm/local-model-validation.d.ts
86639a50afd7a81e155c41f9080fa20ca21eeb2fa2388299d0134540c42372f6	382	F	0644	research/spikes/cursor-sdk-tier1/node_modules/@cursor/sdk/dist/esm/local-model-validation.d.ts.map
f6069a643ce61d1bb0d6f6477358b7cfa14a634ef810b08abe41320ea873b94f	3577	F	0644	research/spikes/cursor-sdk-tier1/node_modules/@cursor/sdk/dist/esm/messages.d.ts
1086d595007337592164330982e536dca9746a0304c1bfbd828e2cb6fd69f108	3286	F	0644	research/spikes/cursor-sdk-tier1/node_modules/@cursor/sdk/dist/esm/messages.d.ts.map
a8f382b9481295876ec84eb11a0467ec46a81f13aecf13c1f930c267f8d8a6cd	8147	F	0644	research/spikes/cursor-sdk-tier1/node_modules/@cursor/sdk/dist/esm/options.d.ts
91bef1e311ad6e831472822af4a029fcd56168c6902d1d7c4b5898fca3b0c5d0	4846	F	0644	research/spikes/cursor-sdk-tier1/node_modules/@cursor/sdk/dist/esm/options.d.ts.map
4b6c0a0cbe05b60cfccf64c5abce0691625d0cd0cbf8b821c4d681e52d2725fc	4896	F	0644	research/spikes/cursor-sdk-tier1/node_modules/@cursor/sdk/dist/esm/platform.d.ts
2f910b231f4df1d9bfb0d94c0bb0a2fcf17e7ef37169ff57e0b530f0ca61d4f8	4387	F	0644	research/spikes/cursor-sdk-tier1/node_modules/@cursor/sdk/dist/esm/platform.d.ts.map
817a60fac2a1ee0006679e36b417a9d21250c49395ba7c2aa6700f372cc5f580	693	F	0644	research/spikes/cursor-sdk-tier1/node_modules/@cursor/sdk/dist/esm/pr-opened-telemetry.d.ts
dcb10caa08fe2d6abe2d0ccaa34de0e2f6f9cdbc989b715dc5db503df30e67fa	492	F	0644	research/spikes/cursor-sdk-tier1/node_modules/@cursor/sdk/dist/esm/pr-opened-telemetry.d.ts.map
94c76e64da7f6f17e7d25a22bc617236cb73678c9fb788d39a8b1e3865dff6c4	691	F	0644	research/spikes/cursor-sdk-tier1/node_modules/@cursor/sdk/dist/esm/prefetched-blobs.d.ts
a81b7ff365071d2f610d16461dbbc08e992e256fc75a1df48a7878d561bb072c	643	F	0644	research/spikes/cursor-sdk-tier1/node_modules/@cursor/sdk/dist/esm/prefetched-blobs.d.ts.map
4a37683e65cbd0f9d18064b3d2d511e6b317d56525a3daf5a4e63b2097fdce24	3369	F	0644	research/spikes/cursor-sdk-tier1/node_modules/@cursor/sdk/dist/esm/public-api.d.ts
622863701ad4d52b77e00b20c42a3b63c57921cf14fa9b0fe9f5fafc172a2a29	2246	F	0644	research/spikes/cursor-sdk-tier1/node_modules/@cursor/sdk/dist/esm/public-api.d.ts.map
96dbad0c945fdd02160915c48dfec89d3b4e8b25ede4ebadde499dd71e0a6cff	4238	F	0644	research/spikes/cursor-sdk-tier1/node_modules/@cursor/sdk/dist/esm/run-event-notifier-api.d.ts
57c8f7db3fa7637b137c87b41109c7713873a7a5bb129c733aa6e9a07ce42ccf	1769	F	0644	research/spikes/cursor-sdk-tier1/node_modules/@cursor/sdk/dist/esm/run-event-notifier-api.d.ts.map
db85568cc104b6e3bd45c15ea7757572f8b2ebe5467e4941837a28b1fe4ff1c3	1307	F	0644	research/spikes/cursor-sdk-tier1/node_modules/@cursor/sdk/dist/esm/run-event-tailer.d.ts
57861cf46d11bd86d8df10af18ef101760e7a0c5e56a11058c0b330fd62e46b3	1134	F	0644	research/spikes/cursor-sdk-tier1/node_modules/@cursor/sdk/dist/esm/run-event-tailer.d.ts.map
8478ac3be6ae1687429165aea03cfa43cea724fe4c21f0debbc3a64f94effa47	1563	F	0644	research/spikes/cursor-sdk-tier1/node_modules/@cursor/sdk/dist/esm/run-interaction-accumulator.d.ts
a5c08350557811758b13113fa03196d977b5fd8cc48a9a4253d69d2c8d5fca48	1398	F	0644	research/spikes/cursor-sdk-tier1/node_modules/@cursor/sdk/dist/esm/run-interaction-accumulator.d.ts.map
29ab2578823ef912afaaaa8be834068b6b37b2c9771ed81b653d578516c4774e	6279	F	0644	research/spikes/cursor-sdk-tier1/node_modules/@cursor/sdk/dist/esm/run-store-public-types.d.ts
871cc949c764189457f2e308a50e8873cfd08289769f41b096991a82cb276e99	6039	F	0644	research/spikes/cursor-sdk-tier1/node_modules/@cursor/sdk/dist/esm/run-store-public-types.d.ts.map
b3c3ad9674b4b4117e0bb6c1716f2d7930842c7353e4b5ca21d2a09236ab0857	2152	F	0644	research/spikes/cursor-sdk-tier1/node_modules/@cursor/sdk/dist/esm/run.d.ts
7b5b8e3cd5919cc7ae76d9d8ab3344c39eab7eb19791888ddbe69db0208bfbf9	2054	F	0644	research/spikes/cursor-sdk-tier1/node_modules/@cursor/sdk/dist/esm/run.d.ts.map
ecea28f7c0f49f3af82adb1ed1104e565667ed8758e1efc065872ad9d367d535	507	F	0644	research/spikes/cursor-sdk-tier1/node_modules/@cursor/sdk/dist/esm/safe-connect-transport.d.ts
bb557e57c61249a3c7824644f6c7d432fcb9ce141e3b2ed748dc09c21d641295	317	F	0644	research/spikes/cursor-sdk-tier1/node_modules/@cursor/sdk/dist/esm/safe-connect-transport.d.ts.map
800a86ce5a98db81bebbefd44c1369f48eac5693ba7e0f51eaf1864095a720e4	695	F	0644	research/spikes/cursor-sdk-tier1/node_modules/@cursor/sdk/dist/esm/safe-node-http-client.d.ts
499d0d7346323afc3bc818222b4ad1a48f0fbd1d688bad1a3cf336c538e9f64f	395	F	0644	research/spikes/cursor-sdk-tier1/node_modules/@cursor/sdk/dist/esm/safe-node-http-client.d.ts.map
751f85f370f36a29f36e637cd3d1493f06de6b62214ea47f6a6d26a45c38cf83	1139	F	0644	research/spikes/cursor-sdk-tier1/node_modules/@cursor/sdk/dist/esm/sdk-config.d.ts
2079d9b14fc6103a19d5ddfeddc1bb5521bf8e2770ac9f1575034bb0f38188b3	487	F	0644	research/spikes/cursor-sdk-tier1/node_modules/@cursor/sdk/dist/esm/sdk-config.d.ts.map
63321cf54021a3721c2b4e6a4eea87733b195218724e0a7782d3906e221ba139	462	F	0644	research/spikes/cursor-sdk-tier1/node_modules/@cursor/sdk/dist/esm/sdk-statsig.d.ts
fcd248fdfbf1a1d46b7a329abe0febce362336210eb86a8a69513d869157f1ca	503	F	0644	research/spikes/cursor-sdk-tier1/node_modules/@cursor/sdk/dist/esm/sdk-statsig.d.ts.map
034eda3648714b7a340580e9a9e8bff6ada65e38cd67844e415eb6d8573ca5d6	341	F	0644	research/spikes/cursor-sdk-tier1/node_modules/@cursor/sdk/dist/esm/sqlite.d.ts
dd337a8aceac0ece3fde9c323fc66ea1233f4cc3d9d2492b20d46cea722faddc	185	F	0644	research/spikes/cursor-sdk-tier1/node_modules/@cursor/sdk/dist/esm/sqlite.d.ts.map
eb697366ad95a1e2d4113befaaafeae6b9563d949fa7c020c57bc033b5b42e07	850609	F	0644	research/spikes/cursor-sdk-tier1/node_modules/@cursor/sdk/dist/esm/sqlite.js
d464e61ac52ec7db78124ba003dd84b7ae150782f66b71923e4a90d53eb8dcd6	619	F	0644	research/spikes/cursor-sdk-tier1/node_modules/@cursor/sdk/dist/esm/store/atomic-write.d.ts
fba20518f7f5de5ea7004da14f04a64e6b5e45a2f3cf474bce586aa630936a54	251	F	0644	research/spikes/cursor-sdk-tier1/node_modules/@cursor/sdk/dist/esm/store/atomic-write.d.ts.map
3aee58933c8c8ec8c86234562cd6dd1dc38621ee92fbb781a9571a69c9c7f5e9	1055	F	0644	research/spikes/cursor-sdk-tier1/node_modules/@cursor/sdk/dist/esm/store/index.d.ts
88b76622df2db284528fbbe21900d150dfae1b2eb8a93ea2680aa6faf25099ea	713	F	0644	research/spikes/cursor-sdk-tier1/node_modules/@cursor/sdk/dist/esm/store/index.d.ts.map
82a2dc16ec681f636800b23cf38bf99df6176963316b842d119959d6500b6142	1518	F	0644	research/spikes/cursor-sdk-tier1/node_modules/@cursor/sdk/dist/esm/store/jsonl-local-agent-store.d.ts
71b213c4b29755ab9459abf21792fa309ddaa36c38ce00896d2c898525f21ade	732	F	0644	research/spikes/cursor-sdk-tier1/node_modules/@cursor/sdk/dist/esm/store/jsonl-local-agent-store.d.ts.map
2b1834727ee7073b3eb4db318b202aebf1dfc69bf0badd0b42411753e9608fd2	627	F	0644	research/spikes/cursor-sdk-tier1/node_modules/@cursor/sdk/dist/esm/store/local-agent-record-conversion.d.ts
890151916e3d7336ebbef92eafb77fc731827231c8132a22a70ecef7c4da93ae	527	F	0644	research/spikes/cursor-sdk-tier1/node_modules/@cursor/sdk/dist/esm/store/local-agent-record-conversion.d.ts.map
aa9b158afa22a5819ef9726a87d24758884a406d5d3fa02c4cbf30fb3f951c8e	12123	F	0644	research/spikes/cursor-sdk-tier1/node_modules/@cursor/sdk/dist/esm/store/local-agent-store.d.ts
a7cbf8bc75988b1979aadca73408525911fd6917d481d313e4925850539ef7d9	7640	F	0644	research/spikes/cursor-sdk-tier1/node_modules/@cursor/sdk/dist/esm/store/local-agent-store.d.ts.map
910d4355f8c228817b80524b071b00ec8f9ce30134ac922c15a8030a4797f56a	323	F	0644	research/spikes/cursor-sdk-tier1/node_modules/@cursor/sdk/dist/esm/store/open-default-local-agent-store.d.ts
85d0ade9e7cde867d644199ea7ee0174c9ead0a63db679f4219e8aae17f1a08d	343	F	0644	research/spikes/cursor-sdk-tier1/node_modules/@cursor/sdk/dist/esm/store/open-default-local-agent-store.d.ts.map
7d6ad9e526d16b685d2a90e3493f14411cb1efd785d471c373e750b83ead0e57	683	F	0644	research/spikes/cursor-sdk-tier1/node_modules/@cursor/sdk/dist/esm/store/sdk-local-defaults.d.ts
c9faae381b4839daedbd239e938d925a8e50755f92dd0e64a491ecf8114764d4	532	F	0644	research/spikes/cursor-sdk-tier1/node_modules/@cursor/sdk/dist/esm/store/sdk-local-defaults.d.ts.map
e01fdcd60086e678097e5c0a8b945a99d6d55ca058fbe3978aeac16537265508	274	F	0644	research/spikes/cursor-sdk-tier1/node_modules/@cursor/sdk/dist/esm/store/sdk-state-root.d.ts
a5cd544f23b8383d00c32b55629febe176aef080e0113d1afbef297ac082252f	206	F	0644	research/spikes/cursor-sdk-tier1/node_modules/@cursor/sdk/dist/esm/store/sdk-state-root.d.ts.map
a3b7218e8b579e1addf184c3bdebf5ec9cd93ff992ae64562c6d03c2a1972143	1390	F	0644	research/spikes/cursor-sdk-tier1/node_modules/@cursor/sdk/dist/esm/store/sqlite-local-agent-store.d.ts
1949b54a8cd22fbbb53b0dbbafc4ff7a6e11bb14528b5a4c8e3fee9ae2a5f1f6	829	F	0644	research/spikes/cursor-sdk-tier1/node_modules/@cursor/sdk/dist/esm/store/sqlite-local-agent-store.d.ts.map
029c2aea5a7f22555f313bf28c1ff2f130153756a26ff4d93c42b9486c19c860	419	F	0644	research/spikes/cursor-sdk-tier1/node_modules/@cursor/sdk/dist/esm/store/sqlite-storage-unavailable.d.ts
8b9207cbf11fade22c390569bdaa90923a23b963fa2dbf9c0230ac4c73bd0940	420	F	0644	research/spikes/cursor-sdk-tier1/node_modules/@cursor/sdk/dist/esm/store/sqlite-storage-unavailable.d.ts.map
ae8d92160ca261478e4ae5d36bcebf9379dd9859977584671f0db502532624fc	4533	F	0644	research/spikes/cursor-sdk-tier1/node_modules/@cursor/sdk/dist/esm/stubs.d.ts
536512c3a75e74af68e70b39657675f9537c49077e3d03ddd0c5a54bcf54ffe2	3419	F	0644	research/spikes/cursor-sdk-tier1/node_modules/@cursor/sdk/dist/esm/stubs.d.ts.map
202ef0b228e7caa07fe314fb82a2ef6c6163a525d38e3cdc913a47835757ce0e	1229	F	0644	research/spikes/cursor-sdk-tier1/node_modules/@cursor/sdk/dist/esm/subagent-conversion.d.ts
8f72260d6c0ec07dd5ab840c56718e330871dff792da3600da8f0b2ef862f7d8	789	F	0644	research/spikes/cursor-sdk-tier1/node_modules/@cursor/sdk/dist/esm/subagent-conversion.d.ts.map
f1180299b7b4173a8063fc7dbd858720f7ddbf67c742d662a707ae78a7fb0b63	306	F	0644	research/spikes/cursor-sdk-tier1/node_modules/@cursor/sdk/dist/esm/tool-call-utils.d.ts
13a2adc1cc510e07aa9236669d9077b827f242168ba60f7d0ac8bf09195ff289	387	F	0644	research/spikes/cursor-sdk-tier1/node_modules/@cursor/sdk/dist/esm/tool-call-utils.d.ts.map
c96a21a8053cccde55ac6e4494f204061b44c78acb1f296496fa72d207aa5c94	2319	F	0644	research/spikes/cursor-sdk-tier1/node_modules/@cursor/sdk/dist/esm/transport.d.ts
db7e8f738e3bf03ab25ce346c4f52016ec06dd4e795e2084346d791db58f7d98	665	F	0644	research/spikes/cursor-sdk-tier1/node_modules/@cursor/sdk/dist/esm/transport.d.ts.map
d7f7e5e7764962d11c2afcc4d4912315ab464764268399c7ae428139dd3c6dfc	454568	F	0644	research/spikes/cursor-sdk-tier1/node_modules/@cursor/sdk/dist/esm/types/conversation-types.d.ts
5d0af344a0d66d3d9b8dcc6fded2394208a03866ae89b6ba437bf28570cc90b0	13139	F	0644	research/spikes/cursor-sdk-tier1/node_modules/@cursor/sdk/dist/esm/types/conversation-types.d.ts.map
f03a665bebd2c4d4afd959b2635cf2b6ed7f5a3d4be202daf7722f73ec99a948	101	F	0644	research/spikes/cursor-sdk-tier1/node_modules/@cursor/sdk/dist/esm/types/delta-types.d.ts
564da0de17c77fcc5de3a258c4d580438b29adac0768a908bdd6f05861e088e9	155	F	0644	research/spikes/cursor-sdk-tier1/node_modules/@cursor/sdk/dist/esm/types/delta-types.d.ts.map
4bb5722508833258ca112836a86b4fa8b52c76da5e5ac8a07cc226accbc17df2	109	F	0644	research/spikes/cursor-sdk-tier1/node_modules/@cursor/sdk/dist/esm/types/tool-call-types.d.ts
1849e48d84d967367cc5399b6f3ae055a7fe02202fa13d423989ca0631e89b20	163	F	0644	research/spikes/cursor-sdk-tier1/node_modules/@cursor/sdk/dist/esm/types/tool-call-types.d.ts.map
bde12e0380eba2d9042ad90cfa1a6d3b27ab51e303aa79741c9b1e5490cf5b43	908	F	0644	research/spikes/cursor-sdk-tier1/node_modules/@cursor/sdk/dist/esm/usage-types.d.ts
2299b31c0bf87b240e0121226a04bca752a79d66e26173234031b145fb3ffd9c	692	F	0644	research/spikes/cursor-sdk-tier1/node_modules/@cursor/sdk/dist/esm/usage-types.d.ts.map
ffef5dc739e80e88b75bf2d5c788b23d4fb6804bdfec8880bd8f061de90efdea	207	F	0644	research/spikes/cursor-sdk-tier1/node_modules/@cursor/sdk/dist/esm/utils/conversation-utils.d.ts
79bdddf5b0f5635b68e5f1e9902d3912643d7f810c22e6c12621975c11a23913	269	F	0644	research/spikes/cursor-sdk-tier1/node_modules/@cursor/sdk/dist/esm/utils/conversation-utils.d.ts.map
6924173b0f876fc77760ac522e5a7bb5ca51c423383e233123b19337e2947011	394	F	0644	research/spikes/cursor-sdk-tier1/node_modules/@cursor/sdk/dist/esm/utils/logger.d.ts
e56fce7f8513cccab9e9480fa55258a93ce5ec01f82b3b33d4eb69b8d9a3ceff	347	F	0644	research/spikes/cursor-sdk-tier1/node_modules/@cursor/sdk/dist/esm/utils/logger.d.ts.map
c6dd64b3b5f4d90b1f23e2e0073310d864ef02e63fbc7c66e23fc1b1b047c911	109	F	0644	research/spikes/cursor-sdk-tier1/node_modules/@cursor/sdk/dist/esm/utils/message-schemas.d.ts
4d09221e30561d1fe5a898ebd841e262e3df0ff90594e883057cc0426480e6bc	163	F	0644	research/spikes/cursor-sdk-tier1/node_modules/@cursor/sdk/dist/esm/utils/message-schemas.d.ts.map
a773fc73cb55b4778b0347780a64c665d03cd76c6813e4c5ffe748feb3d061fd	306	F	0644	research/spikes/cursor-sdk-tier1/node_modules/@cursor/sdk/dist/esm/vendor/cursor-sdk-shared/core-adapter.d.ts
a6ab1871d46ed14e4ce86821419395f97d5b1ee9561caf875448b698ceeae340	1860055	F	0644	research/spikes/cursor-sdk-tier1/node_modules/@cursor/sdk/dist/esm/vendor/cursor-sdk-shared/delta-types.d.ts
a6a06441fabf9c25c65f599918638c3fe13cc4bcef4032e76f176582cba0bc7e	2860	F	0644	research/spikes/cursor-sdk-tier1/node_modules/@cursor/sdk/dist/esm/vendor/cursor-sdk-shared/message-schemas.d.ts
321a4e255555ea01d1f19c758ff766169d2807a83e98ad8b00e87896b4d4a6c6	250217	F	0644	research/spikes/cursor-sdk-tier1/node_modules/@cursor/sdk/dist/esm/vendor/cursor-sdk-shared/tool-call-types.d.ts
8d17330e28e36f8fef39ccc6facd4b7ddc2855313b679b394f0547dde44408c4	145	F	0644	research/spikes/cursor-sdk-tier1/node_modules/@cursor/sdk/LICENSE.md
f9ab44b8be14b2d7dc1d84e38d15e541662c4a9a3202ac09b63a94d2ae0fe9e2	4896	F	0644	research/spikes/cursor-sdk-tier1/node_modules/@cursor/sdk/package.json
55e87bf870d85c891e948168c946311e1328ba847e47092455cc631f1ba2c592	108	F	0644	research/spikes/cursor-sdk-tier1/node_modules/@cursor/sdk/README.md
8000a1eb3c4e5a06716befaf07bb62c4ceead0349bc304a3adf21db7e3901dd6	3465200	F	0755	research/spikes/cursor-sdk-tier1/node_modules/@cursor/sdk-darwin-arm64/bin/cursorsandbox
a16681412cad3c15c216e03a86b4ddabc6f8ebba1871ba1cf5e1aeee99edc131	4591424	F	0755	research/spikes/cursor-sdk-tier1/node_modules/@cursor/sdk-darwin-arm64/bin/rg
c77a3cdf417ebb97ec77a72aad75b4d16289d16dd11251b0d20068aedad082dd	523	F	0644	research/spikes/cursor-sdk-tier1/node_modules/@cursor/sdk-darwin-arm64/package.json
825dd6d972f1cffa89dbb8c4180b4963b4c3d6ecd891bc2c90a152c11095858b	317	F	0644	research/spikes/cursor-sdk-tier1/node_modules/@cursor/sdk-darwin-arm64/README.md
d005ce5ce4cf76718c7373566d272dadfb77df790e3230e4030a6880f449fcdd	9854	F	0644	research/spikes/cursor-sdk-tier1/node_modules/@fastify/busboy/deps/dicer/lib/dicer.d.ts
97bee6ef3a446346bb810944215969536552e95db76c40761d6ce4a8d97148a9	6408	F	0644	research/spikes/cursor-sdk-tier1/node_modules/@fastify/busboy/deps/dicer/lib/Dicer.js
9bd87ff20dc5d41a89c82a795bcc0d8fbe1f93b9743ac332209e5ac46dae5294	2773	F	0644	research/spikes/cursor-sdk-tier1/node_modules/@fastify/busboy/deps/dicer/lib/HeaderParser.js
563a10384e4fade3382926b64a5b79080b316e054807aa85a0bc02c616216fb0	294	F	0644	research/spikes/cursor-sdk-tier1/node_modules/@fastify/busboy/deps/dicer/lib/PartStream.js
d06b5d27bbbbe22c36b1fd88406b1208876e2d37d795f5b8eaed951a459a3111	1067	F	0644	research/spikes/cursor-sdk-tier1/node_modules/@fastify/busboy/deps/dicer/LICENSE
502f07028e748716ccb9f89cbb157249e9e35a8d430d7f29d5de5dee15eccc60	7202	F	0644	research/spikes/cursor-sdk-tier1/node_modules/@fastify/busboy/deps/streamsearch/sbmh.js
a2815d018632ed47fe7a9bd4b3d08e85a7bbfa3f1ee31436a0e78a74bed01ec1	6606	F	0644	research/spikes/cursor-sdk-tier1/node_modules/@fastify/busboy/lib/main.d.ts
69233f68af3bf1d24a00b04f913ee5d057cbcfa41b8ca04f3eb29f75dd3d000c	2169	F	0644	research/spikes/cursor-sdk-tier1/node_modules/@fastify/busboy/lib/main.js
dd410709e99175588c7c9375523bb69f05ed6ef3b07f2b6c9f3da95e06c51f06	8712	F	0644	research/spikes/cursor-sdk-tier1/node_modules/@fastify/busboy/lib/types/multipart.js
22117bfd9a39bce66580955dc40961c10cb8fe3c2bb7336a692d8a7f1eb538a1	5841	F	0644	research/spikes/cursor-sdk-tier1/node_modules/@fastify/busboy/lib/types/urlencoded.js
69ec80a6bc86f9608d4068eb1d011b5882ea5623e90f00032bb579580052a9f3	420	F	0644	research/spikes/cursor-sdk-tier1/node_modules/@fastify/busboy/lib/utils/basename.js
8c6118bef79b8c068f884406527092f5ba0a7bc11bbb966eec1579f126f88f1d	1425	F	0644	research/spikes/cursor-sdk-tier1/node_modules/@fastify/busboy/lib/utils/Decoder.js
54ba48ae74ccc4a6b2f2e7566ca96fd071393bd0987a53e496dc84885f8e3457	2488	F	0644	research/spikes/cursor-sdk-tier1/node_modules/@fastify/busboy/lib/utils/decodeText.js
ff4184686d5f8592fb3cd4b73d5bfb8ca18a28e117368f05485f8b217c38b5f1	359	F	0644	research/spikes/cursor-sdk-tier1/node_modules/@fastify/busboy/lib/utils/getLimit.js
2acbc510873626f85f762771af1008484fa4df32be94131199d3c6427457720b	9921	F	0644	research/spikes/cursor-sdk-tier1/node_modules/@fastify/busboy/lib/utils/parseParams.js
d06b5d27bbbbe22c36b1fd88406b1208876e2d37d795f5b8eaed951a459a3111	1067	F	0644	research/spikes/cursor-sdk-tier1/node_modules/@fastify/busboy/LICENSE
4916143b3c6c86d3548c2169d744333874a63832919eb1de5f28cbc6a0d8578e	1991	F	0644	research/spikes/cursor-sdk-tier1/node_modules/@fastify/busboy/package.json
055c4a6f1158525eda6e76b8f00d67b60c41b8a3ffea5187555bf77e556df32c	11592	F	0644	research/spikes/cursor-sdk-tier1/node_modules/@fastify/busboy/README.md
7ed80857261c77888b863182b5bb10f31d04d0d54a4e07163f7fe7b03c22d9bd	383	F	0644	research/spikes/cursor-sdk-tier1/node_modules/@statsig/client-core/package.json
d00e005f1fd561c5b3ae056e52ebcf6caa7fef22ab285f23cda8daad1f464a91	1251	F	0644	research/spikes/cursor-sdk-tier1/node_modules/@statsig/client-core/src/__tests__/MockOverrideAdapter.d.ts
a43ddd73fe2fcd3c2ec141242c6a171915c2b22bb6bb4c200bfbf025dd2321af	591	F	0644	research/spikes/cursor-sdk-tier1/node_modules/@statsig/client-core/src/__tests__/MockOverrideAdapter.js
cb7e651ad4b1df5632e97e7a08011866fe705a83e6cc15183b3d5a3438da29ba	777	F	0644	research/spikes/cursor-sdk-tier1/node_modules/@statsig/client-core/src/$_StatsigGlobal.d.ts
de8374b8008eb52f30d523e7c2a8a92884b473b207fa79eb1b9ef5a757ce530c	1831	F	0644	research/spikes/cursor-sdk-tier1/node_modules/@statsig/client-core/src/$_StatsigGlobal.js
62891954ce0d5f8e3555945ab57c395c79630ab1862258889869ce7061711f18	393	F	0644	research/spikes/cursor-sdk-tier1/node_modules/@statsig/client-core/src/CacheKey.d.ts
cfd4c3e645921be5a7367d129dc9602b118aef50457f0ff445d4e212400a01d2	1096	F	0644	research/spikes/cursor-sdk-tier1/node_modules/@statsig/client-core/src/CacheKey.js
afdff0e1a493af55f9f78742ac132fa08617d980fb0a85dc900bc24449575e10	3827	F	0644	research/spikes/cursor-sdk-tier1/node_modules/@statsig/client-core/src/ClientInterfaces.d.ts
d43aa81f5bc89faa359e0f97c814ba25155591ff078fbb9bfd40f8c7c9683230	77	F	0644	research/spikes/cursor-sdk-tier1/node_modules/@statsig/client-core/src/ClientInterfaces.js
2ac1332ef5cd17230abedc44abf7083fe4518f464c9eb911a6521d82eb0d6ede	1862	F	0644	research/spikes/cursor-sdk-tier1/node_modules/@statsig/client-core/src/DataAdapterCore.d.ts
e3649e156ff7ce2b9dbc1ad955f61757cbd26b4938421fcc6ec68b3d830279d3	9641	F	0644	research/spikes/cursor-sdk-tier1/node_modules/@statsig/client-core/src/DataAdapterCore.js
f55dd8a24a2b0591713dd3ad860b634201aa11c8942eca21316450e2eb2289f2	2465	F	0644	research/spikes/cursor-sdk-tier1/node_modules/@statsig/client-core/src/Diagnostics.d.ts
1126b9d5fccc0504799c87566eaf54e483fb350324614c25e1fa6909056841df	3574	F	0644	research/spikes/cursor-sdk-tier1/node_modules/@statsig/client-core/src/Diagnostics.js
fe6be6059c2ad316aa0c017b1db1c55c0efc558d409394d0bcf66463aeb1b122	176	F	0644	research/spikes/cursor-sdk-tier1/node_modules/@statsig/client-core/src/DnsTxtQuery.d.ts
2598694d0fa014b6dc02d703096816d8416792b16eb22622ca354975331191fa	2770	F	0644	research/spikes/cursor-sdk-tier1/node_modules/@statsig/client-core/src/DnsTxtQuery.js
88b105e7b10c26c7e3f080b830e8d9a57125714db403da09247046b13919b65f	1639	F	0644	research/spikes/cursor-sdk-tier1/node_modules/@statsig/client-core/src/DownloadConfigSpecsResponse.d.ts
d43aa81f5bc89faa359e0f97c814ba25155591ff078fbb9bfd40f8c7c9683230	77	F	0644	research/spikes/cursor-sdk-tier1/node_modules/@statsig/client-core/src/DownloadConfigSpecsResponse.js
b0023fff410f6046cadf9716cabe462aa8f77860b3a15bd511780eaa17f40878	767	F	0644	research/spikes/cursor-sdk-tier1/node_modules/@statsig/client-core/src/ErrorBoundary.d.ts
e9083c047086c5ac5c7a04be685a2653cc3b491a34788070a914a7a5c0c1b293	7565	F	0644	research/spikes/cursor-sdk-tier1/node_modules/@statsig/client-core/src/ErrorBoundary.js
7ad077a03a9064e526dd19cb47f9775fb65157dd4655f52d56ca141797819a57	1280	F	0644	research/spikes/cursor-sdk-tier1/node_modules/@statsig/client-core/src/EvaluationOptions.d.ts
d43aa81f5bc89faa359e0f97c814ba25155591ff078fbb9bfd40f8c7c9683230	77	F	0644	research/spikes/cursor-sdk-tier1/node_modules/@statsig/client-core/src/EvaluationOptions.js
4c8549ae4558e9df16581da8cacdd318da740b61ad7ff28f81cf392932b7889d	1718	F	0644	research/spikes/cursor-sdk-tier1/node_modules/@statsig/client-core/src/EvaluationTypes.d.ts
d43aa81f5bc89faa359e0f97c814ba25155591ff078fbb9bfd40f8c7c9683230	77	F	0644	research/spikes/cursor-sdk-tier1/node_modules/@statsig/client-core/src/EvaluationTypes.js
4096336907b2180d3d8dc0e4dbfa568453ccab6f06ba16be752527747304cc9b	588	F	0644	research/spikes/cursor-sdk-tier1/node_modules/@statsig/client-core/src/EvaluationTypesV2.d.ts
d43aa81f5bc89faa359e0f97c814ba25155591ff078fbb9bfd40f8c7c9683230	77	F	0644	research/spikes/cursor-sdk-tier1/node_modules/@statsig/client-core/src/EvaluationTypesV2.js
483e17e98bcaf3ba9d9ef98b0ea69b94faabb295edc8110b366d8bb90bcb411a	270	F	0644	research/spikes/cursor-sdk-tier1/node_modules/@statsig/client-core/src/EventBatch.d.ts
c93eaa0e24b2853d363a6ea9db64693f14678e5bde8c1fb0ec41377b05443830	343	F	0644	research/spikes/cursor-sdk-tier1/node_modules/@statsig/client-core/src/EventBatch.js
93d2858544cff68f502a3f54fc3429f4eef9b35f63faa516eed01f0d9547874b	1838	F	0644	research/spikes/cursor-sdk-tier1/node_modules/@statsig/client-core/src/EventLogger.d.ts
59a0a5d2dc5271108ceedc19eaa2fd43e0746e889ebc282a339175d730a17a16	14091	F	0644	research/spikes/cursor-sdk-tier1/node_modules/@statsig/client-core/src/EventLogger.js
b338970f5d4812c141b3cdf6af420c3f98e84430729808da7a19cb00e3f1d080	236	F	0644	research/spikes/cursor-sdk-tier1/node_modules/@statsig/client-core/src/EventRetryConstants.d.ts
30aec2d6dea7b1996b421b11d7503d128a9f01284451da84d0f679810b369e79	367	F	0644	research/spikes/cursor-sdk-tier1/node_modules/@statsig/client-core/src/EventRetryConstants.js
2119fb6a8b5ed917d14bd28e67090e43d34a2a1d37a61ce09f82251a29c5b8a5	305	F	0644	research/spikes/cursor-sdk-tier1/node_modules/@statsig/client-core/src/Hashing.d.ts
0b52b4aba7ffdb9268c6fff82b07e630cbad832f22108d864a840a362c921317	1258	F	0644	research/spikes/cursor-sdk-tier1/node_modules/@statsig/client-core/src/Hashing.js
5fb24ef33594182b0f8735c0fd12c16ef159c63d1969eb9b25c214dfe8a5e3c2	1613	F	0644	research/spikes/cursor-sdk-tier1/node_modules/@statsig/client-core/src/index.d.ts
335ee509223bc2740fc1d4794429220a2b86406073d07dec3ea9b859d6e0bbab	3852	F	0644	research/spikes/cursor-sdk-tier1/node_modules/@statsig/client-core/src/index.js
194a6d7693e01a3aafc04d8ac0cae3c076085fdb05c362c0fcf8346d146b935d	2615	F	0644	research/spikes/cursor-sdk-tier1/node_modules/@statsig/client-core/src/InitializeResponse.d.ts
d43aa81f5bc89faa359e0f97c814ba25155591ff078fbb9bfd40f8c7c9683230	77	F	0644	research/spikes/cursor-sdk-tier1/node_modules/@statsig/client-core/src/InitializeResponse.js
7fb2303bfa2bacfec83870da9bc46b06efa7023e85f14e86512046f9b82e424f	453	F	0644	research/spikes/cursor-sdk-tier1/node_modules/@statsig/client-core/src/Log.d.ts
b9ee311066bebb561a25abbc82ae2b266f998fd4a612db62c53f2555b0322cee	1127	F	0644	research/spikes/cursor-sdk-tier1/node_modules/@statsig/client-core/src/Log.js
adcf85d3ec4fa7de9f3d0461028fc2727693b208cd5b26adf2c1294f56d2e05f	473	F	0644	research/spikes/cursor-sdk-tier1/node_modules/@statsig/client-core/src/MemoKey.d.ts
ece1c9fe0355dbd543e385987e549399c4f1a4a5ea1ff164d1f59225ec027f69	1012	F	0644	research/spikes/cursor-sdk-tier1/node_modules/@statsig/client-core/src/MemoKey.js
a530e38de5cdb921bdbd44c4e870023f98aaf4d8d4ca5dec8fbd4d5bbcf58c3d	912	F	0644	research/spikes/cursor-sdk-tier1/node_modules/@statsig/client-core/src/NetworkConfig.d.ts
8d6b3fef6fe21449870d8d91e70d6dc457b6247e8ba06696f1cad73ca2996b05	715	F	0644	research/spikes/cursor-sdk-tier1/node_modules/@statsig/client-core/src/NetworkConfig.js
37ba834670b4f4ec774d77506672d00dde87a43b26f5807894106122ca6aab0e	2060	F	0644	research/spikes/cursor-sdk-tier1/node_modules/@statsig/client-core/src/NetworkCore.d.ts
5dde79900cb41c241811dff25a0c88ee05c6de333c908bf78b6393658c125fc7	16859	F	0644	research/spikes/cursor-sdk-tier1/node_modules/@statsig/client-core/src/NetworkCore.js
48d555c2d4e11f03f8cc845cbdd04092f1adbeb1d106cd3e0f78572157508c76	1031	F	0644	research/spikes/cursor-sdk-tier1/node_modules/@statsig/client-core/src/NetworkFallbackResolver.d.ts
b73a6da7baee7385d5ed06fcfd745e35ec91e8f50c2df8a601e2e13b6e524b9f	8562	F	0644	research/spikes/cursor-sdk-tier1/node_modules/@statsig/client-core/src/NetworkFallbackResolver.js
60c8733868c12efb15bd1daa07aa2a7f3d8bde776fe8f173d57e90afb134286f	1192	F	0644	research/spikes/cursor-sdk-tier1/node_modules/@statsig/client-core/src/OverrideAdapter.d.ts
d43aa81f5bc89faa359e0f97c814ba25155591ff078fbb9bfd40f8c7c9683230	77	F	0644	research/spikes/cursor-sdk-tier1/node_modules/@statsig/client-core/src/OverrideAdapter.js
4098e267bbe64e96ff2971cec39e2bfebada4618ab90918a8c1e1cef0a34a583	1605	F	0644	research/spikes/cursor-sdk-tier1/node_modules/@statsig/client-core/src/ParamStoreTypes.d.ts
d43aa81f5bc89faa359e0f97c814ba25155591ff078fbb9bfd40f8c7c9683230	77	F	0644	research/spikes/cursor-sdk-tier1/node_modules/@statsig/client-core/src/ParamStoreTypes.js
92588af470b1a63a6da1f571e849dc5b8ca3e16864b7e317fa6c8152a38c92a2	558	F	0644	research/spikes/cursor-sdk-tier1/node_modules/@statsig/client-core/src/SafeJs.d.ts
c8f9b48fbe70cb98c4d5e4ebcb5d98ae3efe000c3d05f2a5faba1d30dae86d36	2562	F	0644	research/spikes/cursor-sdk-tier1/node_modules/@statsig/client-core/src/SafeJs.js
1bb4b457153dc02d01046ee9b9bc377e784e68e45bb2adb7bf50f5cc32f56280	163	F	0644	research/spikes/cursor-sdk-tier1/node_modules/@statsig/client-core/src/SDKFlags.d.ts
4886832f51abd0de30deba60ff73cf18e4418624678bfdf200486ee5fcc5659c	416	F	0644	research/spikes/cursor-sdk-tier1/node_modules/@statsig/client-core/src/SDKFlags.js
7fb73e84fbb1b7156d3b1df45c0809399acb2be515add48752399aadde9b0a7f	319	F	0644	research/spikes/cursor-sdk-tier1/node_modules/@statsig/client-core/src/SDKType.d.ts
69807efae746da591e1b8bf374f967e2f638cea1f029bcbaa69ec15b8acb3cc1	561	F	0644	research/spikes/cursor-sdk-tier1/node_modules/@statsig/client-core/src/SDKType.js
2761037c1da8c36fd726cd6183c401b9a61c9e999cd803bb1beaf9a928d3e874	547	F	0644	research/spikes/cursor-sdk-tier1/node_modules/@statsig/client-core/src/SessionID.d.ts
36b03d62f8c4ce2c40ce2c279271a5e6a77dd87b8f2e468ea0f786242937dc57	3449	F	0644	research/spikes/cursor-sdk-tier1/node_modules/@statsig/client-core/src/SessionID.js
bb2d1ab72524a18f17a3927b3e1e749904d7a8c99ed0db6e83720f8884feb1ab	112	F	0644	research/spikes/cursor-sdk-tier1/node_modules/@statsig/client-core/src/SizeOf.d.ts
f8cdfeccf6521537f2a710b7338e09a239874e56dec2e44cf282da9889f74cd5	930	F	0644	research/spikes/cursor-sdk-tier1/node_modules/@statsig/client-core/src/SizeOf.js
9d8831c49df1ffcb85ccfc23f71edb093e19823cb88aa9a59207b45ea3b1ccca	393	F	0644	research/spikes/cursor-sdk-tier1/node_modules/@statsig/client-core/src/StableID.d.ts
c3d098b9920ba20e79858ccd237ea03880e7cd2ad33b910f9db0aa103cea37af	3091	F	0644	research/spikes/cursor-sdk-tier1/node_modules/@statsig/client-core/src/StableID.js
aa32ae52a03f4b0756cfbc606d8b524bfdbd42ace9273a688d8471bf0dbdda50	4648	F	0644	research/spikes/cursor-sdk-tier1/node_modules/@statsig/client-core/src/StatsigClientBase.d.ts
1c326adf4fcc5bba06eaea53a96ac601fcee1392d04260d244c9301de87c8faa	10203	F	0644	research/spikes/cursor-sdk-tier1/node_modules/@statsig/client-core/src/StatsigClientBase.js
edc59940038fd9f5d42f7cf8bb20dfd2fbee5f8eb6875fc37e54ac9d59dbaa5f	3618	F	0644	research/spikes/cursor-sdk-tier1/node_modules/@statsig/client-core/src/StatsigClientEventEmitter.d.ts
a7b3b64ed0f7537c790737a175b0488d3a7934123a9d73399e6bf01bd96b827a	162	F	0644	research/spikes/cursor-sdk-tier1/node_modules/@statsig/client-core/src/StatsigClientEventEmitter.js
c54117a3d52b9234388f037e61f7b21bae05de7b3f538d49fc09497edb74212d	6204	F	0644	research/spikes/cursor-sdk-tier1/node_modules/@statsig/client-core/src/StatsigDataAdapter.d.ts
508c1fd4e4141ef8041feff1661af57691a09915f357da55fd036bf4f709ecc6	169	F	0644	research/spikes/cursor-sdk-tier1/node_modules/@statsig/client-core/src/StatsigDataAdapter.js
7adf0d012cf3effdbf247151fabfec82a1aa40ac29f210f052a13080dcc1f600	1499	F	0644	research/spikes/cursor-sdk-tier1/node_modules/@statsig/client-core/src/StatsigEvent.d.ts
324b55999eab50595a6d6a265814aba4269a98f64ad72badda2115290a38e3bb	4836	F	0644	research/spikes/cursor-sdk-tier1/node_modules/@statsig/client-core/src/StatsigEvent.js
947f5cc0993bf604fdfe6e3611fdba8d50b90acca2996e7833ad7bb2cfe1c2c5	581	F	0644	research/spikes/cursor-sdk-tier1/node_modules/@statsig/client-core/src/StatsigMetadata.d.ts
d4505ca504b0f087d9a9822f169e37577c93a9747090580958052412b7678a12	483	F	0644	research/spikes/cursor-sdk-tier1/node_modules/@statsig/client-core/src/StatsigMetadata.js
6f37cf938f98e5b35883f5c2446a1a4c073e8e83901f2a18706860b5566d3aa9	6261	F	0644	research/spikes/cursor-sdk-tier1/node_modules/@statsig/client-core/src/StatsigOptionsCommon.d.ts
b0203a7e37f35f591957aed613cd0ef2577c2ee10a6c0169e209e2f20f2f110f	549	F	0644	research/spikes/cursor-sdk-tier1/node_modules/@statsig/client-core/src/StatsigOptionsCommon.js
abefd07897a0e9cfd3aa2ce433d597e49f23913766a646cc807cf1ece5a5cb72	290	F	0644	research/spikes/cursor-sdk-tier1/node_modules/@statsig/client-core/src/StatsigPlugin.d.ts
d43aa81f5bc89faa359e0f97c814ba25155591ff078fbb9bfd40f8c7c9683230	77	F	0644	research/spikes/cursor-sdk-tier1/node_modules/@statsig/client-core/src/StatsigPlugin.js
535f9d2c4bf57abb0d0034a28cffbc3d6bc19ad1d7f94f5551e99d3dd83d3a90	1147	F	0644	research/spikes/cursor-sdk-tier1/node_modules/@statsig/client-core/src/StatsigTypeFactories.d.ts
f3ec6691ca38fa49da5c7c00dab1311863e6516a96bf8bd01290be36b50e2292	3750	F	0644	research/spikes/cursor-sdk-tier1/node_modules/@statsig/client-core/src/StatsigTypeFactories.js
2bd5453f2c5ef733714459c76b3ddafb9a3d879b744ba8a14b67df1eefd93d33	1952	F	0644	research/spikes/cursor-sdk-tier1/node_modules/@statsig/client-core/src/StatsigTypes.d.ts
d43aa81f5bc89faa359e0f97c814ba25155591ff078fbb9bfd40f8c7c9683230	77	F	0644	research/spikes/cursor-sdk-tier1/node_modules/@statsig/client-core/src/StatsigTypes.js
ece3584a5dac14c8b382b1648ea3e0e146695c2956c09c18870cbef782587e17	591	F	0644	research/spikes/cursor-sdk-tier1/node_modules/@statsig/client-core/src/StatsigUpdateDetails.d.ts
255ede3659d9b2f71b33f61a8b82301ddda8a902511c496a78a6063d4f83e5ec	651	F	0644	research/spikes/cursor-sdk-tier1/node_modules/@statsig/client-core/src/StatsigUpdateDetails.js
acdcbe8776e5b5d83bf1fcdaee266d41363cb05970217b3c34114724ab256586	1003	F	0644	research/spikes/cursor-sdk-tier1/node_modules/@statsig/client-core/src/StatsigUser.d.ts
1d3f0211f7e3467dbad17776ab92c78e1cc4ce56c6a690e3a3f90f03a9551970	946	F	0644	research/spikes/cursor-sdk-tier1/node_modules/@statsig/client-core/src/StatsigUser.js
a19b6326e3b5d8deafdb49eb06c40b4481ffdb056b95f9a1ecfa9e4a28861dbc	703	F	0644	research/spikes/cursor-sdk-tier1/node_modules/@statsig/client-core/src/StorageProvider.d.ts
ad513a179d8279507dae61c07ac0f93f69df7911e6788283e25d8fa37b323291	3033	F	0644	research/spikes/cursor-sdk-tier1/node_modules/@statsig/client-core/src/StorageProvider.js
54bd5c62892777b2bb66878fcd7ef4f53069dfbec4b3f80a8309aa89f20b1a08	401	F	0644	research/spikes/cursor-sdk-tier1/node_modules/@statsig/client-core/src/TypedJsonParse.d.ts
d06cb53ee8aad71e159e58bd2deccbfbcb810f73567895622410a1af9bc10097	835	F	0644	research/spikes/cursor-sdk-tier1/node_modules/@statsig/client-core/src/TypedJsonParse.js
5e32a62e5a2b10877f25ac8ead53501a5fb9dbe777363d0b00283c287ff8a9a6	325	F	0644	research/spikes/cursor-sdk-tier1/node_modules/@statsig/client-core/src/TypingUtils.d.ts
45f8f2182c2ab7793bdce23524a1eec0aafa0bfd805bc8345a622b4f8d29d48b	431	F	0644	research/spikes/cursor-sdk-tier1/node_modules/@statsig/client-core/src/TypingUtils.js
7a0759dc1d89a2588e2c9526976d2d4728c7bdd2b83f07a2b98d42099d9dc01e	531	F	0644	research/spikes/cursor-sdk-tier1/node_modules/@statsig/client-core/src/UrlConfiguration.d.ts
2f5161ee97f1e71ddcd5ea1539941fef67c68e50c3a71198b48080e510f25eb1	1507	F	0644	research/spikes/cursor-sdk-tier1/node_modules/@statsig/client-core/src/UrlConfiguration.js
4e3727bf4a0dfb7e48b43ebe305c63ea2b83918285591c53b59a909111873f82	43	F	0644	research/spikes/cursor-sdk-tier1/node_modules/@statsig/client-core/src/UUID.d.ts
81b23ad75d5f91797be998a211cbe97472a28701b40cb32c18e0ab72ad0b3e10	886	F	0644	research/spikes/cursor-sdk-tier1/node_modules/@statsig/client-core/src/UUID.js
489606bdd4f58e0c18417226eb573660e87e71df1c4e142e5fc712362c3e33ad	510	F	0644	research/spikes/cursor-sdk-tier1/node_modules/@statsig/client-core/src/VisibilityObserving.d.ts
0b8ab631f786faf0a41b253ac3121f4ab5ca78ef2a5bbb19efcf7cd48ebadfb5	1593	F	0644	research/spikes/cursor-sdk-tier1/node_modules/@statsig/client-core/src/VisibilityObserving.js
eb55a433017a8ce7080c54df143bb531dae71a451e62751623e865621191391d	57208	F	0644	research/spikes/cursor-sdk-tier1/node_modules/@statsig/js-client/build/statsig-js-client.min.js
ebd5fbda0f6a7b689e7df9e487fc515f7b4f153239d0b573300a7f01106c9172	260494	F	0644	research/spikes/cursor-sdk-tier1/node_modules/@statsig/js-client/build/statsig-js-client+session-replay.min.js
a6374ce8e563a896d958ac6d5876ac6fa390c8efb4bddd79b9e426d1b1abded8	303455	F	0644	research/spikes/cursor-sdk-tier1/node_modules/@statsig/js-client/build/statsig-js-client+session-replay+web-analytics.min.js
e6966ffe15ff32adbb95818ffc1d7f1e38faa001f83f8b7f72dbd3e2c97785af	116387	F	0644	research/spikes/cursor-sdk-tier1/node_modules/@statsig/js-client/build/statsig-js-client+web-analytics.min.js
27cc00620b2a268e83c28709e19c28228d32cda69f4d7c62ffb09d4ed3822075	750	F	0644	research/spikes/cursor-sdk-tier1/node_modules/@statsig/js-client/LICENSE
e7bc87c9253b00b445c557867d13235e166ae469f4548846950ed297568cada0	469	F	0644	research/spikes/cursor-sdk-tier1/node_modules/@statsig/js-client/package.json
6d4e6180da005c73f771f688486dcba1f6d1b4ceb75d5a15f049641b7365f03f	2856	F	0644	research/spikes/cursor-sdk-tier1/node_modules/@statsig/js-client/README.md
a0cce646db585765c2df2b4ff09ccf88170811051d11237ec9cae7c88fc7adcd	454	F	0644	research/spikes/cursor-sdk-tier1/node_modules/@statsig/js-client/src/EvaluationResponseDeltas.d.ts
33dbbb1bc1b5a036f7e480ecc1fb44a1fd63f921898586ef6e079fe246dfb6c7	2174	F	0644	research/spikes/cursor-sdk-tier1/node_modules/@statsig/js-client/src/EvaluationResponseDeltas.js
6d6f6ba6825d54116adaed8df46019927d1ff2ba82cef9dd0e0643e6e8dfaa19	1336	F	0644	research/spikes/cursor-sdk-tier1/node_modules/@statsig/js-client/src/EvaluationStore.d.ts
3d9470f92d79b9ae7a7bfc5e09b59496b79373d683eae517b66a4c2059d25f17	6520	F	0644	research/spikes/cursor-sdk-tier1/node_modules/@statsig/js-client/src/EvaluationStore.js
66a8e1ea569d79ebdd72e4b0c263741b1f52250a84925bc69f0043eae6b52cc6	448	F	0644	research/spikes/cursor-sdk-tier1/node_modules/@statsig/js-client/src/index.d.ts
31915fdb65e9db3129bde7ad0f6a15d2a0ae789f8bc4f5f538ff0ddf203b98b5	1156	F	0644	research/spikes/cursor-sdk-tier1/node_modules/@statsig/js-client/src/index.js
416f30398b92f68bbc6de3f2b9b13012fa5c9363588afb13d9f7f2168b7b797b	500	F	0644	research/spikes/cursor-sdk-tier1/node_modules/@statsig/js-client/src/InitializeContainer.d.ts
d43aa81f5bc89faa359e0f97c814ba25155591ff078fbb9bfd40f8c7c9683230	77	F	0644	research/spikes/cursor-sdk-tier1/node_modules/@statsig/js-client/src/InitializeContainer.js
c93dd390c3ebfcbd3424d8a9d708f3bae291397677d98107c5ef2415db4cf045	558	F	0644	research/spikes/cursor-sdk-tier1/node_modules/@statsig/js-client/src/Network.d.ts
c7149c14acfc0d79901d02cdce3f7ed79f8977dc0c44a84e1bf5e24456ea31e0	4659	F	0644	research/spikes/cursor-sdk-tier1/node_modules/@statsig/js-client/src/Network.js
b7049a8f585473819d0ee2c164995a42ab7fac646567eebb228bde7ef58b10f2	312	F	0644	research/spikes/cursor-sdk-tier1/node_modules/@statsig/js-client/src/ParamStoreGetterFactory.d.ts
446aa3f2608e17e520e6a2cae5b5ba193b41a1b1fc8a1b2356f1889b2182e463	2890	F	0644	research/spikes/cursor-sdk-tier1/node_modules/@statsig/js-client/src/ParamStoreGetterFactory.js
47c817c24a9e253732d2b6407a088e6e9e2095e3f567ca9fc5665cb5286bbab0	14773	F	0644	research/spikes/cursor-sdk-tier1/node_modules/@statsig/js-client/src/StatsigClient.d.ts
3b7201be9622bfaa0ee2e138dd4d2cbbad5bbfac31df0f352e80ca3ce6560992	25107	F	0644	research/spikes/cursor-sdk-tier1/node_modules/@statsig/js-client/src/StatsigClient.js
d3e8360dc412631546b803612bb0a916f731a448a07c40e60ab55f51a9ef3adf	1177	F	0644	research/spikes/cursor-sdk-tier1/node_modules/@statsig/js-client/src/StatsigEvaluationsDataAdapter.d.ts
28c7427be9e91df013ea556e9d1050d659acdc584ff7c2a97419eb3e06efb0cf	3211	F	0644	research/spikes/cursor-sdk-tier1/node_modules/@statsig/js-client/src/StatsigEvaluationsDataAdapter.js
2e971f1b668aaac1dc0c6d40922f3f1339ab3af4d039ea2713a7a7048b53f709	1700	F	0644	research/spikes/cursor-sdk-tier1/node_modules/@statsig/js-client/src/StatsigOptions.d.ts
d43aa81f5bc89faa359e0f97c814ba25155591ff078fbb9bfd40f8c7c9683230	77	F	0644	research/spikes/cursor-sdk-tier1/node_modules/@statsig/js-client/src/StatsigOptions.js
6dba87816d52cb1a3f5e1ec75b239d05a770109644b4d30acaa655af5ed4aa43	745	F	0644	research/spikes/cursor-sdk-tier1/node_modules/@statsig/js-client/src/V1InitializeContainer.d.ts
8784274739848e3154e37428162c2324cef213011b66653c8af93f32d11d718b	1178	F	0644	research/spikes/cursor-sdk-tier1/node_modules/@statsig/js-client/src/V1InitializeContainer.js
dd621df0ae89e15fcec37e545fed1ffefd69213e4b8c96c875ed1865211a2d1f	723	F	0644	research/spikes/cursor-sdk-tier1/node_modules/@statsig/js-client/src/V2InitializeContainer.d.ts
6172cdc7e722c1c6204fe419ea454fbef1e8aa60489c3ea35cfc073d338e4210	3368	F	0644	research/spikes/cursor-sdk-tier1/node_modules/@statsig/js-client/src/V2InitializeContainer.js
6cf9a18ddc0f07ccb0819db288dced8f710e58f1ae7d6d76bfb989ffce498201	2797	F	0644	research/spikes/cursor-sdk-tier1/node_modules/undici/docs/api/Agent.md
32ad6be91fe07a8114397850518cab3520dad3d27c384dd7889d6c432cfbfc6b	8293	F	0644	research/spikes/cursor-sdk-tier1/node_modules/undici/docs/api/api-lifecycle.md
553be93507983d781b64a25f9dd61d7bf8315fdb106e21a56040d786ca704dcf	2818	F	0644	research/spikes/cursor-sdk-tier1/node_modules/undici/docs/api/BalancedPool.md
37e458d8baff658682379bf4196a9085fd7bae0aa76560a23896a9f5d447e498	1078	F	0644	research/spikes/cursor-sdk-tier1/node_modules/undici/docs/api/CacheStorage.md
64e4744d3991b92d179d677cb22935426a7c8d3f32f0c995598f07d396fb0515	10822	F	0644	research/spikes/cursor-sdk-tier1/node_modules/undici/docs/api/Client.md
c363feda8c4bb65f09379df7f2d0164f88336a2487b3043876c275b2d04a01ed	3464	F	0644	research/spikes/cursor-sdk-tier1/node_modules/undici/docs/api/Connector.md
b7418622c803d210b744fa1e705505a1c62829ec95b557fbc3071cc68b4fdcbd	1130	F	0644	research/spikes/cursor-sdk-tier1/node_modules/undici/docs/api/ContentType.md
1669eb09d53cac17ffaa721bb64c01b04d3e15954eafdc68ee9bdfa552ae049b	2043	F	0644	research/spikes/cursor-sdk-tier1/node_modules/undici/docs/api/Cookies.md
b6da243068e8e0ce713b7974af24684ab9d0277f81fc9d0a22c9d1e4d091b104	6234	F	0644	research/spikes/cursor-sdk-tier1/node_modules/undici/docs/api/DiagnosticsChannel.md
9879d56a54b65c0fc47737ba862c701c655327bada2e6c1a716027e0e1bdc650	27511	F	0644	research/spikes/cursor-sdk-tier1/node_modules/undici/docs/api/Dispatcher.md
3b5b39f333b1c3c405d1515bf1305478891f399ffb723aa759efe68a5cfb40be	1524	F	0644	research/spikes/cursor-sdk-tier1/node_modules/undici/docs/api/DispatchInterceptor.md
23573ed8e2e06cb48053a5ffc2b8441fad5ab0c382da99ed2d0261b0c4aabb1d	3563	F	0644	research/spikes/cursor-sdk-tier1/node_modules/undici/docs/api/Errors.md
14ace71e47225d4ef43fe2ecb05ffd07b047aa72315b3e2fa9a57732b10a436c	1195	F	0644	research/spikes/cursor-sdk-tier1/node_modules/undici/docs/api/Fetch.md
a4c9d4ebacb7809e97222e96d00b21bee60c36561100870f26ac3567431f8c81	15248	F	0644	research/spikes/cursor-sdk-tier1/node_modules/undici/docs/api/MockAgent.md
41298451fbb43c0290386b7b0cd8e2336a2e7f3d8587f18cf674445ab95a3a1c	2021	F	0644	research/spikes/cursor-sdk-tier1/node_modules/undici/docs/api/MockClient.md
862b81346856a128b577cb7825500cb5b09095203f97f6e01dcb3a583b50947b	595	F	0644	research/spikes/cursor-sdk-tier1/node_modules/undici/docs/api/MockErrors.md
e2c99fb959c6706a6aaa4643e0432b634ee1358a83c7cd30ea75e2badd9a852a	16229	F	0644	research/spikes/cursor-sdk-tier1/node_modules/undici/docs/api/MockPool.md
cb25bc88b8f381c8f8cfaa52fce333146b85e614c808611a139594888480f112	2769	F	0644	research/spikes/cursor-sdk-tier1/node_modules/undici/docs/api/Pool.md
d143e045fcd7c3d3c67ea04dd34baff4a0290bbe7c92fe940a41e1696513ed5e	775	F	0644	research/spikes/cursor-sdk-tier1/node_modules/undici/docs/api/PoolStats.md
4a37403450f37a51b82a4af9aa4cc6d3afffd1aca856ce7ca28074c5d21a8929	3807	F	0644	research/spikes/cursor-sdk-tier1/node_modules/undici/docs/api/ProxyAgent.md
9a4624242252afed2fd92f174dcf478c7f54b1fdca101e89934db4e532f9a2e5	3906	F	0644	research/spikes/cursor-sdk-tier1/node_modules/undici/docs/api/RetryHandler.md
81b79abad97fa12df3c8be41dde4b34a691f3309ef0e15cd8295bc5af4056801	1500	F	0644	research/spikes/cursor-sdk-tier1/node_modules/undici/docs/api/WebSocket.md
2542a4d45514c87135bec8306a59e3580049bff689988707e12b01e8496af3e1	47090	F	0644	research/spikes/cursor-sdk-tier1/node_modules/undici/docs/assets/lifecycle-diagram.png
de069837643aa2156d6353fdfc6838afd9ad58b0055fdd0d213f4875d701109b	2038	F	0644	research/spikes/cursor-sdk-tier1/node_modules/undici/docs/best-practices/client-certificate.md
869f18e979b17c9bbefe3008912065355ba404720f59eb38ff5de8ac7b82915c	3341	F	0644	research/spikes/cursor-sdk-tier1/node_modules/undici/docs/best-practices/mocking-request.md
46f3388fa61d24101b96ba0545038ce3e5411ee5bca5c1a4c1cfe2199382a684	3303	F	0644	research/spikes/cursor-sdk-tier1/node_modules/undici/docs/best-practices/proxy.md
4fb1816618ab3a119e872f23d8d9d46c3521f9aea055dd5bc75c58847892641f	648	F	0644	research/spikes/cursor-sdk-tier1/node_modules/undici/docs/best-practices/writing-tests.md
4e6aa89142f37a1a173e1e75a63ed66a15ac857326c5c4e6afccef4f75544299	579	F	0644	research/spikes/cursor-sdk-tier1/node_modules/undici/index-fetch.js
299fd0c281633d8dbfbe5f44c5f2850fe37392da6fd3b9cca3cb4e10cda16432	87	F	0644	research/spikes/cursor-sdk-tier1/node_modules/undici/index.d.ts
e66c74dc3b3c04ce53960928e1974e9b8ac050b42e34a58b2a0ead1f39a7b6d2	5426	F	0644	research/spikes/cursor-sdk-tier1/node_modules/undici/index.js
505c59e73b7520e6683446cd74c4eba70eb6c97f7c102bd6949dd1b0c8bc4fb6	4623	F	0644	research/spikes/cursor-sdk-tier1/node_modules/undici/lib/agent.js
eea3fa98b22d5fef8a3aeec99e6c4813333d717d3e0830006aa97233a3e6344e	968	F	0644	research/spikes/cursor-sdk-tier1/node_modules/undici/lib/api/abort-signal.js
b12b73075edbcdc253ce458bbd2ce1c6315be6a9b35235e53389490a8ef3a19b	2526	F	0644	research/spikes/cursor-sdk-tier1/node_modules/undici/lib/api/api-connect.js
43b16cad6f795399f53856e1255e76199e93a737cb82861ef7e46bd95724786e	5412	F	0644	research/spikes/cursor-sdk-tier1/node_modules/undici/lib/api/api-pipeline.js
086a55f684dcedb5c6209ebc2b2ad41d0d64a05224936b4b520f98b4b965ad80	4593	F	0644	research/spikes/cursor-sdk-tier1/node_modules/undici/lib/api/api-request.js
7bab36cc891fc10cde6a22670202150da0b711b011f49b8d52990b6f1dc49b6a	5303	F	0644	research/spikes/cursor-sdk-tier1/node_modules/undici/lib/api/api-stream.js
e3d8881af770b4c13d3ece8af9d8ac8972c3a59f6d63738a4e452b1e1233ba88	2579	F	0644	research/spikes/cursor-sdk-tier1/node_modules/undici/lib/api/api-upgrade.js
a7b4b74ea6b81b2401f8659c138df54fd3f2c45450741682c026abb4cf133096	264	F	0644	research/spikes/cursor-sdk-tier1/node_modules/undici/lib/api/index.js
ab451855a47bd089ca6436e12c9c31caccb5caa835a4321367816fca91129850	7252	F	0644	research/spikes/cursor-sdk-tier1/node_modules/undici/lib/api/readable.js
60b5ccabb9ed4bf6962e9af7fa38a88abcef5ca387821207d1e586ac4b7963f8	1596	F	0644	research/spikes/cursor-sdk-tier1/node_modules/undici/lib/api/util.js
06e20567449a6131d5ae6f049b5d85f17c3139f2fed6a2783f656429180ff865	5258	F	0644	research/spikes/cursor-sdk-tier1/node_modules/undici/lib/balanced-pool.js
1f9e6c22c0fdede13fc0f552ad6d1bd7f8aaf18783aa0b696759a868872add15	20821	F	0644	research/spikes/cursor-sdk-tier1/node_modules/undici/lib/cache/cache.js
30ecdf58aa08eacf16ba4fd431d95d34dfbc86dd534234ca55a758aa4d93b610	3514	F	0644	research/spikes/cursor-sdk-tier1/node_modules/undici/lib/cache/cachestorage.js
021d85330dc5ea1e93dff733a565787cc93a078708f824daaa83d1dc5ecdfae0	87	F	0644	research/spikes/cursor-sdk-tier1/node_modules/undici/lib/cache/symbols.js
3a0844aa6ee6b54ba49858dd5408a8f2031a55f48ed1e63b40f714d19f0893a4	1070	F	0644	research/spikes/cursor-sdk-tier1/node_modules/undici/lib/cache/util.js
49947f69592f01905c38449565e48ff68370b1aa9f878b8da54fdd8a387fabe6	62100	F	0644	research/spikes/cursor-sdk-tier1/node_modules/undici/lib/client.js
8f4d853aba9cd08591644fe4c1fcbb1cc50ce718e60deca8572a3359e32cc071	1067	F	0644	research/spikes/cursor-sdk-tier1/node_modules/undici/lib/compat/dispatcher-weakref.js
85a24ae49eb5954e15363049bbc68967f01aae7260246daa3f49ad375429acb4	306	F	0644	research/spikes/cursor-sdk-tier1/node_modules/undici/lib/cookies/constants.js
ff77317312c1d5a1ae245d552b619d5b837506cbc7bff6dee1109c8511eae216	4205	F	0644	research/spikes/cursor-sdk-tier1/node_modules/undici/lib/cookies/index.js
55785eb6343020e14164ba1e8b14255d572c37032de9bfab22067aeb2ebe98e6	12384	F	0644	research/spikes/cursor-sdk-tier1/node_modules/undici/lib/cookies/parse.js
8c547d3b3d115976ed5c2898d2b0da45194b6f8570e970474ef21e12cfb97883	6987	F	0644	research/spikes/cursor-sdk-tier1/node_modules/undici/lib/cookies/util.js
64a41ada0c84f3ba2ef658672e96ee84e9c6c4e6452b2938f364bf7df63bb9a5	5709	F	0644	research/spikes/cursor-sdk-tier1/node_modules/undici/lib/core/connect.js
962e2278404f3c0b0d45bf67eb1966c39dc33c04b89e2e9f4a955ac057272b82	2610	F	0644	research/spikes/cursor-sdk-tier1/node_modules/undici/lib/core/constants.js
b5370cfddafbf7f84469b3a1b81b5c09fab59f6b0520632dc5e6745fd0e86f1b	6609	F	0644	research/spikes/cursor-sdk-tier1/node_modules/undici/lib/core/errors.js
c33f22f511c9190a4b735c21efd3ae982e4e3685e934fc9e4c47dc47ac2e7933	13936	F	0644	research/spikes/cursor-sdk-tier1/node_modules/undici/lib/core/request.js
f97e4821054416dc6a27e4619143a5f9033a7fc961f1615b7ed2c2e74bffd876	2421	F	0644	research/spikes/cursor-sdk-tier1/node_modules/undici/lib/core/symbols.js
4cb9b96002be17b236b06727a78fd08a3ce6b4cf0f899a3c8d216c4c765f5832	14267	F	0644	research/spikes/cursor-sdk-tier1/node_modules/undici/lib/core/util.js
633940e5b44c39e1fff95ffed39ffe89e3b63811e8f830ac99cd853b7a1cf4a9	4585	F	0644	research/spikes/cursor-sdk-tier1/node_modules/undici/lib/dispatcher-base.js
d1aba699853fa3652583a922dcb3a49883625fd6bf3bebb218dbf129b97f8ab3	300	F	0644	research/spikes/cursor-sdk-tier1/node_modules/undici/lib/dispatcher.js
6ecdca4858daa2e1c1a1b9ed7066ed8a799a85a1c970d81498621a9bcd62f0b3	19464	F	0644	research/spikes/cursor-sdk-tier1/node_modules/undici/lib/fetch/body.js
8a4fe761ef03b45f73f2ec0f800c122a7aea53d14c6b320e0e2eab4151b83352	4068	F	0644	research/spikes/cursor-sdk-tier1/node_modules/undici/lib/fetch/constants.js
c9b72dadf4e6035e590bca1f654a91bc3af78b1f0973578645dcc409c366c2a3	18268	F	0644	research/spikes/cursor-sdk-tier1/node_modules/undici/lib/fetch/dataURL.js
d9a8a09020f2a1be8daa4db5705fd3c90a9103463603119f8ba630f25fe14335	9543	F	0644	research/spikes/cursor-sdk-tier1/node_modules/undici/lib/fetch/file.js
4401c859beb114e2f15d9b196b77abb33c2f84f61e4b8ce141dd3df0c365b41d	7885	F	0644	research/spikes/cursor-sdk-tier1/node_modules/undici/lib/fetch/formdata.js
6b38813b82ec8d5002009640515d35f83ab96d4f8e0066d71fae89324079a289	890	F	0644	research/spikes/cursor-sdk-tier1/node_modules/undici/lib/fetch/global.js
20dc9d0e3655872a7f0d8558b9ad0b14b1adbf0c98614ba74130ab3c5ec42f84	17165	F	0644	research/spikes/cursor-sdk-tier1/node_modules/undici/lib/fetch/headers.js
cab15e7e3bc3c241b785867a198ad35bef40d28ed0c4bdecba0de4d113e73dff	75443	F	0644	research/spikes/cursor-sdk-tier1/node_modules/undici/lib/fetch/index.js
a21d6c8d3fc631198b97e57584697f7f9c37805c71c6cf9a12e4442b40394b88	1071	F	0644	research/spikes/cursor-sdk-tier1/node_modules/undici/lib/fetch/LICENSE
89c1445bdd0c7e97b6313911fca408c9826970dba8fbd44256a4b741f8a01760	30549	F	0644	research/spikes/cursor-sdk-tier1/node_modules/undici/lib/fetch/request.js
1da5f61eb87f1d39c538303f028adb893b894756e7033df8dac42862e718a654	17864	F	0644	research/spikes/cursor-sdk-tier1/node_modules/undici/lib/fetch/response.js
7a92adc71dfd97f286344d37ece132f5744fc9a08e9194cc7681cca1ef6351c1	198	F	0644	research/spikes/cursor-sdk-tier1/node_modules/undici/lib/fetch/symbols.js
bb2befd3c6bcbe2f378543474df1326c196ae5942494ff92f02b2767905649d4	33949	F	0644	research/spikes/cursor-sdk-tier1/node_modules/undici/lib/fetch/util.js
c31da25e3a217edb2f9530be2fe110839bc1a2e11744f55bbafb5c89b40f50e3	18538	F	0644	research/spikes/cursor-sdk-tier1/node_modules/undici/lib/fetch/webidl.js
1104cabac55bb11fb9ce5127017f7c1b5dd816e63e2ec1a1c8eb40d7dfb4ad20	6618	F	0644	research/spikes/cursor-sdk-tier1/node_modules/undici/lib/fileapi/encoding.js
f9f65bc18570cf659fe2bed9577996dfb1c6fdebd86f842c8a4a9e8085ebc2d5	8523	F	0644	research/spikes/cursor-sdk-tier1/node_modules/undici/lib/fileapi/filereader.js
ed4d2186ceb68579ed633cbdbddc2a65d2d9091a7e71c31489859dc1b711601f	1578	F	0644	research/spikes/cursor-sdk-tier1/node_modules/undici/lib/fileapi/progressevent.js
ac1dd1e588f039bee4917ff017e32af5eb727d68683d869acf1479828480c371	317	F	0644	research/spikes/cursor-sdk-tier1/node_modules/undici/lib/fileapi/symbols.js
8b7ac0b2835b3981d58da5f07a10a80267e1c1b8648faca91edbdcd0ab9163ce	11570	F	0644	research/spikes/cursor-sdk-tier1/node_modules/undici/lib/fileapi/util.js
59bb2e54e3e9e886bb910abcb47cafdf23271301132860d6926cae881873b0f3	860	F	0644	research/spikes/cursor-sdk-tier1/node_modules/undici/lib/global.js
90a2c1e3e128edf5cee8062abc58222f94efe53f2646c617a9275597704fb9c6	613	F	0644	research/spikes/cursor-sdk-tier1/node_modules/undici/lib/handler/DecoratorHandler.js
96af9f5a9d78371a7b0cf89cb5bd6bcf2a19604987570676e815d8bf350889af	7340	F	0644	research/spikes/cursor-sdk-tier1/node_modules/undici/lib/handler/RedirectHandler.js
b85aa67f549cb3f102eb3db2908d00fcbf9ca0e6f8cfdd6d89a0b6fcd92143cb	8286	F	0644	research/spikes/cursor-sdk-tier1/node_modules/undici/lib/handler/RetryHandler.js
20c3bebb877d32aa191dcc22435269a1da2c860cce8e9533efc4018da5cee373	660	F	0644	research/spikes/cursor-sdk-tier1/node_modules/undici/lib/interceptor/redirectInterceptor.js
50594c26e0e6815040e3acf3ea86fdc369e4a8c9f2a6287962edfb43230f9d12	4243	F	0644	research/spikes/cursor-sdk-tier1/node_modules/undici/lib/llhttp/constants.d.ts
3cba0763867e5e3753f3efbf22853e42b3da26e2353ff77d06156d923eb4d8bd	11002	F	0644	research/spikes/cursor-sdk-tier1/node_modules/undici/lib/llhttp/constants.js
a8a3fec0e7e526d9d16dee5d3ce092258805eeb68fd10d9e2cbf4cb6aa98e517	6997	F	0644	research/spikes/cursor-sdk-tier1/node_modules/undici/lib/llhttp/constants.js.map
6afad9e8247ebf46e35fbe81a04f548900b581a61abf2bf4d9097f63d0612027	73956	F	0644	research/spikes/cursor-sdk-tier1/node_modules/undici/lib/llhttp/llhttp_simd-wasm.js
cd48aefa974e9fc21adec14ef0c73f0ad501b598078b12568ed129c320318154	55450	F	0755	research/spikes/cursor-sdk-tier1/node_modules/undici/lib/llhttp/llhttp_simd.wasm
561f47635568132933a64a6d9feece798877aeae8d96032744f3ef9cc5d43864	73976	F	0644	research/spikes/cursor-sdk-tier1/node_modules/undici/lib/llhttp/llhttp-wasm.js
ee82b848a5ca8e9f99fda109e59bbc20193d049a7f6bff93f4130cba5b68261c	55466	F	0755	research/spikes/cursor-sdk-tier1/node_modules/undici/lib/llhttp/llhttp.wasm
630fd56cf7de3744d1a6cd9663eaf63239592b50554245c8b4547feda28a8b05	112	F	0644	research/spikes/cursor-sdk-tier1/node_modules/undici/lib/llhttp/utils.d.ts
0c72c339551b7e963cada1733f0d95e059d340e0f77c5d704c3e2e5989dc86a3	394	F	0644	research/spikes/cursor-sdk-tier1/node_modules/undici/lib/llhttp/utils.js
dce0149bfb2b00687bb68639168b7ce5555634b6ca50a3df178abee2d9b4a610	432	F	0644	research/spikes/cursor-sdk-tier1/node_modules/undici/lib/llhttp/utils.js.map
cfdb351e5c6b25cdfcb31f4b75edd9ef37b643e3cd1e613c9c92f64ee9616459	699	F	0644	research/spikes/cursor-sdk-tier1/node_modules/undici/lib/llhttp/wasm_build_env.txt
667d815016963b614a0e57837479d70047e8dcde3e9fffd127a5827d836ce684	4738	F	0644	research/spikes/cursor-sdk-tier1/node_modules/undici/lib/mock/mock-agent.js
3b4b1c60b0a828d226f7c20736cb71665e140058c1b20b986f0b97d43e321920	1497	F	0644	research/spikes/cursor-sdk-tier1/node_modules/undici/lib/mock/mock-client.js
85438d8bea0ac09b19b9b59d9cb33ecb22f5fda9b0f397eebdcabdd6ab8b1eb9	439	F	0644	research/spikes/cursor-sdk-tier1/node_modules/undici/lib/mock/mock-errors.js
14f1fc7e787dcbb51d4b28d0e8d4f44e0202f75c9506e61262a4d4082e08a24d	6696	F	0644	research/spikes/cursor-sdk-tier1/node_modules/undici/lib/mock/mock-interceptor.js
54f10d61980167716573c47b8a37541295023ac57a3fb075c7e982f9baf5bae5	1483	F	0644	research/spikes/cursor-sdk-tier1/node_modules/undici/lib/mock/mock-pool.js
2bb0167aca64371dc350fa9ee1077018517d3fd43f0d48ed068cdfc3e0530950	769	F	0644	research/spikes/cursor-sdk-tier1/node_modules/undici/lib/mock/mock-symbols.js
d47a493070b0dcd31b6a99e11956828455c3197cbe57d3b2d9f45691cbf3c99e	10291	F	0644	research/spikes/cursor-sdk-tier1/node_modules/undici/lib/mock/mock-utils.js
4e02424a724158cd8ad3580b5c0792465cae7a4a833a86b303bf59786d9341d9	1047	F	0644	research/spikes/cursor-sdk-tier1/node_modules/undici/lib/mock/pending-interceptors-formatter.js
d5d71bf11a309f2368693f40737a011ae59734ea1b45c27678c6d49f9888ef33	495	F	0644	research/spikes/cursor-sdk-tier1/node_modules/undici/lib/mock/pluralizer.js
244a0b8b734395490f13430449e06754ec6ea7b102447d6b77e8eef3cb20c979	4222	F	0644	research/spikes/cursor-sdk-tier1/node_modules/undici/lib/node/fixed-queue.js
0d2e634bc77c80037c0b7c8be2878e6376a236db94f36ec923d4619e28566bd4	4559	F	0644	research/spikes/cursor-sdk-tier1/node_modules/undici/lib/pool-base.js
19400ef455a98f2423103e3e2033380f9f14710927837075d94482027395d056	552	F	0644	research/spikes/cursor-sdk-tier1/node_modules/undici/lib/pool-stats.js
bf40fcf062da2b7212851de6756ea0c3b728f2617c210ecec9b400dc7b3dcd8c	3071	F	0644	research/spikes/cursor-sdk-tier1/node_modules/undici/lib/pool.js
d361a5493f64d414f54e41e62a07745a113db22a4379e793b40345dd803eea22	5586	F	0644	research/spikes/cursor-sdk-tier1/node_modules/undici/lib/proxy-agent.js
efaf9d0f186073c9dba0cdd1c1fd7a12dfa1c3a6bab838f613d77dc892ebd502	1878	F	0644	research/spikes/cursor-sdk-tier1/node_modules/undici/lib/timers.js
2a710f5a9f18b65bd47815675c64dd5c6bd903acf369610346a58680a01e78a2	10895	F	0644	research/spikes/cursor-sdk-tier1/node_modules/undici/lib/websocket/connection.js
4a9b158632e989547488f7ca33fbf3b66c1c603945976d38d099610456edc74b	881	F	0644	research/spikes/cursor-sdk-tier1/node_modules/undici/lib/websocket/constants.js
c5445b86c263398bc47110a93a6c21f68c03a68eaf4e1dd7f0a9017e7028eb1b	6352	F	0644	research/spikes/cursor-sdk-tier1/node_modules/undici/lib/websocket/events.js
e0f5b2e77965df7a2516f8739c977ec392c22d0c64599134b0f08957565988e3	1704	F	0644	research/spikes/cursor-sdk-tier1/node_modules/undici/lib/websocket/frame.js
bd2a044a8302febfc2d467b86733c7f30138825be5cf5407c2879774adb4f238	10777	F	0644	research/spikes/cursor-sdk-tier1/node_modules/undici/lib/websocket/receiver.js
8b0fefd6a165e147061da314db2f1d5f7e870b6720835e540d0be3376c6132fa	330	F	0644	research/spikes/cursor-sdk-tier1/node_modules/undici/lib/websocket/symbols.js
9da7bf370a814bc503cffed74c9032c8ee7665d1ae7e83a3c56ad0072c1c8e9e	5838	F	0644	research/spikes/cursor-sdk-tier1/node_modules/undici/lib/websocket/util.js
c1389cf76a46ece85a6a8adaecc50b94d4e608597c43b46e67ce93a4030b31b0	21024	F	0644	research/spikes/cursor-sdk-tier1/node_modules/undici/lib/websocket/websocket.js
a6db8096b2707bc0102d256917d4d33f298ba36d8c3f25de067a2b5bb379db27	1090	F	0644	research/spikes/cursor-sdk-tier1/node_modules/undici/LICENSE
0aa1c955c6f32ca2dafc111db8710c62f9ad665dde21aef3e05812a52a5f0594	4963	F	0644	research/spikes/cursor-sdk-tier1/node_modules/undici/package.json
e2cd3f50c5576d1935737dc9e058e7fb4ae375892e2b7662dda90fba838e2cfc	16884	F	0644	research/spikes/cursor-sdk-tier1/node_modules/undici/README.md
4893a895ea92c85345017a04ed427cbd6a1710453338df26881a6019432febdd	1065	F	0644	research/spikes/cursor-sdk-tier1/node_modules/undici/types/agent.d.ts
0db18c6e78ea846316c012478888f33c11ffadab9efd1cc8bcc12daded7a60b6	1455	F	0644	research/spikes/cursor-sdk-tier1/node_modules/undici/types/api.d.ts
40383ebef22b943d503c6ce2cb2e060282936b952a01bea5f9f493d5fb487cc7	609	F	0644	research/spikes/cursor-sdk-tier1/node_modules/undici/types/balanced-pool.d.ts
c46e079fe54c76f95c67fb89081b3e399da2c7d109e7dca8e4b58d83e332e605	1251	F	0644	research/spikes/cursor-sdk-tier1/node_modules/undici/types/cache.d.ts
8702b271086074c550d51bc0fc0626403e0c27f93a69264532ae3a9d5e65b9ab	4630	F	0644	research/spikes/cursor-sdk-tier1/node_modules/undici/types/client.d.ts
c6fd2c5a395f2432786c9cb8deb870b9b0e8ff7e22c029954fabdd692bff6195	1029	F	0644	research/spikes/cursor-sdk-tier1/node_modules/undici/types/connector.d.ts
2e85db9e6fd73cfa3d7f28e0ab6b55417ea18931423bd47b409a96e4a169e8e6	561	F	0644	research/spikes/cursor-sdk-tier1/node_modules/undici/types/content-type.d.ts
89167d696a849fce5ca508032aabfe901c0868f833a8625d5a9c6e861ef935d2	635	F	0644	research/spikes/cursor-sdk-tier1/node_modules/undici/types/cookies.d.ts
9f0a92164925aa37d4a5d9dd3e0134cff8177208dba55fd2310cd74beea40ee2	1634	F	0644	research/spikes/cursor-sdk-tier1/node_modules/undici/types/diagnostics-channel.d.ts
c34ee1ea9317f8a782b45c9053a87a637af138a8b49ddba52914d8186ecf36e6	13432	F	0644	research/spikes/cursor-sdk-tier1/node_modules/undici/types/dispatcher.d.ts
e9775e97ac4877aebf963a0289c81abe76d1ec9a2a7778dbe637e5151f25c5f3	3730	F	0644	research/spikes/cursor-sdk-tier1/node_modules/undici/types/errors.d.ts
499a48bb6b59bb20f0c70345f4ccedaa7ae186d0e7e2a7424440be2c6f03a212	5465	F	0644	research/spikes/cursor-sdk-tier1/node_modules/undici/types/fetch.d.ts
25c8056edf4314820382a5fdb4bb7816999acdcb929c8f75e3f39473b87e85bc	1707	F	0644	research/spikes/cursor-sdk-tier1/node_modules/undici/types/file.d.ts
339dc5265ee5ed92e536a93a04c4ebbc2128f45eeec6ed29f379e0085283542c	1453	F	0644	research/spikes/cursor-sdk-tier1/node_modules/undici/types/filereader.d.ts
3e4825171442666d31c845aeb47fcd34b62e14041bb353ae2b874285d78482aa	5012	F	0644	research/spikes/cursor-sdk-tier1/node_modules/undici/types/formdata.d.ts
cadc8aced301244057c4e7e73fbcae534b0f5b12a37b150d80e5a45aa4bebcbd	276	F	0644	research/spikes/cursor-sdk-tier1/node_modules/undici/types/global-dispatcher.d.ts
385aab901643aa54e1c36f5ef3107913b10d1b5bb8cbcd933d4263b80a0d7f20	175	F	0644	research/spikes/cursor-sdk-tier1/node_modules/undici/types/global-origin.d.ts
c3b170c45fc031db31f782e612adf7314b167e60439d304b49e704010e7bafe5	387	F	0644	research/spikes/cursor-sdk-tier1/node_modules/undici/types/handlers.d.ts
5929864ce17fba74232584d90cb721a89b7ad277220627cc97054ba15a98ea8f	133	F	0644	research/spikes/cursor-sdk-tier1/node_modules/undici/types/header.d.ts
5f69925a3ca4f275d26da3398a7c24ac669f099f840f89ccc64e5dc8026993dd	3085	F	0644	research/spikes/cursor-sdk-tier1/node_modules/undici/types/index.d.ts
d32275be3546f252e3ad33976caf8c5e842c09cb87d468cb40d5f4cf092d1acc	215	F	0644	research/spikes/cursor-sdk-tier1/node_modules/undici/types/interceptors.d.ts
13f6f39e12b1518c6650bbb220c8985999020fe0f21d818e28f512b7771d00f9	2535	F	0644	research/spikes/cursor-sdk-tier1/node_modules/undici/types/mock-agent.d.ts
9b5369969f6e7175740bf51223112ff209f94ba43ecd3bb09eefff9fd675624a	1002	F	0644	research/spikes/cursor-sdk-tier1/node_modules/undici/types/mock-client.d.ts
24515859bc0b836719105bb6cc3d68255042a9f02a6022b3187948b204946bd2	338	F	0644	research/spikes/cursor-sdk-tier1/node_modules/undici/types/mock-errors.d.ts
3a84b7cb891141824bd00ef8a50b6a44596aded4075da937f180c90e362fe5f6	3892	F	0644	research/spikes/cursor-sdk-tier1/node_modules/undici/types/mock-interceptor.d.ts
4fe9e626e7164748e8769bbf74b538e09607f07ed17c2f20af8d680ee49fc1da	974	F	0644	research/spikes/cursor-sdk-tier1/node_modules/undici/types/mock-pool.d.ts
e53a3c2a9f624d90f24bf4588aacd223e7bec1b9d0d479b68d2f4a9e6011147f	1678	F	0644	research/spikes/cursor-sdk-tier1/node_modules/undici/types/patch.d.ts
9670d44354bab9d9982eca21945686b5c24a3f893db73c0dae0fd74217a4c219	669	F	0644	research/spikes/cursor-sdk-tier1/node_modules/undici/types/pool-stats.d.ts
db3435f3525cd785bf21ec6769bf8da7e8a776be1a99e2e7efb5f244a2ef5fee	1008	F	0644	research/spikes/cursor-sdk-tier1/node_modules/undici/types/pool.d.ts
33203609eba548914dc83ddf6cadbc0bcb6e8ef89f6d648ca0908ae887f9fcc5	836	F	0644	research/spikes/cursor-sdk-tier1/node_modules/undici/types/proxy-agent.d.ts
7180c03fd3cb6e22f911ce9ba0f8a7008b1a6ddbe88ccf16a9c8140ef9ac1686	1622	F	0644	research/spikes/cursor-sdk-tier1/node_modules/undici/types/readable.d.ts
c8cced6ec588c55b07e35733258cb7d6b63e3426ee7490aa9267aab4bda0fb20	455	F	0644	research/spikes/cursor-sdk-tier1/node_modules/undici/types/README.md
1d150b70510edc11a33ecee95fdbc7609c5af88a40d29c3d0265f704d3cdb2e6	3006	F	0644	research/spikes/cursor-sdk-tier1/node_modules/undici/types/retry-handler.d.ts
cc6ecc510c73aab685176610025a6fd2c9a05b4e34d406036874085debbfa27c	5630	F	0644	research/spikes/cursor-sdk-tier1/node_modules/undici/types/webidl.d.ts
8bfdb79bf1a9d435ec48d9372dc93291161f152c0865b81fc0b2694aedb4578d	3428	F	0644	research/spikes/cursor-sdk-tier1/node_modules/undici/types/websocket.d.ts
69025493407e0f37f24e01e363452d75ae43a89aac18eb24806706b5b534b459	1470	F	0644	research/spikes/cursor-sdk-tier1/node_modules/zod/index.cjs
5780b706cece027f0d4444fbb4e1af62dc51e19da7c3d3719f67b22b033859b9	107	F	0644	research/spikes/cursor-sdk-tier1/node_modules/zod/index.d.cts
6419c4ac0e637ff08463083e31886d10354f74cbcc4e584400b2b837e39ac881	105	F	0644	research/spikes/cursor-sdk-tier1/node_modules/zod/index.d.ts
6419c4ac0e637ff08463083e31886d10354f74cbcc4e584400b2b837e39ac881	105	F	0644	research/spikes/cursor-sdk-tier1/node_modules/zod/index.js
3f1189b28e3866e0d979968d466b78f813f76827cfdca1fbb124cc0a5c8841f8	1072	F	0644	research/spikes/cursor-sdk-tier1/node_modules/zod/LICENSE
70eedbe34fd52385a4ae2f3e5759b19682189f0118ea73a6e7c32c677f61668e	3284	F	0644	research/spikes/cursor-sdk-tier1/node_modules/zod/package.json
f534842731b0e9599e3927c234fab2090ac2b64ab98fe5035f26c28f1e149536	6247	F	0644	research/spikes/cursor-sdk-tier1/node_modules/zod/README.md
6419c4ac0e637ff08463083e31886d10354f74cbcc4e584400b2b837e39ac881	105	F	0644	research/spikes/cursor-sdk-tier1/node_modules/zod/src/index.ts
0d1a81e5608b286c1843aaecb20bd7d1f62b6674a610a51dc7d1043bed05963d	1908	F	0644	research/spikes/cursor-sdk-tier1/node_modules/zod/src/v3/benchmarks/datetime.ts
33e4f792dbfdc735a72f92fcc117d3dbaea8e7ff3937d523bef3df44814805d3	1593	F	0644	research/spikes/cursor-sdk-tier1/node_modules/zod/src/v3/benchmarks/discriminatedUnion.ts
27f4322ad98e28575d5849a7612c6acea55cd5be8a1571d1885a656e8a9d5620	1582	F	0644	research/spikes/cursor-sdk-tier1/node_modules/zod/src/v3/benchmarks/index.ts
3ef475926d7e95a5880cd9d7bd780f98642189010046bb9748e27e50360da333	1818	F	0644	research/spikes/cursor-sdk-tier1/node_modules/zod/src/v3/benchmarks/ipv4.ts
ea0f6d4b3e2c6f47bf1739a53473997da4aaacc1e5f59e57f00cfb6b7f59a4e5	1623	F	0644	research/spikes/cursor-sdk-tier1/node_modules/zod/src/v3/benchmarks/object.ts
706d51c7048aff5108dd71b33b5c66d354a6856be0a48b23bc32e55d284c31d0	3489	F	0644	research/spikes/cursor-sdk-tier1/node_modules/zod/src/v3/benchmarks/primitives.ts
9bcc944a5e875ca191ca10542c113dde3c754e45a196400726f251b045e14215	1157	F	0644	research/spikes/cursor-sdk-tier1/node_modules/zod/src/v3/benchmarks/realworld.ts
ed17ef186249dc4f1da01a2d5e0bd3c87da6d0d2dcad89e8afa05e0920d98536	1257	F	0644	research/spikes/cursor-sdk-tier1/node_modules/zod/src/v3/benchmarks/string.ts
9eec8e3e58cb4d3dd76be11874187f71a99c27e06c639de0cc9d8d928687fe0a	1525	F	0644	research/spikes/cursor-sdk-tier1/node_modules/zod/src/v3/benchmarks/union.ts
cb8debd524102d5a38dbaadd72b220f68349dbac51ac9663569c1807f64b3772	305	F	0644	research/spikes/cursor-sdk-tier1/node_modules/zod/src/v3/errors.ts
5d26d2e47e2352def36f89a3e8bf8581da22b7f857e07ef3114cd52cf4813445	205	F	0644	research/spikes/cursor-sdk-tier1/node_modules/zod/src/v3/external.ts
dffcb43b363e6804128c415c128c32dbbda302049cfce7662b2f0e17eeae044e	604	F	0644	research/spikes/cursor-sdk-tier1/node_modules/zod/src/v3/helpers/enumUtil.ts
808aa0875577c556006ca193a5d4bd35a2ade57e50e09199fd9cbf6e780f0a31	408	F	0644	research/spikes/cursor-sdk-tier1/node_modules/zod/src/v3/helpers/errorUtil.ts
cb94690c02dce392b98ca364de0d4b24f42db715fbb1759a08bcfb7fa6674645	5279	F	0644	research/spikes/cursor-sdk-tier1/node_modules/zod/src/v3/helpers/parseUtil.ts
68848db44869461bc20373abdcd002e32cb3759e2d5801ba3d9894d2c23db0b1	1019	F	0644	research/spikes/cursor-sdk-tier1/node_modules/zod/src/v3/helpers/partialUtil.ts
d3cfde44f8089768ebb08098c96d01ca260b88bccf238d55eee93f1c620ff5a5	135	F	0644	research/spikes/cursor-sdk-tier1/node_modules/zod/src/v3/helpers/typeAliases.ts
df1b9ea5a29a591f273555e240142431617e686aa6a97f172193770c26841a52	6206	F	0644	research/spikes/cursor-sdk-tier1/node_modules/zod/src/v3/helpers/util.ts
3db2efd285e7328d8014b54a7fce3f4861ebcdc655df40517092ed0050983617	99	F	0644	research/spikes/cursor-sdk-tier1/node_modules/zod/src/v3/index.ts
f729055c5f4acb839084e5c66c80bdecca02a78df6b048224e56e634322cb223	5134	F	0644	research/spikes/cursor-sdk-tier1/node_modules/zod/src/v3/locales/en.ts
e14e38f67bfc8d76e208366f639b73b3292f2bd46c97a44f43535c2389927ece	2678	F	0644	research/spikes/cursor-sdk-tier1/node_modules/zod/src/v3/standard-schema.ts
d629da33805d24b17d1f6383009acfbf3b769bd4f2d8191a9720d68e4e64ab7d	4753	F	0644	research/spikes/cursor-sdk-tier1/node_modules/zod/src/v3/tests/all-errors.test.ts
fac8ebb9d3007f7ef1ea320eed85b22b3248fde6bb1fe645a1a513b69442c014	673	F	0644	research/spikes/cursor-sdk-tier1/node_modules/zod/src/v3/tests/anyunknown.test.ts
e7d3813182c59e511d350bebbd2a25b349868cc73d057b23b1d85a4d927b3711	1939	F	0644	research/spikes/cursor-sdk-tier1/node_modules/zod/src/v3/tests/array.test.ts
45f829362cc917d9505e244ea0d9a06d71a1953747dc31e57780388e82ad5afa	12639	F	0644	research/spikes/cursor-sdk-tier1/node_modules/zod/src/v3/tests/async-parsing.test.ts
cfd6752223678338c949f1716deeff8c18807f31343d6a4544f494d10e5acf60	1603	F	0644	research/spikes/cursor-sdk-tier1/node_modules/zod/src/v3/tests/async-refinements.test.ts
989d8ff33e43dbeb3d08d8f659a3269d22fb573a86d48c72da58ab84e484e532	782	F	0644	research/spikes/cursor-sdk-tier1/node_modules/zod/src/v3/tests/base.test.ts
799b38ffff2d2a977493846e127d6f76e5cdb346d8886a2d2c76616253170f45	1977	F	0644	research/spikes/cursor-sdk-tier1/node_modules/zod/src/v3/tests/bigint.test.ts
d0d7213caa6b727fe72a4bd99631984c4038ecbe8f67001840b447ca4b2085b0	1734	F	0644	research/spikes/cursor-sdk-tier1/node_modules/zod/src/v3/tests/branded.test.ts
e4b1727836b5cdca66337af180a756fab2b712f61d49d17326a90c0a54080be5	6550	F	0644	research/spikes/cursor-sdk-tier1/node_modules/zod/src/v3/tests/catch.test.ts
30dec33039db38b3c2baecbee09c74afc1d9adc68a6229a35628a1bac4539db9	6650	F	0644	research/spikes/cursor-sdk-tier1/node_modules/zod/src/v3/tests/coerce.test.ts
51d676be11ddb5a0b987471c6e49b819b4f6b2aba77fa23565deb4591439cf40	1914	F	0644	research/spikes/cursor-sdk-tier1/node_modules/zod/src/v3/tests/complex.test.ts
6837c23478b39dc6304a98bbbba4a1df9b973d40f6243f0939bfbc339d96b01d	950	F	0644	research/spikes/cursor-sdk-tier1/node_modules/zod/src/v3/tests/custom.test.ts
7d352eab070ae8f4fcbc61674f6b238159699ec4b96754ec1aac0cac74091c34	983	F	0644	research/spikes/cursor-sdk-tier1/node_modules/zod/src/v3/tests/date.test.ts
8b6cef1cdb8eb422ebb50b24e4f88742f13eaf0abf83b08a3980f2406a4b6ac6	5215	F	0644	research/spikes/cursor-sdk-tier1/node_modules/zod/src/v3/tests/deepmasking.test.ts
92067a119b984ab2750a1eba8e1a5573276aeaed95056e9e283f4a3bb54e5d5e	3527	F	0644	research/spikes/cursor-sdk-tier1/node_modules/zod/src/v3/tests/default.test.ts
f1b75327fd817bb63c3b2e3be0ff9aff7511e2a391713756d8cb26cbfd3d5aa5	1323	F	0644	research/spikes/cursor-sdk-tier1/node_modules/zod/src/v3/tests/description.test.ts
5bd00d9f7eeac9dd60faa03af58b5a915040f54b93ff77c4eab0d4a18f8b9e9c	8537	F	0644	research/spikes/cursor-sdk-tier1/node_modules/zod/src/v3/tests/discriminated-unions.test.ts
3fcf9f740cd53f52431abda4c61a3732dde44c3a9f1033159e9c0c92fcebd09a	2737	F	0644	research/spikes/cursor-sdk-tier1/node_modules/zod/src/v3/tests/enum.test.ts
1c77f7fefb917210ac238159c8116bd159158c260008bb6fd2f8a91ba9e55538	16812	F	0644	research/spikes/cursor-sdk-tier1/node_modules/zod/src/v3/tests/error.test.ts
9906d7da8e62f7b9b7e5cd9553bea0872ad8a0b259214034108cec8a624cfc1d	2391	F	0644	research/spikes/cursor-sdk-tier1/node_modules/zod/src/v3/tests/firstparty.test.ts
9be5a0881151df777293172088b2039ed7e1e6f4a98a7557cdd0211f108c9b96	788	F	0644	research/spikes/cursor-sdk-tier1/node_modules/zod/src/v3/tests/firstpartyschematypes.test.ts
93b2a5008501e4d883c838e567a6d3da18f88f31fb71a7ba5615664572f89783	6578	F	0644	research/spikes/cursor-sdk-tier1/node_modules/zod/src/v3/tests/function.test.ts
d1a4c54239acff333f76231084c48133257fefe14f504d0cab055979b5a9e723	1523	F	0644	research/spikes/cursor-sdk-tier1/node_modules/zod/src/v3/tests/generics.test.ts
b11897351fcf312dee317408b7aa27929ba37538c468588429f4f4ae3c5fa4ce	1154	F	0644	research/spikes/cursor-sdk-tier1/node_modules/zod/src/v3/tests/instanceof.test.ts
c560d1fbca45e049f07eb2a382f7ee4c678164825cf5725b014312eac9412c8c	3091	F	0644	research/spikes/cursor-sdk-tier1/node_modules/zod/src/v3/tests/intersection.test.ts
aeb84d6fb14e6511a3509a0545770d869986f397ee02da640730d4ff97c6be4a	1275	F	0644	research/spikes/cursor-sdk-tier1/node_modules/zod/src/v3/tests/language-server.source.ts
c75a03c145d1b0f28c62cba881aae1db600912a1df3be99d1996a18da776c498	8318	F	0644	research/spikes/cursor-sdk-tier1/node_modules/zod/src/v3/tests/language-server.test.ts
a22faed6c08e04c75d6bb0180d5e1fafc4645b15445a479f338016ee4855c362	1063	F	0644	research/spikes/cursor-sdk-tier1/node_modules/zod/src/v3/tests/literal.test.ts
bb52432835e9fa70a94f444fc9e7c2d8e6ac5eb905cc3b8ae54846e52fa57360	3545	F	0644	research/spikes/cursor-sdk-tier1/node_modules/zod/src/v3/tests/map.test.ts
557f4bc4d8f4ab29afd87f07cf70fa4de60d765fc86fbc5eb4b788f34dd825a2	85	F	0644	research/spikes/cursor-sdk-tier1/node_modules/zod/src/v3/tests/masking.test.ts
46f64d2995e29c5838189ed10cd1b185b44c33dbc21418364a80ac19f285362b	389	F	0644	research/spikes/cursor-sdk-tier1/node_modules/zod/src/v3/tests/mocker.test.ts
b7732bb15ed6ab38f61dd4a15f088af109b0a99eccb50cdd9f542a17bb935f5e	1341	F	0644	research/spikes/cursor-sdk-tier1/node_modules/zod/src/v3/tests/Mocker.ts
2ef6416fc58f94964cb889d28f8b7019a90365d24229d8146c845b8c7b0b8610	587	F	0644	research/spikes/cursor-sdk-tier1/node_modules/zod/src/v3/tests/nan.test.ts
6f64363193a447f71a8aa5440461bdb5451c6c4433fb4fca785ef4798d5b52fb	2344	F	0644	research/spikes/cursor-sdk-tier1/node_modules/zod/src/v3/tests/nativeEnum.test.ts
c51336535632e1404455bca333ccafc143191600047251a3e3e13f551693c516	1172	F	0644	research/spikes/cursor-sdk-tier1/node_modules/zod/src/v3/tests/nullable.test.ts
d56a65ec9bc03482c2b23eecb97c5213b564b5aaafeaf205d2a1f54a2c91e1d8	6373	F	0644	research/spikes/cursor-sdk-tier1/node_modules/zod/src/v3/tests/number.test.ts
69777e89506b2d8157c98e176dde94a7c664db7228485c52a18154ac4b794382	569	F	0644	research/spikes/cursor-sdk-tier1/node_modules/zod/src/v3/tests/object-augmentation.test.ts
687d2c52ddaaca24ab3d3e301cba042a7560888570af23b50a0597d3012d500c	778	F	0644	research/spikes/cursor-sdk-tier1/node_modules/zod/src/v3/tests/object-in-es5-env.test.ts
11635f1db70a587205bb58bee8bd6385af2e3f44711037df033994181538e5e0	11772	F	0644	research/spikes/cursor-sdk-tier1/node_modules/zod/src/v3/tests/object.test.ts
0edb7a6478e931bf256f3d71d1367d2b8199b4082101dba97cc306e4dc3c92c9	1222	F	0644	research/spikes/cursor-sdk-tier1/node_modules/zod/src/v3/tests/optional.test.ts
7c8b720c921618f6c89eb08eae80ba45602fa04dafe9c7b9b861512954d70f9b	1125	F	0644	research/spikes/cursor-sdk-tier1/node_modules/zod/src/v3/tests/parser.test.ts
822a6d836b05ab38eadf26592420eba6be694dc7c1d654388efbb601af00c288	869	F	0644	research/spikes/cursor-sdk-tier1/node_modules/zod/src/v3/tests/parseUtil.test.ts
2fe9fe6cdfa085eed053894acdd3ef32c5425f7da0aa81ea1043c737fcd7cf41	6996	F	0644	research/spikes/cursor-sdk-tier1/node_modules/zod/src/v3/tests/partials.test.ts
cd05293952b5fb0ca26eeb9ba6cd69a26f58fa5c62eb35f9ce1eb1ac9e00ccd6	3622	F	0644	research/spikes/cursor-sdk-tier1/node_modules/zod/src/v3/tests/pickomit.test.ts
b285aac721b744da8c5a0a093c9ed57244643e1e333df576922e67bfaa9e16ab	823	F	0644	research/spikes/cursor-sdk-tier1/node_modules/zod/src/v3/tests/pipeline.test.ts
7433e95a0504f7a250b7beaac30a5e8f500c315d99b3badb978a0b28ed7a61dd	4530	F	0644	research/spikes/cursor-sdk-tier1/node_modules/zod/src/v3/tests/preprocess.test.ts
d0214e93de931a8e6b89b3cb89df1cbf7299d6be00abcdde71ffdcb811953dea	12215	F	0644	research/spikes/cursor-sdk-tier1/node_modules/zod/src/v3/tests/primitive.test.ts
c03c19525c56cea7808d982bd23ba89b5a48db13934e8d4824e13ee0a249d19b	2490	F	0644	research/spikes/cursor-sdk-tier1/node_modules/zod/src/v3/tests/promise.test.ts
dc0ffe451674c8938b67bdcb63deff7958dd1f0e5ec69a485bba470c978817c1	7339	F	0644	research/spikes/cursor-sdk-tier1/node_modules/zod/src/v3/tests/readonly.test.ts
ebefc7ad59b2246787408efe7aaf2f7beec0b5c90c70e79990dcbf241c2d6c95	3735	F	0644	research/spikes/cursor-sdk-tier1/node_modules/zod/src/v3/tests/record.test.ts
9ccc037ef698ceeb4e6986e02aaee71ff318c4dc0f875b9253bff6ba14db9137	3946	F	0644	research/spikes/cursor-sdk-tier1/node_modules/zod/src/v3/tests/recursive.test.ts
2f3a329952b6f0109028a142225d719b05307a18f7395297711f725b599933f8	8172	F	0644	research/spikes/cursor-sdk-tier1/node_modules/zod/src/v3/tests/refine.test.ts
5aa7597109dea6647d0ab022a4aab694c44acfeae53386ea6366b806fbd3e872	628	F	0644	research/spikes/cursor-sdk-tier1/node_modules/zod/src/v3/tests/safeparse.test.ts
eeadd9dabd30b857c5de8526503cb1e5c8b6aa45a99c4708958ca1f822bb3da2	4788	F	0644	research/spikes/cursor-sdk-tier1/node_modules/zod/src/v3/tests/set.test.ts
f74076e43f44c887b3bf7d26d5ec686b8070359e63fe373e6c45b6c7708c025c	2587	F	0644	research/spikes/cursor-sdk-tier1/node_modules/zod/src/v3/tests/standard-schema.test.ts
d7b03d5aff0fe84fec31779e1f00774a10cb17c47a3f288766835eb5bee9eb5b	65623	F	0644	research/spikes/cursor-sdk-tier1/node_modules/zod/src/v3/tests/string.test.ts
e3da81596e0077326f442153a741c9ba25669b8b5eb025a8ea7fc1eb0106faf7	5687	F	0644	research/spikes/cursor-sdk-tier1/node_modules/zod/src/v3/tests/transformer.test.ts
e8a48c8791387c94076c7eee8c9b7e18712a45356c7167f7c43bedd54544614f	2691	F	0644	research/spikes/cursor-sdk-tier1/node_modules/zod/src/v3/tests/tuple.test.ts
0c32f20d663b30438bb8ff834b7f066722160720a25a90e6513a66b9baa4604d	1540	F	0644	research/spikes/cursor-sdk-tier1/node_modules/zod/src/v3/tests/unions.test.ts
10ae103a7c7d9e5ce8bdacf9ef30bc44a52cdadf64fe365f492d27dcb432b482	3826	F	0644	research/spikes/cursor-sdk-tier1/node_modules/zod/src/v3/tests/validations.test.ts
6bdad3b7ba624eb3bd03c0bfea611de46c10aba62d03df9bd2ba49bafedc15cb	349	F	0644	research/spikes/cursor-sdk-tier1/node_modules/zod/src/v3/tests/void.test.ts
70309a0877c35d036842e291fe7c8a4439d5db49411d233f8a22bf8a59c41419	160294	F	0644	research/spikes/cursor-sdk-tier1/node_modules/zod/src/v3/types.ts
e4386fe8f2a49d774c7e1aff4c015c125ac4a0dcf70d5aa6883f167278ca141f	8991	F	0644	research/spikes/cursor-sdk-tier1/node_modules/zod/src/v3/ZodError.ts
37ff13c8056beb33a1e57d6520cf4ee5a4fc080232388332c3a7ca11a4a17634	698	F	0644	research/spikes/cursor-sdk-tier1/node_modules/zod/src/v4/classic/checks.ts
9cf6429965d7d55dc4e50999af50cbad5b57b5f3372bba13038133aba62ba600	1503	F	0644	research/spikes/cursor-sdk-tier1/node_modules/zod/src/v4/classic/coerce.ts
9d557456b44386d80b209c64e77f4845f19bce0ae7655e933470143fe60bd373	2005	F	0644	research/spikes/cursor-sdk-tier1/node_modules/zod/src/v4/classic/compat.ts
616a53e9b9a9bcc456e34cee36960034f4a13eb168e797a5561c59a0c4151468	2664	F	0644	research/spikes/cursor-sdk-tier1/node_modules/zod/src/v4/classic/errors.ts
a3b40ca2beb00aeed1fb8a9fe7f7dca52e2e976ef32aa64d37b651dd3938c34a	1066	F	0644	research/spikes/cursor-sdk-tier1/node_modules/zod/src/v4/classic/external.ts
8f199f0404574864bd10cac8311858f39d50d418609a0ef089dfd444d4977840	100	F	0644	research/spikes/cursor-sdk-tier1/node_modules/zod/src/v4/classic/index.ts
e3215f0650c1256d63299dec334fbbcb0b92517286618f1c24223b5294fd5fb4	3182	F	0644	research/spikes/cursor-sdk-tier1/node_modules/zod/src/v4/classic/iso.ts
2ac3113c9bad01c976dbc391c09784961906481ceedc8f0b4afc7aab9e59f61c	1439	F	0644	research/spikes/cursor-sdk-tier1/node_modules/zod/src/v4/classic/parse.ts
f6856027f9db1203568f4bee15f3ef0a3b9248b6b5e47de2d94bdb4695580ddf	71929	F	0644	research/spikes/cursor-sdk-tier1/node_modules/zod/src/v4/classic/schemas.ts
c5fbbcc05862414d2bf8d8c33e90b15f07d2542e56408e668bc4ab8dcdae5758	639	F	0644	research/spikes/cursor-sdk-tier1/node_modules/zod/src/v4/classic/tests/anyunknown.test.ts
8d36da9c0f9942d75d0e442bf3d85475634ccffe4a5fd154f4624f0e8bc58891	7284	F	0644	research/spikes/cursor-sdk-tier1/node_modules/zod/src/v4/classic/tests/array.test.ts
40dfb44f27f5ca10cd854d050e203a228ef616424eda3ade56e0a1e70bb34c92	6790	F	0644	research/spikes/cursor-sdk-tier1/node_modules/zod/src/v4/classic/tests/assignability.test.ts
5854e0b2712dea24b27f8d0b5dad384e06eaa785539e1388df941fb4fe6ff80b	12311	F	0644	research/spikes/cursor-sdk-tier1/node_modules/zod/src/v4/classic/tests/async-parsing.test.ts
ac573cf82efdba4cf92c86ac959f63177c4622338609848869f778c0d125cdb2	1867	F	0644	research/spikes/cursor-sdk-tier1/node_modules/zod/src/v4/classic/tests/async-refinements.test.ts
0401d2c75ed792b13bf811fc77801c485b89671460a4d52439cf1908fe94f2b7	179	F	0644	research/spikes/cursor-sdk-tier1/node_modules/zod/src/v4/classic/tests/base.test.ts
85cbf87b9df6b154ad7d3f5df030b38fb2c2761dcbc2d4a2ddc7ba06de95433d	1956	F	0644	research/spikes/cursor-sdk-tier1/node_modules/zod/src/v4/classic/tests/bigint.test.ts
bceffeda14e55a4c6f6d4f2e30fe9a1d8d1199d50bae767c0ac0c4d4aeb41414	2206	F	0644	research/spikes/cursor-sdk-tier1/node_modules/zod/src/v4/classic/tests/brand.test.ts
a6c49071dbdb2ccda9fc440b756c48d25cbd875d69a645d815818e73490702e8	7224	F	0644	research/spikes/cursor-sdk-tier1/node_modules/zod/src/v4/classic/tests/catch.test.ts
e03d0cc88ac34605b99061da2e0ce22a7e7fbca0467819096994bcf63bb5b8f9	743	F	0644	research/spikes/cursor-sdk-tier1/node_modules/zod/src/v4/classic/tests/coalesce.test.ts
b1c494141f3120e5f4253c2bbe1131468d32281e8a9513f27fb40fee3142b55a	7736	F	0644	research/spikes/cursor-sdk-tier1/node_modules/zod/src/v4/classic/tests/coerce.test.ts
addc223e09ff1a22db31b59c0eaaa304efb37f3f60ec6b1c1b9cf461c50cf329	7478	F	0644	research/spikes/cursor-sdk-tier1/node_modules/zod/src/v4/classic/tests/continuability.test.ts
130ec42a9e192f5b4f43a890303921cb0ec7f1e878a4f0d6a1aacfe863ff1b91	1215	F	0644	research/spikes/cursor-sdk-tier1/node_modules/zod/src/v4/classic/tests/custom.test.ts
e578d7bea1019b22cbc675788e5cc7123f9c3fc2ed90e8a8cb222ddb0cdb8b76	962	F	0644	research/spikes/cursor-sdk-tier1/node_modules/zod/src/v4/classic/tests/date.test.ts
fa5c665db57852446b234e6c3e14254b7165cfdab30f85e5218f72162793c5c6	11511	F	0644	research/spikes/cursor-sdk-tier1/node_modules/zod/src/v4/classic/tests/datetime.test.ts
5e1e962bd61a821dd45d88c09ec113ac8d437643e59e8b916aacd09be0b154dc	7717	F	0644	research/spikes/cursor-sdk-tier1/node_modules/zod/src/v4/classic/tests/default.test.ts
c7f59501ffad7792ae76c178e6098de70c3da062280dc788f3354187335cfd8f	1294	F	0644	research/spikes/cursor-sdk-tier1/node_modules/zod/src/v4/classic/tests/description.test.ts
1e941800f7a4ad1d707f2c7353cde717b52be4efa2b8ee3ad60f51dcbd592af6	16810	F	0644	research/spikes/cursor-sdk-tier1/node_modules/zod/src/v4/classic/tests/discriminated-unions.test.ts
2a76a8b5c6116fb06a249284afaf3aba4512a790264f86871857a0b5f6af7650	8488	F	0644	research/spikes/cursor-sdk-tier1/node_modules/zod/src/v4/classic/tests/enum.test.ts
880465a75977884b5320dba67c8847e26dd6b0872bf99f51756c1c88f397f6d1	12572	F	0644	research/spikes/cursor-sdk-tier1/node_modules/zod/src/v4/classic/tests/error-utils.test.ts
f38b436b7cba83cb35993e05fc7feeb7e8e1dc6695dd069936e232412f6fce5a	19502	F	0644	research/spikes/cursor-sdk-tier1/node_modules/zod/src/v4/classic/tests/error.test.ts
9ebf98c95623b652462ca6664d4a1f48e9ba864965cf0a9080ccbfdf7dee75ea	2460	F	0644	research/spikes/cursor-sdk-tier1/node_modules/zod/src/v4/classic/tests/file.test.ts
26ba2289e27be3028f3c21f425a1a0ef03655a54c8a9084ba4017154f03472a2	2977	F	0644	research/spikes/cursor-sdk-tier1/node_modules/zod/src/v4/classic/tests/firstparty.test.ts
28f467e2f3bb3b6ee22292c34928408ec67e0e61d0d88a0e1959906be72d4c82	6299	F	0644	research/spikes/cursor-sdk-tier1/node_modules/zod/src/v4/classic/tests/function.test.ts
e4dc0d13796ff0d0ef8b5286dd168afec62ddeef66fae429cc9860b2bbd8f80b	2162	F	0644	research/spikes/cursor-sdk-tier1/node_modules/zod/src/v4/classic/tests/generics.test.ts
d64878142f8b74db804f693f4748f2733bd886c72f79abe7eb2c32c38e69a4d0	27562	F	0644	research/spikes/cursor-sdk-tier1/node_modules/zod/src/v4/classic/tests/index.test.ts
483a97ca348233bcf363859b2354dd6f1974d131091cc6b1953f8ae974b27503	1052	F	0644	research/spikes/cursor-sdk-tier1/node_modules/zod/src/v4/classic/tests/instanceof.test.ts
f443b615937d929a381a7a8b1b0ec17f63f1514e8a5d8059d63e4ad4d52c1334	4763	F	0644	research/spikes/cursor-sdk-tier1/node_modules/zod/src/v4/classic/tests/intersection.test.ts
ee8aeddf8696bb9dc97d360217b4140ed9434ec6c6e8598ccda18094c6981c2d	3309	F	0644	research/spikes/cursor-sdk-tier1/node_modules/zod/src/v4/classic/tests/json.test.ts
4c3c1ac8620955f7f19713771ef48d8401fa0deecd0e1dfda205fecf89f8c8cc	4756	F	0644	research/spikes/cursor-sdk-tier1/node_modules/zod/src/v4/classic/tests/lazy.test.ts
0578ee6c51da101e10bc4c6d3ffc8d83d7f94ab105c13f1885099fa83ecff75c	2478	F	0644	research/spikes/cursor-sdk-tier1/node_modules/zod/src/v4/classic/tests/literal.test.ts
2847a83a1ab7c56e6bc75f16589ebc732eac91a4b9a4ed95b347669a47b116af	4817	F	0644	research/spikes/cursor-sdk-tier1/node_modules/zod/src/v4/classic/tests/map.test.ts
2ff494cc0c8c785f29b0b4c2eff2e93b3f829b518266d78a05ee40fea9ffc11a	645	F	0644	research/spikes/cursor-sdk-tier1/node_modules/zod/src/v4/classic/tests/nan.test.ts
8e3f3492563a93adaded8b352e03a087f1c5c2f6a5fbc853ca4e2706ea006799	3623	F	0644	research/spikes/cursor-sdk-tier1/node_modules/zod/src/v4/classic/tests/nested-refine.test.ts
da7b649ce80f3248cd05be85ef8f63792aa6cbc5fe58befac8bc790f02025867	2405	F	0644	research/spikes/cursor-sdk-tier1/node_modules/zod/src/v4/classic/tests/nonoptional.test.ts
a749dc3a8ca78ac05c94abd82958c692b492e4ed6d93c6c05ad1b9a769067850	591	F	0644	research/spikes/cursor-sdk-tier1/node_modules/zod/src/v4/classic/tests/nullable.test.ts
44d7346f9c765483b604cd7869be015f81579becde3e879eade3040a657231a9	7827	F	0644	research/spikes/cursor-sdk-tier1/node_modules/zod/src/v4/classic/tests/number.test.ts
ad4cf34a3db6643b7ee1072f0a3e7a4a0036152c981b1e249a74a855a913c759	15999	F	0644	research/spikes/cursor-sdk-tier1/node_modules/zod/src/v4/classic/tests/object.test.ts
2ca447d5e92099d96cea6cc9f8877d21bba026f55bfef4968af20d8c787ebd44	4130	F	0644	research/spikes/cursor-sdk-tier1/node_modules/zod/src/v4/classic/tests/optional.test.ts
6fcf3fcbb6e19a3fdf1aad13e5531bbe4de0854421387f57c8c43405f69dc50d	4835	F	0644	research/spikes/cursor-sdk-tier1/node_modules/zod/src/v4/classic/tests/partial.test.ts
2584e0ff35c59cbc78f20bf80654765d40cac0d395379e245324deb70683db1d	4422	F	0644	research/spikes/cursor-sdk-tier1/node_modules/zod/src/v4/classic/tests/pickomit.test.ts
0dfc01a67876a1dd328ca9a8584e9f1b38bed1b1c608c4f21d9b712b933508c8	1848	F	0644	research/spikes/cursor-sdk-tier1/node_modules/zod/src/v4/classic/tests/pipe.test.ts
f4544f6e42b1a2393ab4ade9d263c51c33d5c5da1d40a033d74eb15efc0f6c55	1007	F	0644	research/spikes/cursor-sdk-tier1/node_modules/zod/src/v4/classic/tests/prefault.test.ts
5ee79d5e0bf31a7f096a8325a7dcbe03d131a84ed7902f4b6bb87d373d614dcf	6959	F	0644	research/spikes/cursor-sdk-tier1/node_modules/zod/src/v4/classic/tests/preprocess.test.ts
b5a2f74d03039eff1d20229ab35594d1e9a808dc50b943e802724525338f9f1f	7649	F	0644	research/spikes/cursor-sdk-tier1/node_modules/zod/src/v4/classic/tests/primitive.test.ts
b7d58a54d480429314f23cd52c2a78baefaa5c1e87f4bfd0b13a9e30d586c754	2315	F	0644	research/spikes/cursor-sdk-tier1/node_modules/zod/src/v4/classic/tests/promise.test.ts
c6e493d089995c8aecc728b99bd2dbcb6f56137be4537c3e2fd657838c582ebc	498	F	0644	research/spikes/cursor-sdk-tier1/node_modules/zod/src/v4/classic/tests/prototypes.test.ts
c2ddd379f4e85caa2856ba0b784c44be87c079cef18ba4108ba698fa9fecb611	11777	F	0644	research/spikes/cursor-sdk-tier1/node_modules/zod/src/v4/classic/tests/readonly.test.ts
23dd2a799c68650acbe4f0bb99988581de9940479934ec6de6f8da67f1500399	8118	F	0644	research/spikes/cursor-sdk-tier1/node_modules/zod/src/v4/classic/tests/record.test.ts
70d45e201cf3520c5893234c84fd00b6d4cca7dc587ef11aa4b8b068a98cb1a2	7335	F	0644	research/spikes/cursor-sdk-tier1/node_modules/zod/src/v4/classic/tests/recursive-types.test.ts
510c59093ee7a57558b8b25c822af455f43045a4dfc0f119c8e92099f8cfc312	14774	F	0644	research/spikes/cursor-sdk-tier1/node_modules/zod/src/v4/classic/tests/refine.test.ts
4325f184075634098ec061b2b6070bc7b27c55301191a444d41662e029ce6e33	5999	F	0644	research/spikes/cursor-sdk-tier1/node_modules/zod/src/v4/classic/tests/registries.test.ts
77be696949b34eddb5f9c16d2caf0a27d8389c515c0e0aad7ec00b4e91e9dc22	5572	F	0644	research/spikes/cursor-sdk-tier1/node_modules/zod/src/v4/classic/tests/set.test.ts
af5fef06f1d9f695d39842ae98c29555f05c432d2fe5abd361a20c748de39c7c	1369	F	0644	research/spikes/cursor-sdk-tier1/node_modules/zod/src/v4/classic/tests/standard-schema.test.ts
b80906e216a5e1762471e6518df2159b6a589e1b45f6c3fc72aa8df0f3bae2e4	3068	F	0644	research/spikes/cursor-sdk-tier1/node_modules/zod/src/v4/classic/tests/string-formats.test.ts
f609cea8c29427b7ca6f4e018b682089a8c696364bec3181073a1b9f984be2ca	64124	F	0644	research/spikes/cursor-sdk-tier1/node_modules/zod/src/v4/classic/tests/string.test.ts
4745386ff3960d60bb2eec388857a9f9c0981096ac2b87254ca54b5957d15d7a	2333	F	0644	research/spikes/cursor-sdk-tier1/node_modules/zod/src/v4/classic/tests/stringbool.test.ts
046c9a2be0f13d16d5213d0ba8c228b9bd656854f8a44a52343e3d369736142f	34836	F	0644	research/spikes/cursor-sdk-tier1/node_modules/zod/src/v4/classic/tests/template-literal.test.ts
23f0b5d18ab1c24b22f2875a1cc21bad471b1fbc0ea4dbac78bcef26d5dfe7db	59276	F	0644	research/spikes/cursor-sdk-tier1/node_modules/zod/src/v4/classic/tests/to-json-schema.test.ts
ca1bc8fc297cef33f3580232d64e9eefde3cf16cdad28af4e46f38be91cfb282	6000	F	0644	research/spikes/cursor-sdk-tier1/node_modules/zod/src/v4/classic/tests/transform.test.ts
5a3bc2d55d560fa267483c68ff165a79861bd57351c9e08a0bc50249141a0ceb	4702	F	0644	research/spikes/cursor-sdk-tier1/node_modules/zod/src/v4/classic/tests/tuple.test.ts
7c4e81f8210d3c99c1ee27210c226b23fa0fa3b7587930ea208d5aa278683430	2497	F	0644	research/spikes/cursor-sdk-tier1/node_modules/zod/src/v4/classic/tests/union.test.ts
b2dd61b3b20b082cee04ef5d988cb4852909f9f0e71bbaf2a91f1a681bc674be	6736	F	0644	research/spikes/cursor-sdk-tier1/node_modules/zod/src/v4/classic/tests/validations.test.ts
a1e5ff5f759a09e192764d4f153443bc5735cf8b6db6d810e21f0dddb414e805	306	F	0644	research/spikes/cursor-sdk-tier1/node_modules/zod/src/v4/classic/tests/void.test.ts
b3a902d6da03bcba163aeaa3fdcba08810f5d7f049db70fbf71a6181c674abda	47508	F	0644	research/spikes/cursor-sdk-tier1/node_modules/zod/src/v4/core/api.ts
91b8ebf3b4ceb2085d3c78d6ca9b60008ca35bb51fb06b6788506c98eff29d05	37301	F	0644	research/spikes/cursor-sdk-tier1/node_modules/zod/src/v4/core/checks.ts
3c3ec0c03ee7387685f7a5e0155d9d55f251ffe4cfb5f4447bcbd380aed3d847	472	F	0644	research/spikes/cursor-sdk-tier1/node_modules/zod/src/v4/core/config.ts
a4ab07ede271305f79ecd230a5005e31dd11366e326c4c598203a4408ec38c0a	4756	F	0644	research/spikes/cursor-sdk-tier1/node_modules/zod/src/v4/core/core.ts
9dcdf874891a1da7d298ef50bbbed6cb5c7d623191169094155a85d3c99d9b2b	1192	F	0644	research/spikes/cursor-sdk-tier1/node_modules/zod/src/v4/core/doc.ts
f0fe9cc29714621ddb838ca7c2f361a3ed9da69ea56aa2367de29d43bd2eb47e	13154	F	0644	research/spikes/cursor-sdk-tier1/node_modules/zod/src/v4/core/errors.ts
6f6ca716a34ad66e3861d9a1371014c3669b5b2216cbf84376bbffdd971ef905	6285	F	0644	research/spikes/cursor-sdk-tier1/node_modules/zod/src/v4/core/function.ts
f5c8f2ef9603893e25ed86c7112cd2cc60d53e5387b9146c904bce3e707c55de	499	F	0644	research/spikes/cursor-sdk-tier1/node_modules/zod/src/v4/core/index.ts
873fc49d9ebabd391cf4c375d0cd1e7f37df845a60676f637e84ec980e05a192	3709	F	0644	research/spikes/cursor-sdk-tier1/node_modules/zod/src/v4/core/json-schema.ts
18824a99ce3c0be1a16faa8a63e297dfae4fa12152e1d317fc88d6f8c26e8905	3822	F	0644	research/spikes/cursor-sdk-tier1/node_modules/zod/src/v4/core/parse.ts
3d98827a5f73f4d748163a04860668fa321ce5bdfa5b0616d621af994e98f3ed	6953	F	0644	research/spikes/cursor-sdk-tier1/node_modules/zod/src/v4/core/regexes.ts
86f08542dfd2de84852dcd410dc27d106dfc5064847067031f65310165da5a01	2850	F	0644	research/spikes/cursor-sdk-tier1/node_modules/zod/src/v4/core/registries.ts
5910d2a181b6570189730578df0ff7c90bd7b2cda6ae1064026d236a47fb687d	118421	F	0644	research/spikes/cursor-sdk-tier1/node_modules/zod/src/v4/core/schemas.ts
a735603c641e08e97ac18157e4a427334ed7026ecc49ddb8abd8e3fc8d841294	2327	F	0644	research/spikes/cursor-sdk-tier1/node_modules/zod/src/v4/core/standard-schema.ts
f9a514f603c4350f532d14c5a3fd4748935c4ffb1ab90fa8e8df8671163a7524	1176	F	0644	research/spikes/cursor-sdk-tier1/node_modules/zod/src/v4/core/tests/index.test.ts
d6c1dbf1710130c39d58aa149c5f33cea1e445f05fda5fff6c6e6393358d699d	3778	F	0644	research/spikes/cursor-sdk-tier1/node_modules/zod/src/v4/core/tests/locales/be.test.ts
5bb1540b21984c313c14c4b6e91e14c8b4ec40dd42d0f30bdf24c04543971a29	837	F	0644	research/spikes/cursor-sdk-tier1/node_modules/zod/src/v4/core/tests/locales/en.test.ts
1944b0643c6ef9e194e5256515363d9f475eacb7339ff1745a7629ca38109dd8	3759	F	0644	research/spikes/cursor-sdk-tier1/node_modules/zod/src/v4/core/tests/locales/ru.test.ts
ac6abcbff8137f499ab657115612c32ceb9b0c12903e27f988e8a97d208d2652	3335	F	0644	research/spikes/cursor-sdk-tier1/node_modules/zod/src/v4/core/tests/locales/tr.test.ts
2c05bc179ea78f49de8f7db082c90ec1ba952a00b18471ca20380bb3b37bc547	32423	F	0644	research/spikes/cursor-sdk-tier1/node_modules/zod/src/v4/core/to-json-schema.ts
37260075a60848e723198288f17462435ae1bf0268278f992de19ddab8538479	22813	F	0644	research/spikes/cursor-sdk-tier1/node_modules/zod/src/v4/core/util.ts
fa850b33c60473698d81ee3ec6c7971bd130b12d766aafaacd661e7960f9fcd4	83	F	0644	research/spikes/cursor-sdk-tier1/node_modules/zod/src/v4/core/versions.ts
975e61b52c8de9fad0a0086952b9ee8a1abbacfa4489659529c53e80dd78094e	6677	F	0644	research/spikes/cursor-sdk-tier1/node_modules/zod/src/v4/core/zsf.ts
9f0dfd9a085d4ec23e8a073406300e4bffeb0fd3540b1f395c44b566f27d4d49	93	F	0644	research/spikes/cursor-sdk-tier1/node_modules/zod/src/v4/index.ts
94cc038af03f0b0c8b264c1c55f107c93aa4b17c8c39759cac69c69ed5d9663a	4985	F	0644	research/spikes/cursor-sdk-tier1/node_modules/zod/src/v4/locales/ar.ts
3d2f271c94a005a23cc831ed1a3a39167832f950048f6845bb5aab510e6b1188	4334	F	0644	research/spikes/cursor-sdk-tier1/node_modules/zod/src/v4/locales/az.ts
58396251205234d11850d154228b5cdbf96f7887f48b19d59ebc59a7c48adee7	6242	F	0644	research/spikes/cursor-sdk-tier1/node_modules/zod/src/v4/locales/be.ts
d76dc77da7f7d89c3625ed821e333474f964fbfb69ab256007491d483a7fd11c	4654	F	0644	research/spikes/cursor-sdk-tier1/node_modules/zod/src/v4/locales/ca.ts
cef69a633387974e6703cc4eca16c242f889fa3754bc559d9277b705e627a1c9	4834	F	0644	research/spikes/cursor-sdk-tier1/node_modules/zod/src/v4/locales/cs.ts
5abfa7d3751f211b66b833c8183c9614e371f9c987fa7baa60857135fec14d64	4369	F	0644	research/spikes/cursor-sdk-tier1/node_modules/zod/src/v4/locales/de.ts
f6e748ebd8de82a83281883a4180536070c96c2db4a159f23987b0e4a026c69d	4213	F	0644	research/spikes/cursor-sdk-tier1/node_modules/zod/src/v4/locales/en.ts
3c0a3c8f8be4c6aa1ad0f792d6b420c29aa7c4ca92dd4832078d0b25538505f5	4330	F	0644	research/spikes/cursor-sdk-tier1/node_modules/zod/src/v4/locales/eo.ts
424afd39773abbf41240be21f5449e621881592d39ab6617fee5c3c5cc68cb6f	4535	F	0644	research/spikes/cursor-sdk-tier1/node_modules/zod/src/v4/locales/es.ts
60b1d48339a83add0c5ab7b342072ee5112f868c7e0e66714aa7d2e6da005d13	4873	F	0644	research/spikes/cursor-sdk-tier1/node_modules/zod/src/v4/locales/fa.ts
2fe0d68b72a538a5bccffdf8ea27479e7321d26f0555e29cf827d33663c8e05f	4644	F	0644	research/spikes/cursor-sdk-tier1/node_modules/zod/src/v4/locales/fi.ts
c5ad7b6f17961f82dd13cd046532d0c7b668f7e464132b2f1a9e7d5b531e37e9	4392	F	0644	research/spikes/cursor-sdk-tier1/node_modules/zod/src/v4/locales/fr-CA.ts
da7a384cdf216c57feb3bbc3aef63a43b489a55353602888596b9f8b6e4027d7	4371	F	0644	research/spikes/cursor-sdk-tier1/node_modules/zod/src/v4/locales/fr.ts
50e7e62b9079e19baeff8890eb60757eaef186527d464baaf93ebb6bb3c2a048	4770	F	0644	research/spikes/cursor-sdk-tier1/node_modules/zod/src/v4/locales/he.ts
825c84d6fe0d5d1d410609df4efa20db893dd4c22eb93f2aa075f599fdec375b	4575	F	0644	research/spikes/cursor-sdk-tier1/node_modules/zod/src/v4/locales/hu.ts
8f61c1779a45459f0606edc8e5e85eba0bc79de96b9ae6d3af9753d77fab5027	4417	F	0644	research/spikes/cursor-sdk-tier1/node_modules/zod/src/v4/locales/id.ts
44b79738199273eb8e74fd2d343dcb99f102cda7870fd1531f31d4a8a10810f5	1616	F	0644	research/spikes/cursor-sdk-tier1/node_modules/zod/src/v4/locales/index.ts
28f0f40702fd7d91461ccbb466d1d1ab3fdc3a702707e1ed356ff5e51453345d	4464	F	0644	research/spikes/cursor-sdk-tier1/node_modules/zod/src/v4/locales/it.ts
87383f9f7101075eb087968f0d12084cdecf23a8e4af0b91ebf78ad8b788effb	4608	F	0644	research/spikes/cursor-sdk-tier1/node_modules/zod/src/v4/locales/ja.ts
f68820276449ef124e35fa38a1b1d784dc5b4411bf9ee7127ffdaae3393882d8	5925	F	0644	research/spikes/cursor-sdk-tier1/node_modules/zod/src/v4/locales/kh.ts
ca90a3c670657d1f59253534bbc5ca56b73549d9a500229c605f269650802361	4708	F	0644	research/spikes/cursor-sdk-tier1/node_modules/zod/src/v4/locales/ko.ts
536ccf5033c0153b424cafff555b7d4c6044b3bcc6ec73d65bca27c871d5be6b	5026	F	0644	research/spikes/cursor-sdk-tier1/node_modules/zod/src/v4/locales/mk.ts
689764fc38f037e660712af64ad285855c545762009cb7a8ad880ec6dfdf99df	4299	F	0644	research/spikes/cursor-sdk-tier1/node_modules/zod/src/v4/locales/ms.ts
cd4bf4207ff3a00fecb01b8d3cf56fa704d240b13f57527a5089f585aa657dc2	4206	F	0644	research/spikes/cursor-sdk-tier1/node_modules/zod/src/v4/locales/nl.ts
09548cb18fceb85bb5d76cd618b8a822db9d170290bd51bc39806620a39ecf88	4295	F	0644	research/spikes/cursor-sdk-tier1/node_modules/zod/src/v4/locales/no.ts
24bf7362b0b056f4fda7638b473401ecf218d3741f5face257735194a5328dee	4395	F	0644	research/spikes/cursor-sdk-tier1/node_modules/zod/src/v4/locales/ota.ts
09fe366cf11786b78a03c87c2224bac3358e629c944a232bbc32dc503ed19c47	4743	F	0644	research/spikes/cursor-sdk-tier1/node_modules/zod/src/v4/locales/pl.ts
a9c963e2339118f0c19b77e0743a8cf910c6edef62f189fb0a3643e336c2ffec	4666	F	0644	research/spikes/cursor-sdk-tier1/node_modules/zod/src/v4/locales/ps.ts
42f35b9c59c2bba49922ad3ada63b0408fe8de9b88807d6858af890ec255b622	4354	F	0644	research/spikes/cursor-sdk-tier1/node_modules/zod/src/v4/locales/pt.ts
99fff5403ea8c01263675e99ba7b80249fe3aa00dac829d1a20f8e26331268ac	6330	F	0644	research/spikes/cursor-sdk-tier1/node_modules/zod/src/v4/locales/ru.ts
a381cd500472dae38b617c0b32a4617b89ad9475218fd87bff0192f528ae787f	4359	F	0644	research/spikes/cursor-sdk-tier1/node_modules/zod/src/v4/locales/sl.ts
67aee549129f6f460bd500278347e13c96322a35f0c12c76aa3632cc3dbe724d	4449	F	0644	research/spikes/cursor-sdk-tier1/node_modules/zod/src/v4/locales/sv.ts
db63f8cc63fb88be90e822a0803e9c4b03bf96935182eb1c86229b4cc9300221	6055	F	0644	research/spikes/cursor-sdk-tier1/node_modules/zod/src/v4/locales/ta.ts
b1c1e68c1b1d81fe26ba945b6cbec2dc2c4138c94b243b6827dd6a156ac7181e	6011	F	0644	research/spikes/cursor-sdk-tier1/node_modules/zod/src/v4/locales/th.ts
57bfe52d1d8554cce8a2df4953cffea1fd69e59cd539fc0f8b54210abd1288ad	4252	F	0644	research/spikes/cursor-sdk-tier1/node_modules/zod/src/v4/locales/tr.ts
db64683bb605b98c1a75e64dce0debf3717d1c44d8d196091975d7cf0c348e4a	5332	F	0644	research/spikes/cursor-sdk-tier1/node_modules/zod/src/v4/locales/ua.ts
1a1f050550cfcefb762ca6d9f2c0f46550613a5ec4ec835c5786f40c8ae8daf9	5015	F	0644	research/spikes/cursor-sdk-tier1/node_modules/zod/src/v4/locales/ur.ts
c417610d93565c91c8e730fb510d56baa8024d6757f21be03c54ad31d662f5e0	4542	F	0644	research/spikes/cursor-sdk-tier1/node_modules/zod/src/v4/locales/vi.ts
a3d8b1bc3758099a6385f175f312f28505d15178d65557fd49db8bd686069cc0	4223	F	0644	research/spikes/cursor-sdk-tier1/node_modules/zod/src/v4/locales/zh-CN.ts
28b342ec5c1e2de8d2525893f4ee81407635fc500fa6560a74209513730eb8ae	4326	F	0644	research/spikes/cursor-sdk-tier1/node_modules/zod/src/v4/locales/zh-TW.ts
c4f16c0e97aa6f0385c0bd147a0438f522343797d72f4cf0cb466213e0b74635	736	F	0644	research/spikes/cursor-sdk-tier1/node_modules/zod/src/v4/mini/checks.ts
e80b80452e5c3a248d3deb1044f14d9810d2e86642f943c10999f47116f226fc	1062	F	0644	research/spikes/cursor-sdk-tier1/node_modules/zod/src/v4/mini/coerce.ts
a4a2c66d1b9e7ae0fff7cf70a0f19ff54b34e3b70331782b05cc9ba6f99006c3	766	F	0644	research/spikes/cursor-sdk-tier1/node_modules/zod/src/v4/mini/external.ts
455d93e660b61feec18cd4c31e2f394627546ae8ab31f9bacdab6318112ac31c	81	F	0644	research/spikes/cursor-sdk-tier1/node_modules/zod/src/v4/mini/index.ts
2d1a5e84a00aca5c3f1b2cebeb1b9a12ccfb7b38c15c96219571a20d72e39a03	2131	F	0644	research/spikes/cursor-sdk-tier1/node_modules/zod/src/v4/mini/iso.ts
282c7c34b3d3e64894fd94c26ab4fda015cc4abbb040881463f30b405082b4c3	81	F	0644	research/spikes/cursor-sdk-tier1/node_modules/zod/src/v4/mini/parse.ts
1e36571e7e5dfed9f2ec9818c28e785450adf095a35065e018fe886b32020b6b	49079	F	0644	research/spikes/cursor-sdk-tier1/node_modules/zod/src/v4/mini/schemas.ts
66d1bafe2dfda7b3c9bb05a09a6b46db905ea3198fbc6d884a9e58b801dc262c	3301	F	0644	research/spikes/cursor-sdk-tier1/node_modules/zod/src/v4/mini/tests/assignability.test.ts
72b40e92c5ad4442024edd3681afbdf986476efff01929efb427b82c5b124710	1841	F	0644	research/spikes/cursor-sdk-tier1/node_modules/zod/src/v4/mini/tests/brand.test.ts
14c8c7c6fba2bc5a06a5f7fbfdf7774bf7a7135c233b47887cb306e5b7f71aa3	4071	F	0644	research/spikes/cursor-sdk-tier1/node_modules/zod/src/v4/mini/tests/checks.test.ts
93a86462a1a70fad36d8359a16bc071a7131d3fe20444c933d3eb86cf1002573	1168	F	0644	research/spikes/cursor-sdk-tier1/node_modules/zod/src/v4/mini/tests/computed.test.ts
5c3e0c601d413bba19332f7424ff38ce58930cf797e6729f407e1b1843e7f442	644	F	0644	research/spikes/cursor-sdk-tier1/node_modules/zod/src/v4/mini/tests/error.test.ts
438082fe06c6a89aa9f14ca53acd015be69205fb9aa26e8bb12d6494ee14005e	1176	F	0644	research/spikes/cursor-sdk-tier1/node_modules/zod/src/v4/mini/tests/functions.test.ts
079bba906fd37a1967aead745964d7f1b00b3b6a8f9d602013b13aa2f5806241	28753	F	0644	research/spikes/cursor-sdk-tier1/node_modules/zod/src/v4/mini/tests/index.test.ts
da28b542639ae60266d163bc8e2f3c6a376034a292bf2ae39c313251d5f22b1c	3665	F	0644	research/spikes/cursor-sdk-tier1/node_modules/zod/src/v4/mini/tests/number.test.ts
8c88459b23bf87438b3ff9a0d02940f16c08dbe4a094fdee69a23f9639483bb1	5190	F	0644	research/spikes/cursor-sdk-tier1/node_modules/zod/src/v4/mini/tests/object.test.ts
c438e0e477fe8ef42dc73ff010ae2c548f4681b85015359a2ff13c14c021cdc3	870	F	0644	research/spikes/cursor-sdk-tier1/node_modules/zod/src/v4/mini/tests/prototypes.test.ts
22f8601e69b4e2b1c5be67e16110007543d77229b3cb93ee82db5f9aac0465e1	5640	F	0644	research/spikes/cursor-sdk-tier1/node_modules/zod/src/v4/mini/tests/recursive-types.test.ts
eafed7b0fd4bb6d72ea105a71b99f3fbe6138d585748b5bbb93cf83238ae7c5a	11223	F	0644	research/spikes/cursor-sdk-tier1/node_modules/zod/src/v4/mini/tests/string.test.ts
cf94ca2939d655e17fdfd1d0a3aceb4cbeb040d8946e9c9c1eaa5cc734dc69c8	37	F	0644	research/spikes/cursor-sdk-tier1/node_modules/zod/src/v4-mini/index.ts
bd32dbc86faeec2de1cc8e42ee3b29af2cbeb24fb5e3b57d7f056bb09cf8d4bd	579	F	0644	research/spikes/cursor-sdk-tier1/node_modules/zod/v3/errors.cjs
e3498cf5e428e6c6b9e97bd88736f26d6cf147dedbfa5a8ad3ed8e05e059af8a	240	F	0644	research/spikes/cursor-sdk-tier1/node_modules/zod/v3/errors.d.cts
8e71e53b02c152a38af6aec45e288cc65bede077b92b9b43b3cb54a37978bb33	238	F	0644	research/spikes/cursor-sdk-tier1/node_modules/zod/v3/errors.d.ts
d40831f478288d76e82bbbcc3b7e95c8513b6e76471f2d49a37c979bc57d492d	243	F	0644	research/spikes/cursor-sdk-tier1/node_modules/zod/v3/errors.js
224ff76e204434ec469f71dbba41d475db1ea873d3f3a5c26d75ab3a9c9f5f11	1076	F	0644	research/spikes/cursor-sdk-tier1/node_modules/zod/v3/external.cjs
a9ebb67d6bbead6044b43714b50dcb77b8f7541ffe803046fdec1714c1eba206	211	F	0644	research/spikes/cursor-sdk-tier1/node_modules/zod/v3/external.d.cts
5d26d2e47e2352def36f89a3e8bf8581da22b7f857e07ef3114cd52cf4813445	205	F	0644	research/spikes/cursor-sdk-tier1/node_modules/zod/v3/external.d.ts
5d26d2e47e2352def36f89a3e8bf8581da22b7f857e07ef3114cd52cf4813445	205	F	0644	research/spikes/cursor-sdk-tier1/node_modules/zod/v3/external.js
d43aa81f5bc89faa359e0f97c814ba25155591ff078fbb9bfd40f8c7c9683230	77	F	0644	research/spikes/cursor-sdk-tier1/node_modules/zod/v3/helpers/enumUtil.cjs
f672c876c1a04a223cf2023b3d91e8a52bb1544c576b81bf64a8fec82be9969c	609	F	0644	research/spikes/cursor-sdk-tier1/node_modules/zod/v3/helpers/enumUtil.d.cts
f672c876c1a04a223cf2023b3d91e8a52bb1544c576b81bf64a8fec82be9969c	609	F	0644	research/spikes/cursor-sdk-tier1/node_modules/zod/v3/helpers/enumUtil.d.ts
8e609bb71c20b858c77f0e9f90bb1319db8477b13f9f965f1a1e18524bf50881	11	F	0644	research/spikes/cursor-sdk-tier1/node_modules/zod/v3/helpers/enumUtil.js
9c9e5dec7d1e9fce6a967735adf0333abd44d5e94a0225537c60ceed0c4f606a	418	F	0644	research/spikes/cursor-sdk-tier1/node_modules/zod/v3/helpers/errorUtil.cjs
e4b03ddcf8563b1c0aee782a185286ed85a255ce8a30df8453aade2188bbc904	276	F	0644	research/spikes/cursor-sdk-tier1/node_modules/zod/v3/helpers/errorUtil.d.cts
e4b03ddcf8563b1c0aee782a185286ed85a255ce8a30df8453aade2188bbc904	276	F	0644	research/spikes/cursor-sdk-tier1/node_modules/zod/v3/helpers/errorUtil.d.ts
68589c0cf44c8b4ad19b77418f53caad2cd1dbc8d714f526e1876ebdee4828c5	300	F	0644	research/spikes/cursor-sdk-tier1/node_modules/zod/v3/helpers/errorUtil.js
40aaa18765f13ae1a933c6f215ecceb6d3afee89eaa23bb080997e08c30a5b00	4272	F	0644	research/spikes/cursor-sdk-tier1/node_modules/zod/v3/helpers/parseUtil.cjs
dba3f34531fd9b1b6e072928b6f885aa4d28dd6789cbd0e93563d43f4b62da53	2757	F	0644	research/spikes/cursor-sdk-tier1/node_modules/zod/v3/helpers/parseUtil.d.cts
754a9396b14ca3a4241591afb4edc644b293ccc8a3397f49be4dfd520c08acb3	2755	F	0644	research/spikes/cursor-sdk-tier1/node_modules/zod/v3/helpers/parseUtil.d.ts
b57484013bb360bac2e334d58fcd5f6cbfa63ffcc7d8ff3dbbb3380ca659b956	3601	F	0644	research/spikes/cursor-sdk-tier1/node_modules/zod/v3/helpers/parseUtil.js
d43aa81f5bc89faa359e0f97c814ba25155591ff078fbb9bfd40f8c7c9683230	77	F	0644	research/spikes/cursor-sdk-tier1/node_modules/zod/v3/helpers/partialUtil.cjs
2329d90062487e1eaca87b5e06abcbbeeecf80a82f65f949fd332cfcf824b87b	828	F	0644	research/spikes/cursor-sdk-tier1/node_modules/zod/v3/helpers/partialUtil.d.cts
de2316e90fc6d379d83002f04ad9698bc1e5285b4d52779778f454dd12ce9f44	827	F	0644	research/spikes/cursor-sdk-tier1/node_modules/zod/v3/helpers/partialUtil.d.ts
8e609bb71c20b858c77f0e9f90bb1319db8477b13f9f965f1a1e18524bf50881	11	F	0644	research/spikes/cursor-sdk-tier1/node_modules/zod/v3/helpers/partialUtil.js
d43aa81f5bc89faa359e0f97c814ba25155591ff078fbb9bfd40f8c7c9683230	77	F	0644	research/spikes/cursor-sdk-tier1/node_modules/zod/v3/helpers/typeAliases.cjs
d3cfde44f8089768ebb08098c96d01ca260b88bccf238d55eee93f1c620ff5a5	135	F	0644	research/spikes/cursor-sdk-tier1/node_modules/zod/v3/helpers/typeAliases.d.cts
d3cfde44f8089768ebb08098c96d01ca260b88bccf238d55eee93f1c620ff5a5	135	F	0644	research/spikes/cursor-sdk-tier1/node_modules/zod/v3/helpers/typeAliases.d.ts
8e609bb71c20b858c77f0e9f90bb1319db8477b13f9f965f1a1e18524bf50881	11	F	0644	research/spikes/cursor-sdk-tier1/node_modules/zod/v3/helpers/typeAliases.js
9b75d4955de684d11371054bbf8e4d747cb1ad7284ae1eda85d4c188b84c47fc	4401	F	0644	research/spikes/cursor-sdk-tier1/node_modules/zod/v3/helpers/util.cjs
293eadad9dead44c6fd1db6de552663c33f215c55a1bfa2802a1bceed88ff0ec	3387	F	0644	research/spikes/cursor-sdk-tier1/node_modules/zod/v3/helpers/util.d.cts
293eadad9dead44c6fd1db6de552663c33f215c55a1bfa2802a1bceed88ff0ec	3387	F	0644	research/spikes/cursor-sdk-tier1/node_modules/zod/v3/helpers/util.d.ts
906ef685e5853d496e293ee8f8a2bb8b1ed2d078a1bcdfedb2dfd61d75b6330c	4055	F	0644	research/spikes/cursor-sdk-tier1/node_modules/zod/v3/helpers/util.js
d58a1fea61e0f0bccdb2f4fd3b7b098adcfddb44f036302c4d2c4e173540a292	1464	F	0644	research/spikes/cursor-sdk-tier1/node_modules/zod/v3/index.cjs
833e92c058d033cde3f29a6c7603f517001d1ddd8020bc94d2067a3bc69b2a8e	101	F	0644	research/spikes/cursor-sdk-tier1/node_modules/zod/v3/index.d.cts
3db2efd285e7328d8014b54a7fce3f4861ebcdc655df40517092ed0050983617	99	F	0644	research/spikes/cursor-sdk-tier1/node_modules/zod/v3/index.d.ts
3db2efd285e7328d8014b54a7fce3f4861ebcdc655df40517092ed0050983617	99	F	0644	research/spikes/cursor-sdk-tier1/node_modules/zod/v3/index.js
9f9d945a9e4c920a0790654b6c213839ad90b7414bada0a23c0284d45c8ed840	5971	F	0644	research/spikes/cursor-sdk-tier1/node_modules/zod/v3/locales/en.cjs
f12edf1672a94c578eca32216839604f1e1c16b40a1896198deabf99c882b340	114	F	0644	research/spikes/cursor-sdk-tier1/node_modules/zod/v3/locales/en.d.cts
c25ce98cca43a3bfa885862044be0d59557be4ecd06989b2001a83dcf69620fd	113	F	0644	research/spikes/cursor-sdk-tier1/node_modules/zod/v3/locales/en.d.ts
51a6dcc5d4bd52a64da127c012c6c963395c1d9a343ad75d4a8eca662fc8b205	5602	F	0644	research/spikes/cursor-sdk-tier1/node_modules/zod/v3/locales/en.js
d43aa81f5bc89faa359e0f97c814ba25155591ff078fbb9bfd40f8c7c9683230	77	F	0644	research/spikes/cursor-sdk-tier1/node_modules/zod/v3/standard-schema.cjs
25b3f581e12ede11e5739f57a86e8668fbc0124f6649506def306cad2c59d262	2843	F	0644	research/spikes/cursor-sdk-tier1/node_modules/zod/v3/standard-schema.d.cts
25b3f581e12ede11e5739f57a86e8668fbc0124f6649506def306cad2c59d262	2843	F	0644	research/spikes/cursor-sdk-tier1/node_modules/zod/v3/standard-schema.d.ts
8e609bb71c20b858c77f0e9f90bb1319db8477b13f9f965f1a1e18524bf50881	11	F	0644	research/spikes/cursor-sdk-tier1/node_modules/zod/v3/standard-schema.js
06487cc05ed45c5dd29789bf0aa75734d1ce06592a7f2665ba4ca90a68e8a3e1	140100	F	0644	research/spikes/cursor-sdk-tier1/node_modules/zod/v3/types.cjs
4fdb529707247a1a917a4626bfb6a293d52cd8ee57ccf03830ec91d39d606d6d	51985	F	0644	research/spikes/cursor-sdk-tier1/node_modules/zod/v3/types.d.cts
2da997a01a6aa5c5c09de5d28f0f4407b597c5e1aecfd32f1815809c532650a2	51977	F	0644	research/spikes/cursor-sdk-tier1/node_modules/zod/v3/types.d.ts
9763a2938f0e7f983363ef4bf6530e7583e3f2d54f8a4a6684efad58febc6e8e	131212	F	0644	research/spikes/cursor-sdk-tier1/node_modules/zod/v3/types.js
88b9cdd780a91656965e07b94c86c0e4729f97923d45cc9d7944b0973a462503	4576	F	0644	research/spikes/cursor-sdk-tier1/node_modules/zod/v3/ZodError.cjs
08b2fae7b0f553ad9f79faec864b179fc58bc172e295a70943e8585dd85f600c	6415	F	0644	research/spikes/cursor-sdk-tier1/node_modules/zod/v3/ZodError.d.cts
54f6ec6ea75acea6eb23635617252d249145edbc7bcd9d53f2d70280d2aef953	6412	F	0644	research/spikes/cursor-sdk-tier1/node_modules/zod/v3/ZodError.d.ts
f5ac9e86b92e201d41e294d7aa35986a2aa28829e1bcc8ac25f7c8dce0674b99	4349	F	0644	research/spikes/cursor-sdk-tier1/node_modules/zod/v3/ZodError.js
a3ec0b1f2ce36c04dff99eced43eef15bd378c50d0113c723c20ad89ac535fae	3883	F	0644	research/spikes/cursor-sdk-tier1/node_modules/zod/v4/classic/checks.cjs
ffc3e1064146c1cafda1b0686ae9679ba1fb706b2f415e057be01614bf918dba	643	F	0644	research/spikes/cursor-sdk-tier1/node_modules/zod/v4/classic/checks.d.cts
f20eb2e1153f7b80a52d30261dc0b90ad4a5adcfccc9b150d3998afdaea7f9d3	642	F	0644	research/spikes/cursor-sdk-tier1/node_modules/zod/v4/classic/checks.d.ts
f20eb2e1153f7b80a52d30261dc0b90ad4a5adcfccc9b150d3998afdaea7f9d3	642	F	0644	research/spikes/cursor-sdk-tier1/node_modules/zod/v4/classic/checks.js
d25b07eead67ff339c3e2a6d5b7364647e11f57fff3e82055d49575304dce057	1772	F	0644	research/spikes/cursor-sdk-tier1/node_modules/zod/v4/classic/coerce.cjs
e818471014c77c103330aee11f00a7a00b37b35500b53ea6f337aefacd6174c9	1149	F	0644	research/spikes/cursor-sdk-tier1/node_modules/zod/v4/classic/coerce.d.cts
1f4a8bb5e841d3a1510d12a84640ee327f5a4b55484e8f16e2b285d54eb19924	1147	F	0644	research/spikes/cursor-sdk-tier1/node_modules/zod/v4/classic/coerce.d.ts
fb2efe3b6eacc475c77cbb571b5fb8650d92a10f316dc869e49b722973d83c3c	550	F	0644	research/spikes/cursor-sdk-tier1/node_modules/zod/v4/classic/coerce.js
3e9503fe63445e2660aff820270a76adf9c14a9c21a50a11ccab1d2a1f90ac54	2316	F	0644	research/spikes/cursor-sdk-tier1/node_modules/zod/v4/classic/compat.cjs
995869b1ddf66bbcfdb417f7446f610198dcce3280a0ae5c8b332ed985c01855	2017	F	0644	research/spikes/cursor-sdk-tier1/node_modules/zod/v4/classic/compat.d.cts
6e0a343ec6256acecb9a77e9ecc164f7a6d2e79dcea3472d231d8cfff1ebe0da	2013	F	0644	research/spikes/cursor-sdk-tier1/node_modules/zod/v4/classic/compat.d.ts
f6e722ba46fe0df237a50533e1babccaf9afa97a1fff7bc1289fe6971eb65761	861	F	0644	research/spikes/cursor-sdk-tier1/node_modules/zod/v4/classic/compat.js
b4ac3cd90c9b4a2e86bbd56fd8fc117b032ce0b51139b2ea294531606dbce449	2465	F	0644	research/spikes/cursor-sdk-tier1/node_modules/zod/v4/classic/errors.cjs
6042774c61ece4ba77b3bf375f15942eb054675b7957882a00c22c0e4fe5865c	1623	F	0644	research/spikes/cursor-sdk-tier1/node_modules/zod/v4/classic/errors.d.cts
03be953961283699e72d526e1bff478be5af0840094b7e37d90a15ffd1426f64	1620	F	0644	research/spikes/cursor-sdk-tier1/node_modules/zod/v4/classic/errors.d.ts
76ae50a572927e663482745bb0a9cbe99576462b308e50f4df4f630aa863724f	1292	F	0644	research/spikes/cursor-sdk-tier1/node_modules/zod/v4/classic/errors.js
f55bafb8d43bd7e2ecf4af8ad6b7338af86c041701b8b23c69e4addaf4d9ae55	5131	F	0644	research/spikes/cursor-sdk-tier1/node_modules/zod/v4/classic/external.cjs
dca963a986285211cfa75b9bb57914538de29585d34217d03b538e6473ac4c44	820	F	0644	research/spikes/cursor-sdk-tier1/node_modules/zod/v4/classic/external.d.cts
4223f0ae0c2925a2d365ef6c9152641b17736cf143d120beedc0543576eaae93	807	F	0644	research/spikes/cursor-sdk-tier1/node_modules/zod/v4/classic/external.d.ts
192e6e484559c6e9083f0a8bb1c819d6a6432ed720aa67a139361c79ef4965f6	803	F	0644	research/spikes/cursor-sdk-tier1/node_modules/zod/v4/classic/external.js
d58a1fea61e0f0bccdb2f4fd3b7b098adcfddb44f036302c4d2c4e173540a292	1464	F	0644	research/spikes/cursor-sdk-tier1/node_modules/zod/v4/classic/index.cjs
d8bc0c5487582c6d887c32c92d8b4ffb23310146fcb1d82adf4b15c77f57c4ac	101	F	0644	research/spikes/cursor-sdk-tier1/node_modules/zod/v4/classic/index.d.cts
d49030b9a324bab9bcf9f663a70298391b0f5a25328409174d86617512bf3037	99	F	0644	research/spikes/cursor-sdk-tier1/node_modules/zod/v4/classic/index.d.ts
d49030b9a324bab9bcf9f663a70298391b0f5a25328409174d86617512bf3037	99	F	0644	research/spikes/cursor-sdk-tier1/node_modules/zod/v4/classic/index.js
f5d840d941b87a868da63fba9e4eb5917cadd87100af4940113f0ddd75dd9043	2413	F	0644	research/spikes/cursor-sdk-tier1/node_modules/zod/v4/classic/iso.cjs
58d65a2803c3b6629b0e18c8bf1bc883a686fcf0333230dd0151ab6e85b74307	1137	F	0644	research/spikes/cursor-sdk-tier1/node_modules/zod/v4/classic/iso.d.cts
50f3d54845c748597afd9fe6a474862ab957f61f274d5fcba6509f5e4174c988	1135	F	0644	research/spikes/cursor-sdk-tier1/node_modules/zod/v4/classic/iso.d.ts
3cc5e6b4da086b8ffc7ee3188c69e4d3c945b368092e78d2299b5321182752c5	1151	F	0644	research/spikes/cursor-sdk-tier1/node_modules/zod/v4/classic/iso.js
f72ed8f00916ff139a5c5538265cf385fb9f8f10f2d01a1e840d4a3ca1f1c0b3	1552	F	0644	research/spikes/cursor-sdk-tier1/node_modules/zod/v4/classic/parse.cjs
41f185713d78f7af0253a339927dc04b485f46210d6bc0691cf908e3e8ded2a1	1167	F	0644	research/spikes/cursor-sdk-tier1/node_modules/zod/v4/classic/parse.d.cts
895c5944c6c2c15637f645e0731c32d54a63879b6c1a1460a863ba16c0e5d721	1165	F	0644	research/spikes/cursor-sdk-tier1/node_modules/zod/v4/classic/parse.d.ts
ee68538f1c00a2d081cb238555f8c404ebd09e92ba003cfc08d24e67cc6ba57f	378	F	0644	research/spikes/cursor-sdk-tier1/node_modules/zod/v4/classic/parse.js
5dc0fa909b88a21c0f7b7e2e23256dc8c28237388e50e12f6fb3d2dd857e4dd7	41292	F	0644	research/spikes/cursor-sdk-tier1/node_modules/zod/v4/classic/schemas.cjs
23ee410c645f68bd99717527de1586e3eb826f166d654b74250ad92b27311fde	38862	F	0644	research/spikes/cursor-sdk-tier1/node_modules/zod/v4/classic/schemas.d.cts
b9774686600e48e2ece67faf6684d2da13841e91a329c8fd9e364f9e75c439c6	38859	F	0644	research/spikes/cursor-sdk-tier1/node_modules/zod/v4/classic/schemas.d.ts
28b3d92b54eb416e445d53355e9a179b066e8ce113e59b9ea110308040054c6c	36871	F	0644	research/spikes/cursor-sdk-tier1/node_modules/zod/v4/classic/schemas.js
b1c96b0667387e1ce6b3969a74da497f0e120249f764f240cec136fab85013a3	26465	F	0644	research/spikes/cursor-sdk-tier1/node_modules/zod/v4/core/api.cjs
35475931e8b55c4d33bfe3abc79f5673924a0bd4224c7c6108a4e08f3521643c	29445	F	0644	research/spikes/cursor-sdk-tier1/node_modules/zod/v4/core/api.d.cts
289ffad6574dcc391ee222db91e72c2e8713fa26534a014c97a6c833ceea0236	29440	F	0644	research/spikes/cursor-sdk-tier1/node_modules/zod/v4/core/api.d.ts
dec3ba8434fa33af414f1f41f9c4b9d6745718e0b7d8e0abb203138454c36025	22983	F	0644	research/spikes/cursor-sdk-tier1/node_modules/zod/v4/core/api.js
498c9ca78a5faeb792b5c724579df821e4d4fdf2af8ec3c4d6421dcbae5ff140	21098	F	0644	research/spikes/cursor-sdk-tier1/node_modules/zod/v4/core/checks.cjs
88863d76039cc550f8b7688a213dd051ae80d94a883eb99389d6bc4ce21c8688	12782	F	0644	research/spikes/cursor-sdk-tier1/node_modules/zod/v4/core/checks.d.cts
c6f59a9804fdf860eb510e28aa7c695950f28a772accea142acb70e68eae5d6e	12778	F	0644	research/spikes/cursor-sdk-tier1/node_modules/zod/v4/core/checks.d.ts
cb11fc441323705bcbe476d79fad97aa388c9c4374dad1a03a1e0735fdc35c16	19544	F	0644	research/spikes/cursor-sdk-tier1/node_modules/zod/v4/core/checks.js
0e4bf3bbd3f0d732dc3063141e6580e1d657fda139fc76f0c40fc84ac6316da3	2309	F	0644	research/spikes/cursor-sdk-tier1/node_modules/zod/v4/core/core.cjs
243649afb10d950e7e83ee4d53bd2fbd615bb579a74cf6c1ce10e64402cdf9bb	1811	F	0644	research/spikes/cursor-sdk-tier1/node_modules/zod/v4/core/core.d.cts
6dfc99e76f74e497635aee14502c26a5dd8964fcf6e2f8170318fb299ce69182	1808	F	0644	research/spikes/cursor-sdk-tier1/node_modules/zod/v4/core/core.d.ts
c2d3947a2b138becd65fbe6d7e5826dcbbfecb11d7c84311a8de684a06b6c435	2085	F	0644	research/spikes/cursor-sdk-tier1/node_modules/zod/v4/core/core.js
ae6c5bfe9570d30c119cd6bc9dff33f6956858b4fa6887b2b1f9680f11d1b65d	1199	F	0644	research/spikes/cursor-sdk-tier1/node_modules/zod/v4/core/doc.cjs
80e653fbbec818eecfe95d182dc65a1d107b343d970159a71922ac4491caa0af	353	F	0644	research/spikes/cursor-sdk-tier1/node_modules/zod/v4/core/doc.d.cts
80e653fbbec818eecfe95d182dc65a1d107b343d970159a71922ac4491caa0af	353	F	0644	research/spikes/cursor-sdk-tier1/node_modules/zod/v4/core/doc.d.ts
e084bbcc536746a8942fd33b08afe4db345554b3a0383114f1dca95261c958d9	1088	F	0644	research/spikes/cursor-sdk-tier1/node_modules/zod/v4/core/doc.js
24a4b4d9261929a7999e0769294c332c56dcfb1582198bf38a5e1d96612cce53	7650	F	0644	research/spikes/cursor-sdk-tier1/node_modules/zod/v4/core/errors.cjs
e9ce511dae7201b833936d13618dff01815a9db2e6c2cc28646e21520c452d6c	7893	F	0644	research/spikes/cursor-sdk-tier1/node_modules/zod/v4/core/errors.d.cts
2d4885146de028d8443e1e47c05035607481cf0845ee5048f5a880f3b22fffdb	7889	F	0644	research/spikes/cursor-sdk-tier1/node_modules/zod/v4/core/errors.d.ts
32bb479bf0d089775ca8a5cba2505243d5631b15dde2988c0cea6b93f87176d6	6316	F	0644	research/spikes/cursor-sdk-tier1/node_modules/zod/v4/core/errors.js
55000849f332f06efca6ed87a7acf932f32900de07dee33a08f8a1aa493d2be3	4012	F	0644	research/spikes/cursor-sdk-tier1/node_modules/zod/v4/core/function.cjs
53f00dc83ccceb8fad22eb3aade64e4bcdb082115f230c8ba3d40f79c835c30e	3597	F	0644	research/spikes/cursor-sdk-tier1/node_modules/zod/v4/core/function.d.cts
f978b1b63ad690ff2a8f16d6f784acaa0ba0f4bcfc64211d79a2704de34f5913	3593	F	0644	research/spikes/cursor-sdk-tier1/node_modules/zod/v4/core/function.d.ts
bb5e86228aa80d2d11c1585b7e3ef4c4b8628fbcfef43b4bc7ab2d22665057e5	2717	F	0644	research/spikes/cursor-sdk-tier1/node_modules/zod/v4/core/function.js
353f8c983605a7f0ea7c414fba2e14147fe92a93aeb8ed22476f59e744171437	2163	F	0644	research/spikes/cursor-sdk-tier1/node_modules/zod/v4/core/index.cjs
451abef2a26cebb6f54236e68de3c33691e3b47b548fd4c8fa05fd84ab2238ff	514	F	0644	research/spikes/cursor-sdk-tier1/node_modules/zod/v4/core/index.d.cts
f5c8f2ef9603893e25ed86c7112cd2cc60d53e5387b9146c904bce3e707c55de	499	F	0644	research/spikes/cursor-sdk-tier1/node_modules/zod/v4/core/index.d.ts
f5c8f2ef9603893e25ed86c7112cd2cc60d53e5387b9146c904bce3e707c55de	499	F	0644	research/spikes/cursor-sdk-tier1/node_modules/zod/v4/core/index.js
d43aa81f5bc89faa359e0f97c814ba25155591ff078fbb9bfd40f8c7c9683230	77	F	0644	research/spikes/cursor-sdk-tier1/node_modules/zod/v4/core/json-schema.cjs
9078205849121a5d37a642949d687565498da922508eacb0e5a0c3de427f0ae5	2676	F	0644	research/spikes/cursor-sdk-tier1/node_modules/zod/v4/core/json-schema.d.cts
9078205849121a5d37a642949d687565498da922508eacb0e5a0c3de427f0ae5	2676	F	0644	research/spikes/cursor-sdk-tier1/node_modules/zod/v4/core/json-schema.d.ts
8e609bb71c20b858c77f0e9f90bb1319db8477b13f9f965f1a1e18524bf50881	11	F	0644	research/spikes/cursor-sdk-tier1/node_modules/zod/v4/core/json-schema.js
d1f050385216780e09cad2708bb35d06c5a7508f6313ece7b55c99a537e7676d	3957	F	0644	research/spikes/cursor-sdk-tier1/node_modules/zod/v4/core/parse.cjs
35575179030368798cbcd50da928a275234445c9a0df32d4a2c694b2b3d20439	1505	F	0644	research/spikes/cursor-sdk-tier1/node_modules/zod/v4/core/parse.d.cts
716a022c6d311c8367d830d2839fe017699564de2d0f5446b4a6f3f022a5c0c6	1501	F	0644	research/spikes/cursor-sdk-tier1/node_modules/zod/v4/core/parse.d.ts
6ca78dcc2917d2634d0087372891bbeb8446ca1bdd208cfd52edfd43d40ac171	2552	F	0644	research/spikes/cursor-sdk-tier1/node_modules/zod/v4/core/parse.js
41d5ac4aff6305bf1e8cc6d7a8f504ccbd31d97e2f86147742b00ad5de89e445	7062	F	0644	research/spikes/cursor-sdk-tier1/node_modules/zod/v4/core/regexes.cjs
c939cb12cb000b4ec9c3eca3fe7dee1fe373ccb801237631d9252bad10206d61	2762	F	0644	research/spikes/cursor-sdk-tier1/node_modules/zod/v4/core/regexes.d.cts
c939cb12cb000b4ec9c3eca3fe7dee1fe373ccb801237631d9252bad10206d61	2762	F	0644	research/spikes/cursor-sdk-tier1/node_modules/zod/v4/core/regexes.d.ts
89c429d4e4c24a4e3127209dbc85cba96c220e9fcfafcdf5a8d877b4d32bd796	6411	F	0644	research/spikes/cursor-sdk-tier1/node_modules/zod/v4/core/regexes.js
74bba53fbfb05d11d0bcff74504652354ea5491ed0f7e49eec2f9cbc2d7f19a2	1676	F	0644	research/spikes/cursor-sdk-tier1/node_modules/zod/v4/core/registries.cjs
3511847babb822e10715a18348d1cbb0dae73c4e4c0a1bcf7cbc12771b310d45	1646	F	0644	research/spikes/cursor-sdk-tier1/node_modules/zod/v4/core/registries.d.cts
c381a7476166654e9a35cd4e819596bd716fa276fd9f51f7cc89cbd132a1fcca	1644	F	0644	research/spikes/cursor-sdk-tier1/node_modules/zod/v4/core/registries.d.ts
eda463db507bb77441979b706e3ee7050a1b7ced3c36ac6995c0d95673522c86	1485	F	0644	research/spikes/cursor-sdk-tier1/node_modules/zod/v4/core/registries.js
f5d17a7db487c943c9d07cc624010ebb6d93683eabd14339846f4912cc88b51f	64843	F	0644	research/spikes/cursor-sdk-tier1/node_modules/zod/v4/core/schemas.cjs
71623b889c23a332292c85f9bf41469c3f2efa47f81f12c73e14edbcffa270d3	44698	F	0644	research/spikes/cursor-sdk-tier1/node_modules/zod/v4/core/schemas.d.cts
4481020e24a66e3d95f988633a3a817d5976cbb43014c89ec197b6ea59ccf7cd	44691	F	0644	research/spikes/cursor-sdk-tier1/node_modules/zod/v4/core/schemas.d.ts
d466582c022b08a3f9eb1a65d5970d8ca25064d73a5a838d76414ae36440a76b	62652	F	0644	research/spikes/cursor-sdk-tier1/node_modules/zod/v4/core/schemas.js
d43aa81f5bc89faa359e0f97c814ba25155591ff078fbb9bfd40f8c7c9683230	77	F	0644	research/spikes/cursor-sdk-tier1/node_modules/zod/v4/core/standard-schema.cjs
309ebd217636d68cf8784cbc3272c16fb94fb8e969e18b6fe88c35200340aef1	2403	F	0644	research/spikes/cursor-sdk-tier1/node_modules/zod/v4/core/standard-schema.d.cts
309ebd217636d68cf8784cbc3272c16fb94fb8e969e18b6fe88c35200340aef1	2403	F	0644	research/spikes/cursor-sdk-tier1/node_modules/zod/v4/core/standard-schema.d.ts
8e609bb71c20b858c77f0e9f90bb1319db8477b13f9f965f1a1e18524bf50881	11	F	0644	research/spikes/cursor-sdk-tier1/node_modules/zod/v4/core/standard-schema.js
b51d223c8e1e3f75c967fbf8ceccb5c28d34d0dd292e0c8ea02398784d70418c	35910	F	0644	research/spikes/cursor-sdk-tier1/node_modules/zod/v4/core/to-json-schema.cjs
e8f8f095f137e96dc64b56e59556c02f3c31db4b354801d6ae3b90dceae60240	3729	F	0644	research/spikes/cursor-sdk-tier1/node_modules/zod/v4/core/to-json-schema.d.cts
6490b14de0cc6bc2edb60b8078d35de061f766eb36bf8447ff2b15a337b0a279	3726	F	0644	research/spikes/cursor-sdk-tier1/node_modules/zod/v4/core/to-json-schema.d.ts
290ccb701c70580fe4127b64342f010523bbda2c43880198df9f846b2dcefcc6	35687	F	0644	research/spikes/cursor-sdk-tier1/node_modules/zod/v4/core/to-json-schema.js
d5750c08148d98a33b57ac42b0646694fcea2600e401f590e6585b43d4c640c3	16438	F	0644	research/spikes/cursor-sdk-tier1/node_modules/zod/v4/core/util.cjs
91cf9887208be8641244827c18e620166edf7e1c53114930b54eaeaab588a5be	10750	F	0644	research/spikes/cursor-sdk-tier1/node_modules/zod/v4/core/util.d.cts
e8d1462be99ad3877e9b8d0dbcf03b9304009bafe0e35f0ad72028c25a9a7137	10746	F	0644	research/spikes/cursor-sdk-tier1/node_modules/zod/v4/core/util.d.ts
b01faa6f40ae5de8e4457aa77cad942f89550e3e7b95123477870b93bc9c9f11	15004	F	0644	research/spikes/cursor-sdk-tier1/node_modules/zod/v4/core/util.js
2dc1fe29972696932268d57c0a90c980006ee5c949aa99573b041857b81b664e	168	F	0644	research/spikes/cursor-sdk-tier1/node_modules/zod/v4/core/versions.cjs
ef9b6279acc69002a779d0172916ef22e8be5de2d2469ff2f4bb019a21e89de2	109	F	0644	research/spikes/cursor-sdk-tier1/node_modules/zod/v4/core/versions.d.cts
ef9b6279acc69002a779d0172916ef22e8be5de2d2469ff2f4bb019a21e89de2	109	F	0644	research/spikes/cursor-sdk-tier1/node_modules/zod/v4/core/versions.d.ts
f6e43e573ae673502ef0a2f45d0d1810be186673f4b46b2c4a02584713995ca9	70	F	0644	research/spikes/cursor-sdk-tier1/node_modules/zod/v4/core/versions.js
35934fbd99d4ca1d46932dfcddb6071c203b5c980862cf58e254998c49e1e5b8	1057	F	0644	research/spikes/cursor-sdk-tier1/node_modules/zod/v4/index.cjs
8cb31102790372bebfd78dd56d6752913b0f3e2cefbeb08375acd9f5ba737155	94	F	0644	research/spikes/cursor-sdk-tier1/node_modules/zod/v4/index.d.cts
a4b634bb8c97cc700dbf165f3bb0095ec669042da72eaf28a7c5e2ddd98169ce	92	F	0644	research/spikes/cursor-sdk-tier1/node_modules/zod/v4/index.d.ts
a4b634bb8c97cc700dbf165f3bb0095ec669042da72eaf28a7c5e2ddd98169ce	92	F	0644	research/spikes/cursor-sdk-tier1/node_modules/zod/v4/index.js
6002e5e70623812d648029d475a7332efd6732efd62d0fabf50464e78fb1904e	6420	F	0644	research/spikes/cursor-sdk-tier1/node_modules/zod/v4/locales/ar.cjs
b42d3651103a532f7492e719a828647af97306b2356ae757ebb7f17f4a8c41e5	122	F	0644	research/spikes/cursor-sdk-tier1/node_modules/zod/v4/locales/ar.d.cts
7ceb8bc679a90951354f89379bc37228e7cf87b753069cd7b62310d5cbbe1f11	121	F	0644	research/spikes/cursor-sdk-tier1/node_modules/zod/v4/locales/ar.d.ts
0c5613adab2e098069d88056df27f0bc361028d94d6af8a6dc46dda381d2d82e	5278	F	0644	research/spikes/cursor-sdk-tier1/node_modules/zod/v4/locales/ar.js
c1c10a58b0e71f8d52d511650cd367cf98ff65d1a28de746a40e951066a8d8ca	5782	F	0644	research/spikes/cursor-sdk-tier1/node_modules/zod/v4/locales/az.cjs
b42d3651103a532f7492e719a828647af97306b2356ae757ebb7f17f4a8c41e5	122	F	0644	research/spikes/cursor-sdk-tier1/node_modules/zod/v4/locales/az.d.cts
7ceb8bc679a90951354f89379bc37228e7cf87b753069cd7b62310d5cbbe1f11	121	F	0644	research/spikes/cursor-sdk-tier1/node_modules/zod/v4/locales/az.d.ts
cfb3ebe34580912dfb02fd3c22dcc80213f29d0ad99062f30c0cf56a9f511258	4640	F	0644	research/spikes/cursor-sdk-tier1/node_modules/zod/v4/locales/az.js
ce1b703e307eb421fb7f562db294c77e4e8dfc9376be824fe62ee0c8784597f8	7818	F	0644	research/spikes/cursor-sdk-tier1/node_modules/zod/v4/locales/be.cjs
b42d3651103a532f7492e719a828647af97306b2356ae757ebb7f17f4a8c41e5	122	F	0644	research/spikes/cursor-sdk-tier1/node_modules/zod/v4/locales/be.d.cts
7ceb8bc679a90951354f89379bc37228e7cf87b753069cd7b62310d5cbbe1f11	121	F	0644	research/spikes/cursor-sdk-tier1/node_modules/zod/v4/locales/be.d.ts
b33d29e5b0f20b0520a8a05bbfcb1d96a43c205abac0f852d7e5e3eefc8450be	6676	F	0644	research/spikes/cursor-sdk-tier1/node_modules/zod/v4/locales/be.js
24f8907b01e99497ff32be812e46edebc3790d527e89cdf13c20522ae173be8f	6103	F	0644	research/spikes/cursor-sdk-tier1/node_modules/zod/v4/locales/ca.cjs
b42d3651103a532f7492e719a828647af97306b2356ae757ebb7f17f4a8c41e5	122	F	0644	research/spikes/cursor-sdk-tier1/node_modules/zod/v4/locales/ca.d.cts
7ceb8bc679a90951354f89379bc37228e7cf87b753069cd7b62310d5cbbe1f11	121	F	0644	research/spikes/cursor-sdk-tier1/node_modules/zod/v4/locales/ca.d.ts
e3f8525c1ed6a8c1fa6ae9e2871e1a7bd2aec67c89764d51ef920553042337e3	4961	F	0644	research/spikes/cursor-sdk-tier1/node_modules/zod/v4/locales/ca.js
cea3f01e42b7fa84fda172427f170c86209a4ae4be121e5893fa044dbbb032fa	6408	F	0644	research/spikes/cursor-sdk-tier1/node_modules/zod/v4/locales/cs.cjs
b42d3651103a532f7492e719a828647af97306b2356ae757ebb7f17f4a8c41e5	122	F	0644	research/spikes/cursor-sdk-tier1/node_modules/zod/v4/locales/cs.d.cts
7ceb8bc679a90951354f89379bc37228e7cf87b753069cd7b62310d5cbbe1f11	121	F	0644	research/spikes/cursor-sdk-tier1/node_modules/zod/v4/locales/cs.d.ts
ca1527d68c849ff85e65b8697688719dca8df431724d8f3a64831439017fc5ef	5266	F	0644	research/spikes/cursor-sdk-tier1/node_modules/zod/v4/locales/cs.js
6aab2d8ad315d52194ee7e9b55b6df9ff802f9394090d7e80e6a2434b3f4f80c	5814	F	0644	research/spikes/cursor-sdk-tier1/node_modules/zod/v4/locales/de.cjs
b42d3651103a532f7492e719a828647af97306b2356ae757ebb7f17f4a8c41e5	122	F	0644	research/spikes/cursor-sdk-tier1/node_modules/zod/v4/locales/de.d.cts
7ceb8bc679a90951354f89379bc37228e7cf87b753069cd7b62310d5cbbe1f11	121	F	0644	research/spikes/cursor-sdk-tier1/node_modules/zod/v4/locales/de.d.ts
5b416bd06886b8eeedf0de4f162725636cf4b4af286a439fd4fca6bfae26b717	4672	F	0644	research/spikes/cursor-sdk-tier1/node_modules/zod/v4/locales/de.js
05a540ad5c222aab1cb15d99fc2c0984140c27f9b761501fc0641a2d582be63a	5683	F	0644	research/spikes/cursor-sdk-tier1/node_modules/zod/v4/locales/en.cjs
26384fb401f582cae1234213c3dc75fdc80e3d728a0a1c55b405be8a0c6dddbe	178	F	0644	research/spikes/cursor-sdk-tier1/node_modules/zod/v4/locales/en.d.cts
3b25e966fd93475d8ca2834194ea78321d741a21ca9d1f606b25ec99c1bbc29a	177	F	0644	research/spikes/cursor-sdk-tier1/node_modules/zod/v4/locales/en.d.ts
e9c8a8c547a75b2c7e87a22387c21e8ae0592f849c7ebd2c92df9d23c6fb9f44	4473	F	0644	research/spikes/cursor-sdk-tier1/node_modules/zod/v4/locales/en.js
12df106b30a0f2e9d2c4256a5b39a29f7fd7d0f0e73ec573f06ddd8c1f3df898	5802	F	0644	research/spikes/cursor-sdk-tier1/node_modules/zod/v4/locales/eo.cjs
26384fb401f582cae1234213c3dc75fdc80e3d728a0a1c55b405be8a0c6dddbe	178	F	0644	research/spikes/cursor-sdk-tier1/node_modules/zod/v4/locales/eo.d.cts
3b25e966fd93475d8ca2834194ea78321d741a21ca9d1f606b25ec99c1bbc29a	177	F	0644	research/spikes/cursor-sdk-tier1/node_modules/zod/v4/locales/eo.d.ts
bbe19901c076716e9fa04400aa7020d4f15c7e574d31b5c351132f3ffc75ca55	4592	F	0644	research/spikes/cursor-sdk-tier1/node_modules/zod/v4/locales/eo.js
ee9915bde34667e08cdb18840aab8e2893afb63d5a7a2bbd8e0f6ddac990dfcf	5977	F	0644	research/spikes/cursor-sdk-tier1/node_modules/zod/v4/locales/es.cjs
b42d3651103a532f7492e719a828647af97306b2356ae757ebb7f17f4a8c41e5	122	F	0644	research/spikes/cursor-sdk-tier1/node_modules/zod/v4/locales/es.d.cts
7ceb8bc679a90951354f89379bc37228e7cf87b753069cd7b62310d5cbbe1f11	121	F	0644	research/spikes/cursor-sdk-tier1/node_modules/zod/v4/locales/es.d.ts
4800e7dc0b30d1558165b9317c1912f59340b5e202b55b512ef84c1b61a459c4	4835	F	0644	research/spikes/cursor-sdk-tier1/node_modules/zod/v4/locales/es.js
99c002877886ee7e88aff1629ce37e0016eef0dd81ea799848b07c936bdfd1a5	6317	F	0644	research/spikes/cursor-sdk-tier1/node_modules/zod/v4/locales/fa.cjs
b42d3651103a532f7492e719a828647af97306b2356ae757ebb7f17f4a8c41e5	122	F	0644	research/spikes/cursor-sdk-tier1/node_modules/zod/v4/locales/fa.d.cts
7ceb8bc679a90951354f89379bc37228e7cf87b753069cd7b62310d5cbbe1f11	121	F	0644	research/spikes/cursor-sdk-tier1/node_modules/zod/v4/locales/fa.d.ts
a7e02bbae31de8be066017ace75dc6651d22a7a9cb8fe98e0a6075d027a902db	5175	F	0644	research/spikes/cursor-sdk-tier1/node_modules/zod/v4/locales/fa.js
1d84b741b98d8b06f4a7ee4ed7dbbadd2a3c3cf3953a072ae417c64ddbd11826	6096	F	0644	research/spikes/cursor-sdk-tier1/node_modules/zod/v4/locales/fi.cjs
b42d3651103a532f7492e719a828647af97306b2356ae757ebb7f17f4a8c41e5	122	F	0644	research/spikes/cursor-sdk-tier1/node_modules/zod/v4/locales/fi.d.cts
7ceb8bc679a90951354f89379bc37228e7cf87b753069cd7b62310d5cbbe1f11	121	F	0644	research/spikes/cursor-sdk-tier1/node_modules/zod/v4/locales/fi.d.ts
6e4fe271feac955c71c8597a47c4467191e8146ad548d8d3dcd9564e6b5a86cd	4954	F	0644	research/spikes/cursor-sdk-tier1/node_modules/zod/v4/locales/fi.js
4f0b16dfc7142b0e7fd4f128c1f41a3d9fe0f0be76cfc8317944fbdfb85a53c9	5835	F	0644	research/spikes/cursor-sdk-tier1/node_modules/zod/v4/locales/fr-CA.cjs
b42d3651103a532f7492e719a828647af97306b2356ae757ebb7f17f4a8c41e5	122	F	0644	research/spikes/cursor-sdk-tier1/node_modules/zod/v4/locales/fr-CA.d.cts
7ceb8bc679a90951354f89379bc37228e7cf87b753069cd7b62310d5cbbe1f11	121	F	0644	research/spikes/cursor-sdk-tier1/node_modules/zod/v4/locales/fr-CA.d.ts
a2d5178451c0bd924d1e44cdbfa87109a3ababaf749eb1bc9db00039a2aa4cf4	4693	F	0644	research/spikes/cursor-sdk-tier1/node_modules/zod/v4/locales/fr-CA.js
3210bce2d73921d1a9adc91d2ce4901fb19499ac5aa4efc5608a00e0c3bd0154	5816	F	0644	research/spikes/cursor-sdk-tier1/node_modules/zod/v4/locales/fr.cjs
b42d3651103a532f7492e719a828647af97306b2356ae757ebb7f17f4a8c41e5	122	F	0644	research/spikes/cursor-sdk-tier1/node_modules/zod/v4/locales/fr.d.cts
7ceb8bc679a90951354f89379bc37228e7cf87b753069cd7b62310d5cbbe1f11	121	F	0644	research/spikes/cursor-sdk-tier1/node_modules/zod/v4/locales/fr.d.ts
e82a9f7655cd269e03fabfa04bb74096674dfec0ee61308c700eab6f2b7a9bb9	4674	F	0644	research/spikes/cursor-sdk-tier1/node_modules/zod/v4/locales/fr.js
daad533b666c77ff2451c63d208f67e4df0daa23cf32317dce820674564a37bb	6221	F	0644	research/spikes/cursor-sdk-tier1/node_modules/zod/v4/locales/he.cjs
b42d3651103a532f7492e719a828647af97306b2356ae757ebb7f17f4a8c41e5	122	F	0644	research/spikes/cursor-sdk-tier1/node_modules/zod/v4/locales/he.d.cts
7ceb8bc679a90951354f89379bc37228e7cf87b753069cd7b62310d5cbbe1f11	121	F	0644	research/spikes/cursor-sdk-tier1/node_modules/zod/v4/locales/he.d.ts
015ddb02e660e6fd950f26432c6a9748c84f0ef2dbacd9ebf7b7563ab35abba0	5079	F	0644	research/spikes/cursor-sdk-tier1/node_modules/zod/v4/locales/he.js
f8d3a661ee97b57197c86f951ffb9606180a650a6a3848f9cab344f61c6c0645	6016	F	0644	research/spikes/cursor-sdk-tier1/node_modules/zod/v4/locales/hu.cjs
b42d3651103a532f7492e719a828647af97306b2356ae757ebb7f17f4a8c41e5	122	F	0644	research/spikes/cursor-sdk-tier1/node_modules/zod/v4/locales/hu.d.cts
7ceb8bc679a90951354f89379bc37228e7cf87b753069cd7b62310d5cbbe1f11	121	F	0644	research/spikes/cursor-sdk-tier1/node_modules/zod/v4/locales/hu.d.ts
f5d7a779f7c4f2ea52bec6aca1c81f4c3a79924639727d2ca311a393ecfbb045	4874	F	0644	research/spikes/cursor-sdk-tier1/node_modules/zod/v4/locales/hu.js
1d535de8fa59171a10a1ed4c0c4cad6013d0df5376d50138f18278a3324ad2ee	5852	F	0644	research/spikes/cursor-sdk-tier1/node_modules/zod/v4/locales/id.cjs
b42d3651103a532f7492e719a828647af97306b2356ae757ebb7f17f4a8c41e5	122	F	0644	research/spikes/cursor-sdk-tier1/node_modules/zod/v4/locales/id.d.cts
7ceb8bc679a90951354f89379bc37228e7cf87b753069cd7b62310d5cbbe1f11	121	F	0644	research/spikes/cursor-sdk-tier1/node_modules/zod/v4/locales/id.d.ts
b67c815e4a8b91c178b610b5876083de40753f1811928e0a9682ff63223d88c6	4710	F	0644	research/spikes/cursor-sdk-tier1/node_modules/zod/v4/locales/id.js
12c5b26e519890276cb972aad91ac2882be07c2142b294db47c2eab1363e018a	6937	F	0644	research/spikes/cursor-sdk-tier1/node_modules/zod/v4/locales/index.cjs
03268b4d02371bdf514f513797ed3c9eb0840b0724ff6778bda0ef74c35273be	1655	F	0644	research/spikes/cursor-sdk-tier1/node_modules/zod/v4/locales/index.d.cts
44b79738199273eb8e74fd2d343dcb99f102cda7870fd1531f31d4a8a10810f5	1616	F	0644	research/spikes/cursor-sdk-tier1/node_modules/zod/v4/locales/index.d.ts
44b79738199273eb8e74fd2d343dcb99f102cda7870fd1531f31d4a8a10810f5	1616	F	0644	research/spikes/cursor-sdk-tier1/node_modules/zod/v4/locales/index.js
c61d01538a077ccfce593d770b828073b0eb3e54b2d6084010e0711e93a17dd9	5915	F	0644	research/spikes/cursor-sdk-tier1/node_modules/zod/v4/locales/it.cjs
b42d3651103a532f7492e719a828647af97306b2356ae757ebb7f17f4a8c41e5	122	F	0644	research/spikes/cursor-sdk-tier1/node_modules/zod/v4/locales/it.d.cts
7ceb8bc679a90951354f89379bc37228e7cf87b753069cd7b62310d5cbbe1f11	121	F	0644	research/spikes/cursor-sdk-tier1/node_modules/zod/v4/locales/it.d.ts
5e444bce52d1505992a9803bf3abd30b91ccf5b022a2a3c21a9885daa2b687f1	4773	F	0644	research/spikes/cursor-sdk-tier1/node_modules/zod/v4/locales/it.js
f0471954647a9cf3be5e80cc7b9b779490fefe34ea60aeb9a11d69408b5417da	6046	F	0644	research/spikes/cursor-sdk-tier1/node_modules/zod/v4/locales/ja.cjs
b42d3651103a532f7492e719a828647af97306b2356ae757ebb7f17f4a8c41e5	122	F	0644	research/spikes/cursor-sdk-tier1/node_modules/zod/v4/locales/ja.d.cts
7ceb8bc679a90951354f89379bc37228e7cf87b753069cd7b62310d5cbbe1f11	121	F	0644	research/spikes/cursor-sdk-tier1/node_modules/zod/v4/locales/ja.d.ts
c7ecc379e0230066cc25a63597506521e68a76987b6c99f0b861d5240ce1e7d4	4904	F	0644	research/spikes/cursor-sdk-tier1/node_modules/zod/v4/locales/ja.js
c1e711edc40d08a9362c9ab93f68c1844d7c6b17acffe6381760d32ca05b61ba	7368	F	0644	research/spikes/cursor-sdk-tier1/node_modules/zod/v4/locales/kh.cjs
b42d3651103a532f7492e719a828647af97306b2356ae757ebb7f17f4a8c41e5	122	F	0644	research/spikes/cursor-sdk-tier1/node_modules/zod/v4/locales/kh.d.cts
7ceb8bc679a90951354f89379bc37228e7cf87b753069cd7b62310d5cbbe1f11	121	F	0644	research/spikes/cursor-sdk-tier1/node_modules/zod/v4/locales/kh.d.ts
52059ef27113a2c5609014d8de482a6b7e644f1721691644f818ebc2aa50e6be	6226	F	0644	research/spikes/cursor-sdk-tier1/node_modules/zod/v4/locales/kh.js
0acd893fd8be561704faf1ef5c6a727b1629760f9277ee2e984ef339b8110cba	6182	F	0644	research/spikes/cursor-sdk-tier1/node_modules/zod/v4/locales/ko.cjs
b42d3651103a532f7492e719a828647af97306b2356ae757ebb7f17f4a8c41e5	122	F	0644	research/spikes/cursor-sdk-tier1/node_modules/zod/v4/locales/ko.d.cts
7ceb8bc679a90951354f89379bc37228e7cf87b753069cd7b62310d5cbbe1f11	121	F	0644	research/spikes/cursor-sdk-tier1/node_modules/zod/v4/locales/ko.d.ts
f87cdcf6b3f89762d1331a670cbff687aa52d34beb7d0e0bcba9f9202f667308	5040	F	0644	research/spikes/cursor-sdk-tier1/node_modules/zod/v4/locales/ko.js
7e94eefeea7f444e81115bb6cd183c3848936143dfdc28fbb60f4551188d1cb2	6475	F	0644	research/spikes/cursor-sdk-tier1/node_modules/zod/v4/locales/mk.cjs
b42d3651103a532f7492e719a828647af97306b2356ae757ebb7f17f4a8c41e5	122	F	0644	research/spikes/cursor-sdk-tier1/node_modules/zod/v4/locales/mk.d.cts
7ceb8bc679a90951354f89379bc37228e7cf87b753069cd7b62310d5cbbe1f11	121	F	0644	research/spikes/cursor-sdk-tier1/node_modules/zod/v4/locales/mk.d.ts
dc64be99e35535aa7ffd648182dd7cfe3a51be08ad373d3bd12907b08acde24b	5333	F	0644	research/spikes/cursor-sdk-tier1/node_modules/zod/v4/locales/mk.js
ccf6f885ccce21dbb2bdd325ed7171cd951543374b2a9f8c3aa2c893cac63e01	5744	F	0644	research/spikes/cursor-sdk-tier1/node_modules/zod/v4/locales/ms.cjs
b42d3651103a532f7492e719a828647af97306b2356ae757ebb7f17f4a8c41e5	122	F	0644	research/spikes/cursor-sdk-tier1/node_modules/zod/v4/locales/ms.d.cts
7ceb8bc679a90951354f89379bc37228e7cf87b753069cd7b62310d5cbbe1f11	121	F	0644	research/spikes/cursor-sdk-tier1/node_modules/zod/v4/locales/ms.d.ts
5bd7da46aa238951a3f65dfd99d658582005dbb6b6b5586866fc4123fe9da582	4602	F	0644	research/spikes/cursor-sdk-tier1/node_modules/zod/v4/locales/ms.js
f9c2ad5a3dc7969ced2b900b5a5886094e6f732afe1b4a8eb326aafc9ebbbb1d	5677	F	0644	research/spikes/cursor-sdk-tier1/node_modules/zod/v4/locales/nl.cjs
b42d3651103a532f7492e719a828647af97306b2356ae757ebb7f17f4a8c41e5	122	F	0644	research/spikes/cursor-sdk-tier1/node_modules/zod/v4/locales/nl.d.cts
7ceb8bc679a90951354f89379bc37228e7cf87b753069cd7b62310d5cbbe1f11	121	F	0644	research/spikes/cursor-sdk-tier1/node_modules/zod/v4/locales/nl.d.ts
b3bc897777d2ab5435c08dc65a75ec3e29f168b7e3fd70cbddd52a4960471712	4535	F	0644	research/spikes/cursor-sdk-tier1/node_modules/zod/v4/locales/nl.js
75a25bf8e06232dcd92e300d135e55403f53c84fefdf21ddfa2b200b951e473a	5740	F	0644	research/spikes/cursor-sdk-tier1/node_modules/zod/v4/locales/no.cjs
b42d3651103a532f7492e719a828647af97306b2356ae757ebb7f17f4a8c41e5	122	F	0644	research/spikes/cursor-sdk-tier1/node_modules/zod/v4/locales/no.d.cts
7ceb8bc679a90951354f89379bc37228e7cf87b753069cd7b62310d5cbbe1f11	121	F	0644	research/spikes/cursor-sdk-tier1/node_modules/zod/v4/locales/no.d.ts
c38a1e0b0cb4398fdabbffdbd1dd59a176535372f6af0226cfd6a600914f918a	4598	F	0644	research/spikes/cursor-sdk-tier1/node_modules/zod/v4/locales/no.js
e11bd7a19007026d543e2bb094339a62cff3fd252eb1b7853fa750a1834eff46	5846	F	0644	research/spikes/cursor-sdk-tier1/node_modules/zod/v4/locales/ota.cjs
b42d3651103a532f7492e719a828647af97306b2356ae757ebb7f17f4a8c41e5	122	F	0644	research/spikes/cursor-sdk-tier1/node_modules/zod/v4/locales/ota.d.cts
7ceb8bc679a90951354f89379bc37228e7cf87b753069cd7b62310d5cbbe1f11	121	F	0644	research/spikes/cursor-sdk-tier1/node_modules/zod/v4/locales/ota.d.ts
1a52c600e988011d30a150fac78176323a3ddf9d93db44cc13c665bca2ddc297	4704	F	0644	research/spikes/cursor-sdk-tier1/node_modules/zod/v4/locales/ota.js
1f7e8682ae34547e52034c36556847fce676aa336389b26a34a72833447e587c	6177	F	0644	research/spikes/cursor-sdk-tier1/node_modules/zod/v4/locales/pl.cjs
b42d3651103a532f7492e719a828647af97306b2356ae757ebb7f17f4a8c41e5	122	F	0644	research/spikes/cursor-sdk-tier1/node_modules/zod/v4/locales/pl.d.cts
7ceb8bc679a90951354f89379bc37228e7cf87b753069cd7b62310d5cbbe1f11	121	F	0644	research/spikes/cursor-sdk-tier1/node_modules/zod/v4/locales/pl.d.ts
482246e5da9d86498189e027bcc7e034b9c729dc07a875f78de3ec5ee47f0fc9	5035	F	0644	research/spikes/cursor-sdk-tier1/node_modules/zod/v4/locales/pl.js
07bc3c6b57345c5bd0d8fe661e653c2a81b9bc22b8531dc4ecbfe14a4f80fda9	6111	F	0644	research/spikes/cursor-sdk-tier1/node_modules/zod/v4/locales/ps.cjs
b42d3651103a532f7492e719a828647af97306b2356ae757ebb7f17f4a8c41e5	122	F	0644	research/spikes/cursor-sdk-tier1/node_modules/zod/v4/locales/ps.d.cts
7ceb8bc679a90951354f89379bc37228e7cf87b753069cd7b62310d5cbbe1f11	121	F	0644	research/spikes/cursor-sdk-tier1/node_modules/zod/v4/locales/ps.d.ts
29f11ca76393fc30b3f7aa0af116bd29a3caf07b09e3113bb16bd0b443339552	4969	F	0644	research/spikes/cursor-sdk-tier1/node_modules/zod/v4/locales/ps.js
2813096576a5a57a6123666d5e2a4d3cb80acfc187b1bbef644ecea6ca0e03e0	5800	F	0644	research/spikes/cursor-sdk-tier1/node_modules/zod/v4/locales/pt.cjs
b42d3651103a532f7492e719a828647af97306b2356ae757ebb7f17f4a8c41e5	122	F	0644	research/spikes/cursor-sdk-tier1/node_modules/zod/v4/locales/pt.d.cts
7ceb8bc679a90951354f89379bc37228e7cf87b753069cd7b62310d5cbbe1f11	121	F	0644	research/spikes/cursor-sdk-tier1/node_modules/zod/v4/locales/pt.d.ts
d9a033407c895b3cb239d7ae7c7946b7487a5c7c5988e4523fe338566190ac9d	4658	F	0644	research/spikes/cursor-sdk-tier1/node_modules/zod/v4/locales/pt.js
d71b028cc708028e4017aea1fdabf5639538eb096074debc2a845399e845da51	7915	F	0644	research/spikes/cursor-sdk-tier1/node_modules/zod/v4/locales/ru.cjs
b42d3651103a532f7492e719a828647af97306b2356ae757ebb7f17f4a8c41e5	122	F	0644	research/spikes/cursor-sdk-tier1/node_modules/zod/v4/locales/ru.d.cts
7ceb8bc679a90951354f89379bc37228e7cf87b753069cd7b62310d5cbbe1f11	121	F	0644	research/spikes/cursor-sdk-tier1/node_modules/zod/v4/locales/ru.d.ts
12ca3536916e5b947e920e29cd48fba0b1daf0712eff575b9ff43b1f15a4ed47	6773	F	0644	research/spikes/cursor-sdk-tier1/node_modules/zod/v4/locales/ru.js
bc37a95e0bff89dc6cf13588230c65359157c67d33d895586e6373077bc06a1e	5793	F	0644	research/spikes/cursor-sdk-tier1/node_modules/zod/v4/locales/sl.cjs
b42d3651103a532f7492e719a828647af97306b2356ae757ebb7f17f4a8c41e5	122	F	0644	research/spikes/cursor-sdk-tier1/node_modules/zod/v4/locales/sl.d.cts
7ceb8bc679a90951354f89379bc37228e7cf87b753069cd7b62310d5cbbe1f11	121	F	0644	research/spikes/cursor-sdk-tier1/node_modules/zod/v4/locales/sl.d.ts
a6513b3ae705f46deaf3adaf6e7d38642ccb2b8c9844e8d8086efb4d33876007	4651	F	0644	research/spikes/cursor-sdk-tier1/node_modules/zod/v4/locales/sl.js
cf0854a63af22dd8768701ab398991426f533e978a68b82970295d1377cd5962	5891	F	0644	research/spikes/cursor-sdk-tier1/node_modules/zod/v4/locales/sv.cjs
b42d3651103a532f7492e719a828647af97306b2356ae757ebb7f17f4a8c41e5	122	F	0644	research/spikes/cursor-sdk-tier1/node_modules/zod/v4/locales/sv.d.cts
7ceb8bc679a90951354f89379bc37228e7cf87b753069cd7b62310d5cbbe1f11	121	F	0644	research/spikes/cursor-sdk-tier1/node_modules/zod/v4/locales/sv.d.ts
132cb1f90932fd7f687a1f7b6f050a589c9e25dab5f78078d1a60bc981d91a1d	4749	F	0644	research/spikes/cursor-sdk-tier1/node_modules/zod/v4/locales/sv.js
484ecba05bb6fd942ffe346947f90d8c412506d990b53b7e6903dc5dee2037ab	7508	F	0644	research/spikes/cursor-sdk-tier1/node_modules/zod/v4/locales/ta.cjs
b42d3651103a532f7492e719a828647af97306b2356ae757ebb7f17f4a8c41e5	122	F	0644	research/spikes/cursor-sdk-tier1/node_modules/zod/v4/locales/ta.d.cts
7ceb8bc679a90951354f89379bc37228e7cf87b753069cd7b62310d5cbbe1f11	121	F	0644	research/spikes/cursor-sdk-tier1/node_modules/zod/v4/locales/ta.d.ts
8ceaba6e203b9fc6ff2ef8062f5fe0677c38a06aee0e2eaee4f5c6b6d4c92bad	6366	F	0644	research/spikes/cursor-sdk-tier1/node_modules/zod/v4/locales/ta.js
3dd0fc1a1d888d6d4266722ed303a6a999954648b3f499eca83c67e00bff332c	7454	F	0644	research/spikes/cursor-sdk-tier1/node_modules/zod/v4/locales/th.cjs
b42d3651103a532f7492e719a828647af97306b2356ae757ebb7f17f4a8c41e5	122	F	0644	research/spikes/cursor-sdk-tier1/node_modules/zod/v4/locales/th.d.cts
7ceb8bc679a90951354f89379bc37228e7cf87b753069cd7b62310d5cbbe1f11	121	F	0644	research/spikes/cursor-sdk-tier1/node_modules/zod/v4/locales/th.d.ts
0c219854cfd59b9c7fac532130c2d8a3c344a493dd3c361b60d2fadea4afa45b	6312	F	0644	research/spikes/cursor-sdk-tier1/node_modules/zod/v4/locales/th.js
28ca52e08a6f4a9433d6302fd2e075b4173ba71fb3ad89c9c6772889d559dad8	5728	F	0644	research/spikes/cursor-sdk-tier1/node_modules/zod/v4/locales/tr.cjs
26384fb401f582cae1234213c3dc75fdc80e3d728a0a1c55b405be8a0c6dddbe	178	F	0644	research/spikes/cursor-sdk-tier1/node_modules/zod/v4/locales/tr.d.cts
3b25e966fd93475d8ca2834194ea78321d741a21ca9d1f606b25ec99c1bbc29a	177	F	0644	research/spikes/cursor-sdk-tier1/node_modules/zod/v4/locales/tr.d.ts
5899564068c44d6321135e441c8841a0c87fcee7f1c2ffb6e075c81b861a5963	4518	F	0644	research/spikes/cursor-sdk-tier1/node_modules/zod/v4/locales/tr.js
e0706edc1eaf7f8d05a4eac9a9943d191cd52ccb9922378d683713fb4867f273	6773	F	0644	research/spikes/cursor-sdk-tier1/node_modules/zod/v4/locales/ua.cjs
b42d3651103a532f7492e719a828647af97306b2356ae757ebb7f17f4a8c41e5	122	F	0644	research/spikes/cursor-sdk-tier1/node_modules/zod/v4/locales/ua.d.cts
7ceb8bc679a90951354f89379bc37228e7cf87b753069cd7b62310d5cbbe1f11	121	F	0644	research/spikes/cursor-sdk-tier1/node_modules/zod/v4/locales/ua.d.ts
67a00c4c9a06d6a9c84c5d598230d28a9be97eeb023c455c4300bcbb67f85baf	5631	F	0644	research/spikes/cursor-sdk-tier1/node_modules/zod/v4/locales/ua.js
6ce4c8137d82f4fa97b79fbcdb1fd7dd9503e2cbf6ac50fc28ef195dfd05b13d	6458	F	0644	research/spikes/cursor-sdk-tier1/node_modules/zod/v4/locales/ur.cjs
b42d3651103a532f7492e719a828647af97306b2356ae757ebb7f17f4a8c41e5	122	F	0644	research/spikes/cursor-sdk-tier1/node_modules/zod/v4/locales/ur.d.cts
7ceb8bc679a90951354f89379bc37228e7cf87b753069cd7b62310d5cbbe1f11	121	F	0644	research/spikes/cursor-sdk-tier1/node_modules/zod/v4/locales/ur.d.ts
673c79cb79ea713c7db86a20d69e8e7276bbc5aa9877c1b9f1230e309aa30ac8	5316	F	0644	research/spikes/cursor-sdk-tier1/node_modules/zod/v4/locales/ur.js
121a90286a857d61a963f7e510922ebd01800ff6303863e38716ed4ab686322b	5977	F	0644	research/spikes/cursor-sdk-tier1/node_modules/zod/v4/locales/vi.cjs
b42d3651103a532f7492e719a828647af97306b2356ae757ebb7f17f4a8c41e5	122	F	0644	research/spikes/cursor-sdk-tier1/node_modules/zod/v4/locales/vi.d.cts
7ceb8bc679a90951354f89379bc37228e7cf87b753069cd7b62310d5cbbe1f11	121	F	0644	research/spikes/cursor-sdk-tier1/node_modules/zod/v4/locales/vi.d.ts
669dc347036da69f481fd43aaf60c24badb4ff52906aa59ea86735028274ac5c	4835	F	0644	research/spikes/cursor-sdk-tier1/node_modules/zod/v4/locales/vi.js
089a9a52212e12f3891cc00c403df474312ec1ec119bd465f446edc6a9cea66c	5669	F	0644	research/spikes/cursor-sdk-tier1/node_modules/zod/v4/locales/zh-CN.cjs
b42d3651103a532f7492e719a828647af97306b2356ae757ebb7f17f4a8c41e5	122	F	0644	research/spikes/cursor-sdk-tier1/node_modules/zod/v4/locales/zh-CN.d.cts
7ceb8bc679a90951354f89379bc37228e7cf87b753069cd7b62310d5cbbe1f11	121	F	0644	research/spikes/cursor-sdk-tier1/node_modules/zod/v4/locales/zh-CN.d.ts
88dd19ebe066ad328ce315b9da17d8c6dbe76a44bda9b48128809d864392637a	4527	F	0644	research/spikes/cursor-sdk-tier1/node_modules/zod/v4/locales/zh-CN.js
dd18b87e19518599acd086f1db497fcb5ded7cf9d1656328d0710d40d083b5d1	5770	F	0644	research/spikes/cursor-sdk-tier1/node_modules/zod/v4/locales/zh-TW.cjs
b42d3651103a532f7492e719a828647af97306b2356ae757ebb7f17f4a8c41e5	122	F	0644	research/spikes/cursor-sdk-tier1/node_modules/zod/v4/locales/zh-TW.d.cts
7ceb8bc679a90951354f89379bc37228e7cf87b753069cd7b62310d5cbbe1f11	121	F	0644	research/spikes/cursor-sdk-tier1/node_modules/zod/v4/locales/zh-TW.d.ts
40d3639fd0b600c2eea303d359f36dcb34ccaceccbb27c00fabfd1d6d5761415	4628	F	0644	research/spikes/cursor-sdk-tier1/node_modules/zod/v4/locales/zh-TW.js
751987cbe8e6346d30c25dc3ca04643e3ab7301a83cf31d0ee0ecf4dfb8b9149	4141	F	0644	research/spikes/cursor-sdk-tier1/node_modules/zod/v4/mini/checks.cjs
ffcc1e3d8a6c4a3dcc6291d1f559f6853d2cbdb3df8c7e57eb99059c90d89925	677	F	0644	research/spikes/cursor-sdk-tier1/node_modules/zod/v4/mini/checks.d.cts
3fbf0aa59f99b6e4d640cd2b062cff9537530af3f5bfed4f862a7f18a9caa839	676	F	0644	research/spikes/cursor-sdk-tier1/node_modules/zod/v4/mini/checks.d.ts
3fbf0aa59f99b6e4d640cd2b062cff9537530af3f5bfed4f862a7f18a9caa839	676	F	0644	research/spikes/cursor-sdk-tier1/node_modules/zod/v4/mini/checks.js
6dca70ae45d9a876d730898fada9316a066944d6dfd90d92c43fb10c6bb6b2b2	1792	F	0644	research/spikes/cursor-sdk-tier1/node_modules/zod/v4/mini/coerce.cjs
d50434c282f9e0cfe9d728f6e7a12988bfc6de7be655f40ad44d6bee6f9fe9a3	642	F	0644	research/spikes/cursor-sdk-tier1/node_modules/zod/v4/mini/coerce.d.cts
ddbf61f8fb60c82085677c1ea3393c534f3885f61ff7ebb4559575a03f82a4cf	640	F	0644	research/spikes/cursor-sdk-tier1/node_modules/zod/v4/mini/coerce.d.ts
ef3cb07ee9217997976afe9e2639d63eb4b926ef58a5fb9c24ac80855e529a93	570	F	0644	research/spikes/cursor-sdk-tier1/node_modules/zod/v4/mini/coerce.js
89319ff8b1f7eaf413c723bd269051b0d1e48207db883e80bb620a0a68ecc54b	4774	F	0644	research/spikes/cursor-sdk-tier1/node_modules/zod/v4/mini/external.cjs
8f124c009675bd9936f3d0a838cea1331af916d5ea1b5e54867b9ed6c8d53105	678	F	0644	research/spikes/cursor-sdk-tier1/node_modules/zod/v4/mini/external.d.cts
7ec5cf4fa3de5c9c1ce45572e54400dabffe25842fd55cd874a30530a0d5b418	668	F	0644	research/spikes/cursor-sdk-tier1/node_modules/zod/v4/mini/external.d.ts
ebb2bea289e0958187128a4c59cf27d744e94b00e7d1aad472989aed27a1f7aa	660	F	0644	research/spikes/cursor-sdk-tier1/node_modules/zod/v4/mini/external.js
2a1c77f9c68bd47cd079ea601248dad70025528bc1062c2c657444000edabcac	1443	F	0644	research/spikes/cursor-sdk-tier1/node_modules/zod/v4/mini/index.cjs
0f29e474ba3555dd52ad61783dc6277683dd19c36473589d6fe2d29e06d99f5a	83	F	0644	research/spikes/cursor-sdk-tier1/node_modules/zod/v4/mini/index.d.cts
455d93e660b61feec18cd4c31e2f394627546ae8ab31f9bacdab6318112ac31c	81	F	0644	research/spikes/cursor-sdk-tier1/node_modules/zod/v4/mini/index.d.ts
455d93e660b61feec18cd4c31e2f394627546ae8ab31f9bacdab6318112ac31c	81	F	0644	research/spikes/cursor-sdk-tier1/node_modules/zod/v4/mini/index.js
b461dc1b91755b88cd22a50b54d1ab8b515357343bb20c7b7e68e1c2ea2b5ba8	2481	F	0644	research/spikes/cursor-sdk-tier1/node_modules/zod/v4/mini/iso.cjs
17a9a3fe407d0e6bfc00f7e480e6090efd455cd1ce4204572543d0492d17a721	1257	F	0644	research/spikes/cursor-sdk-tier1/node_modules/zod/v4/mini/iso.d.cts
3f2f3b037cd2ba39395aa6628fb616f4642ae8cbab3b0f9ef786213745538658	1255	F	0644	research/spikes/cursor-sdk-tier1/node_modules/zod/v4/mini/iso.d.ts
1829996a8bbebfce7e4e6ca384e3ef6aeb2d88cda5ae7f7eeec24904ba688cef	1203	F	0644	research/spikes/cursor-sdk-tier1/node_modules/zod/v4/mini/iso.js
2240081c5a1840f004f037fa2126a33591cd080d69eb297b98704f153c74a1bd	690	F	0644	research/spikes/cursor-sdk-tier1/node_modules/zod/v4/mini/parse.cjs
a9296d98580f0c7d5a23fb220bb503aabac84e79283cdd88b33cc697d8969414	82	F	0644	research/spikes/cursor-sdk-tier1/node_modules/zod/v4/mini/parse.d.cts
282c7c34b3d3e64894fd94c26ab4fda015cc4abbb040881463f30b405082b4c3	81	F	0644	research/spikes/cursor-sdk-tier1/node_modules/zod/v4/mini/parse.d.ts
282c7c34b3d3e64894fd94c26ab4fda015cc4abbb040881463f30b405082b4c3	81	F	0644	research/spikes/cursor-sdk-tier1/node_modules/zod/v4/mini/parse.js
bc620eb1f56fd316da6ffc00d53df3f5d3d5809ab0cfd6e367f7f63de1e68cc5	28494	F	0644	research/spikes/cursor-sdk-tier1/node_modules/zod/v4/mini/schemas.cjs
285ffafa2db1e606b892f88ff09fba680ea7dbf192e2fd6672af114d30d1d958	26107	F	0644	research/spikes/cursor-sdk-tier1/node_modules/zod/v4/mini/schemas.d.cts
e9183ad584ded2e3bfe3e893ba645a3cde147962c3ff74f85b3efcc4db53e2a2	26105	F	0644	research/spikes/cursor-sdk-tier1/node_modules/zod/v4/mini/schemas.d.ts
6d5ca49631a07a7da3624743b0977ea3e3a32b2a9319183bd58f5f31a3f4cfab	24070	F	0644	research/spikes/cursor-sdk-tier1/node_modules/zod/v4/mini/schemas.js
c3ef916ed5e1bb397f04352f010f97961e98f610c13ecc05c25a384ef0e5a5a2	813	F	0644	research/spikes/cursor-sdk-tier1/node_modules/zod/v4-mini/index.cjs
d34c4532b0004150342d04ab1a6f61d19751c4fc7c465c72ec582b180b0904c0	38	F	0644	research/spikes/cursor-sdk-tier1/node_modules/zod/v4-mini/index.d.cts
cf94ca2939d655e17fdfd1d0a3aceb4cbeb040d8946e9c9c1eaa5cc734dc69c8	37	F	0644	research/spikes/cursor-sdk-tier1/node_modules/zod/v4-mini/index.d.ts
cf94ca2939d655e17fdfd1d0a3aceb4cbeb040d8946e9c9c1eaa5cc734dc69c8	37	F	0644	research/spikes/cursor-sdk-tier1/node_modules/zod/v4-mini/index.js
95b4a7568fce0aa1e6d2cd1c005941ee2d32759c0f0d61e705e49f16706c5f76	7089	F	0644	research/spikes/cursor-sdk-tier1/package-lock.json
82056dcd5b73dee00b03c6827edb3a444c23556715518afcda4d9e88393f023a	323	F	0644	research/spikes/cursor-sdk-tier1/package.json
e1fcf154f0d746d79c8fbecc8feda4aecdaa10a6b2e6722d7ddf9e7f8bf47695	6845	F	0644	research/spikes/cursor-sdk-tier1/spike.mjs
5011403114bf9ec35c10d5b5c415b1728d418dd07df1df39fa586c2e6d16d944	13572	F	0644	research/voice-call-channel-scan-2026-07.md
edb878fcefd927523521b53940724961b0090c8b7324655519c511f3caaed8e0	14828	F	0644	research/voice-model-tech-scan-2026-07.md
73f3c78e30e27f90371b6d7c59b182b50ef8b8024a6e1eb8cd8879fbb5f4511a	19041	F	0644	saydo-review-readback.cursor.md
b21702669f41eb9d1fdca10638366e1d56e4f1fc3ddde11558290153e062165f	55532	F	0644	saydo-value-gaps-review.cursor.md
a0103b17e7b548552b1150715041249d9e395275b314f409665120dac45324f4	4697	F	0644	templates/saydo.config.dev.example.toml
450dda4323cc7ac37f0000677545fb6babbd053e5a4a235b8aedd13fd2cefe1c	9070	F	0644	templates/saydo.config.example.toml
fb9e42df7c31c5c711f9d06aab6a8eeeea6755cabb00d94f910d6c2eee4fbf3a	2334	F	0644	templates/saydo.env.example
